USE strangerdb;
SET FOREIGN_KEY_CHECKS = 0;
TRUNCATE TABLE Event_Documented_By_Report;
TRUNCATE TABLE Event_Affects_Artifact;
TRUNCATE TABLE Event_Involves_Entity;
TRUNCATE TABLE Entity_Appearance;
TRUNCATE TABLE Victim_Record;
TRUNCATE TABLE Experiment;
TRUNCATE TABLE Report_Details;
TRUNCATE TABLE Report;
TRUNCATE TABLE Artifact;
TRUNCATE TABLE Mind_Entity;
TRUNCATE TABLE Shadow_Creature;
TRUNCATE TABLE Monster;
TRUNCATE TABLE Entity;
TRUNCATE TABLE Event;
TRUNCATE TABLE Portal;
TRUNCATE TABLE Psychic_Subject;
TRUNCATE TABLE Victim;
TRUNCATE TABLE Agent;
TRUNCATE TABLE Researcher;
TRUNCATE TABLE Person;
TRUNCATE TABLE UpsideDown_Location;
TRUNCATE TABLE Surface_Location;
TRUNCATE TABLE Location;
SET FOREIGN_KEY_CHECKS = 1;

INSERT INTO Location (Location_ID, Name, World_Type, Risk_Level, Description, Links_To, Discovered_On, Coordinate_X, Coordinate_Y) VALUES (1, 'Hawkins Lab', 'Normal', 1, 'Hawkins Lab (Normal) procedural site', NULL, '1979-12-04', -83.516899, 41.489784);
INSERT INTO Location (Location_ID, Name, World_Type, Risk_Level, Description, Links_To, Discovered_On, Coordinate_X, Coordinate_Y) VALUES (2, 'Hawkins Forest', 'Normal', 9, 'Hawkins Forest (Normal) procedural site', 1, '1979-09-20', -84.826122, 41.843844);
INSERT INTO Location (Location_ID, Name, World_Type, Risk_Level, Description, Links_To, Discovered_On, Coordinate_X, Coordinate_Y) VALUES (3, 'Byers House', 'UpsideDown', 7, 'Byers House (UpsideDown) procedural site', 2, '1982-05-26', -83.567961, 42.40265);
INSERT INTO Location (Location_ID, Name, World_Type, Risk_Level, Description, Links_To, Discovered_On, Coordinate_X, Coordinate_Y) VALUES (4, 'Hawkins Town Square', 'Normal', 3, 'Hawkins Town Square (Normal) procedural site', 2, '1978-02-13', -83.603721, 41.680501);
INSERT INTO Location (Location_ID, Name, World_Type, Risk_Level, Description, Links_To, Discovered_On, Coordinate_X, Coordinate_Y) VALUES (5, 'Hawkins Sewer', 'UpsideDown', 8, 'Hawkins Sewer (UpsideDown) procedural site', NULL, '1982-02-13', -83.792548, 42.614257);
INSERT INTO Location (Location_ID, Name, World_Type, Risk_Level, Description, Links_To, Discovered_On, Coordinate_X, Coordinate_Y) VALUES (6, 'Warehouse 17', 'UpsideDown', 8, 'Warehouse 17 (UpsideDown) procedural site', NULL, '1982-04-23', -83.341191, 42.23704);
INSERT INTO Location (Location_ID, Name, World_Type, Risk_Level, Description, Links_To, Discovered_On, Coordinate_X, Coordinate_Y) VALUES (7, 'Hawkins High School', 'UpsideDown', 7, 'Hawkins High School (UpsideDown) procedural site', NULL, '1978-07-09', -83.453863, 42.970443);
INSERT INTO Location (Location_ID, Name, World_Type, Risk_Level, Description, Links_To, Discovered_On, Coordinate_X, Coordinate_Y) VALUES (8, 'Mirkwood Estate', 'Normal', 6, 'Mirkwood Estate (Normal) procedural site', NULL, '1978-10-21', -84.674692, 41.710541);
INSERT INTO Location (Location_ID, Name, World_Type, Risk_Level, Description, Links_To, Discovered_On, Coordinate_X, Coordinate_Y) VALUES (9, 'Crestwood Trailer Park', 'UpsideDown', 7, 'Crestwood Trailer Park (UpsideDown) procedural site', NULL, '1982-04-22', -84.673195, 41.758911);
INSERT INTO Location (Location_ID, Name, World_Type, Risk_Level, Description, Links_To, Discovered_On, Coordinate_X, Coordinate_Y) VALUES (10, 'Old Mill', 'Normal', 1, 'Old Mill (Normal) procedural site', 5, '1978-04-19', -84.541904, 41.0642);
INSERT INTO Location (Location_ID, Name, World_Type, Risk_Level, Description, Links_To, Discovered_On, Coordinate_X, Coordinate_Y) VALUES (11, 'Hawkins Diner', 'Normal', 6, 'Hawkins Diner (Normal) procedural site', NULL, '1981-03-09', -84.574747, 41.998463);
INSERT INTO Location (Location_ID, Name, World_Type, Risk_Level, Description, Links_To, Discovered_On, Coordinate_X, Coordinate_Y) VALUES (12, 'Library', 'UpsideDown', 10, 'Library (UpsideDown) procedural site', 10, '1981-06-08', -83.922045, 42.494028);
INSERT INTO Location (Location_ID, Name, World_Type, Risk_Level, Description, Links_To, Discovered_On, Coordinate_X, Coordinate_Y) VALUES (13, 'Eastwood Park', 'Normal', 3, 'Eastwood Park (Normal) procedural site', 2, '1979-11-06', -83.980947, 41.181819);
INSERT INTO Location (Location_ID, Name, World_Type, Risk_Level, Description, Links_To, Discovered_On, Coordinate_X, Coordinate_Y) VALUES (14, 'Riverside Bridge', 'Normal', 7, 'Riverside Bridge (Normal) procedural site', 8, '1982-05-18', -83.807182, 41.769535);
INSERT INTO Location (Location_ID, Name, World_Type, Risk_Level, Description, Links_To, Discovered_On, Coordinate_X, Coordinate_Y) VALUES (15, 'St. Mary''s Church', 'Normal', 1, 'St. Mary''s Church (Normal) procedural site', NULL, '1980-11-11', -83.639433, 41.229103);
INSERT INTO Location (Location_ID, Name, World_Type, Risk_Level, Description, Links_To, Discovered_On, Coordinate_X, Coordinate_Y) VALUES (16, 'Police Station', 'UpsideDown', 9, 'Police Station (UpsideDown) procedural site', NULL, '1980-09-25', -84.683684, 41.006491);
INSERT INTO Location (Location_ID, Name, World_Type, Risk_Level, Description, Links_To, Discovered_On, Coordinate_X, Coordinate_Y) VALUES (17, 'Railway Yard', 'UpsideDown', 6, 'Railway Yard (UpsideDown) procedural site', NULL, '1982-04-05', -83.258963, 41.59689);
INSERT INTO Location (Location_ID, Name, World_Type, Risk_Level, Description, Links_To, Discovered_On, Coordinate_X, Coordinate_Y) VALUES (18, 'Abandoned Mine', 'Normal', 3, 'Abandoned Mine (Normal) procedural site', 1, '1982-06-16', -83.921242, 42.557253);
INSERT INTO Location (Location_ID, Name, World_Type, Risk_Level, Description, Links_To, Discovered_On, Coordinate_X, Coordinate_Y) VALUES (19, 'Municipal Waterworks', 'UpsideDown', 8, 'Municipal Waterworks (UpsideDown) procedural site', 2, '1979-10-03', -83.242556, 42.663331);
INSERT INTO Location (Location_ID, Name, World_Type, Risk_Level, Description, Links_To, Discovered_On, Coordinate_X, Coordinate_Y) VALUES (20, 'Hydro Plant', 'UpsideDown', 9, 'Hydro Plant (UpsideDown) procedural site', 5, '1979-11-16', -83.367953, 42.955969);
INSERT INTO Location (Location_ID, Name, World_Type, Risk_Level, Description, Links_To, Discovered_On, Coordinate_X, Coordinate_Y) VALUES (21, 'South Ridge', 'Normal', 3, 'South Ridge (Normal) procedural site', 7, '1982-12-23', -84.469887, 42.744866);
INSERT INTO Location (Location_ID, Name, World_Type, Risk_Level, Description, Links_To, Discovered_On, Coordinate_X, Coordinate_Y) VALUES (22, 'North Quarry', 'UpsideDown', 8, 'North Quarry (UpsideDown) procedural site', 17, '1981-02-08', -84.202015, 42.343374);
INSERT INTO Location (Location_ID, Name, World_Type, Risk_Level, Description, Links_To, Discovered_On, Coordinate_X, Coordinate_Y) VALUES (23, 'Lagoon', 'Normal', 6, 'Lagoon (Normal) procedural site', 1, '1978-12-21', -84.957931, 42.107843);
INSERT INTO Location (Location_ID, Name, World_Type, Risk_Level, Description, Links_To, Discovered_On, Coordinate_X, Coordinate_Y) VALUES (24, 'Groves Farm', 'UpsideDown', 6, 'Groves Farm (UpsideDown) procedural site', 8, '1980-11-16', -83.18916, 42.719271);
INSERT INTO Location (Location_ID, Name, World_Type, Risk_Level, Description, Links_To, Discovered_On, Coordinate_X, Coordinate_Y) VALUES (25, 'Mill Road', 'UpsideDown', 7, 'Mill Road (UpsideDown) procedural site', 8, '1981-07-07', -83.553295, 42.764766);
INSERT INTO Location (Location_ID, Name, World_Type, Risk_Level, Description, Links_To, Discovered_On, Coordinate_X, Coordinate_Y) VALUES (26, 'Pinecrest', 'UpsideDown', 9, 'Pinecrest (UpsideDown) procedural site', NULL, '1978-11-21', -84.291405, 41.822205);
INSERT INTO Location (Location_ID, Name, World_Type, Risk_Level, Description, Links_To, Discovered_On, Coordinate_X, Coordinate_Y) VALUES (27, 'Sunset Motel', 'Normal', 2, 'Sunset Motel (Normal) procedural site', NULL, '1978-04-07', -84.878775, 42.456427);
INSERT INTO Location (Location_ID, Name, World_Type, Risk_Level, Description, Links_To, Discovered_On, Coordinate_X, Coordinate_Y) VALUES (28, 'Old Coal Depot', 'UpsideDown', 9, 'Old Coal Depot (UpsideDown) procedural site', 3, '1981-09-04', -84.719635, 41.366976);
INSERT INTO Location (Location_ID, Name, World_Type, Risk_Level, Description, Links_To, Discovered_On, Coordinate_X, Coordinate_Y) VALUES (29, 'Graveyard', 'UpsideDown', 10, 'Graveyard (UpsideDown) procedural site', NULL, '1979-03-14', -83.327945, 42.937993);
INSERT INTO Location (Location_ID, Name, World_Type, Risk_Level, Description, Links_To, Discovered_On, Coordinate_X, Coordinate_Y) VALUES (30, 'Elm Street', 'Normal', 4, 'Elm Street (Normal) procedural site', 1, '1981-05-26', -83.270699, 42.804886);
INSERT INTO Location (Location_ID, Name, World_Type, Risk_Level, Description, Links_To, Discovered_On, Coordinate_X, Coordinate_Y) VALUES (31, 'Black Hollow', 'Normal', 5, 'Black Hollow (Normal) procedural site', NULL, '1982-11-23', -84.153985, 42.914635);
INSERT INTO Location (Location_ID, Name, World_Type, Risk_Level, Description, Links_To, Discovered_On, Coordinate_X, Coordinate_Y) VALUES (32, 'Hawkins Marina', 'Normal', 4, 'Hawkins Marina (Normal) procedural site', 18, '1978-12-11', -84.406584, 42.937419);
INSERT INTO Location (Location_ID, Name, World_Type, Risk_Level, Description, Links_To, Discovered_On, Coordinate_X, Coordinate_Y) VALUES (33, 'Reservoir Dam', 'UpsideDown', 10, 'Reservoir Dam (UpsideDown) procedural site', 4, '1982-02-28', -84.046423, 42.838774);
INSERT INTO Location (Location_ID, Name, World_Type, Risk_Level, Description, Links_To, Discovered_On, Coordinate_X, Coordinate_Y) VALUES (34, 'Industrial Park', 'UpsideDown', 10, 'Industrial Park (UpsideDown) procedural site', 16, '1982-10-02', -84.864078, 42.723638);
INSERT INTO Location (Location_ID, Name, World_Type, Risk_Level, Description, Links_To, Discovered_On, Coordinate_X, Coordinate_Y) VALUES (35, 'Coachman''s Inn', 'Normal', 7, 'Coachman''s Inn (Normal) procedural site', 17, '1979-11-23', -83.685254, 42.130454);
INSERT INTO Location (Location_ID, Name, World_Type, Risk_Level, Description, Links_To, Discovered_On, Coordinate_X, Coordinate_Y) VALUES (36, 'Main Street Plaza', 'Normal', 5, 'Main Street Plaza (Normal) procedural site', 21, '1978-01-15', -84.208428, 42.34338);
INSERT INTO Location (Location_ID, Name, World_Type, Risk_Level, Description, Links_To, Discovered_On, Coordinate_X, Coordinate_Y) VALUES (37, 'Glassworks', 'Normal', 2, 'Glassworks (Normal) procedural site', 23, '1978-04-12', -84.853479, 41.426309);
INSERT INTO Location (Location_ID, Name, World_Type, Risk_Level, Description, Links_To, Discovered_On, Coordinate_X, Coordinate_Y) VALUES (38, 'Hawkins Observatory', 'Normal', 8, 'Hawkins Observatory (Normal) procedural site', NULL, '1982-01-22', -83.33251, 42.40708);
INSERT INTO Location (Location_ID, Name, World_Type, Risk_Level, Description, Links_To, Discovered_On, Coordinate_X, Coordinate_Y) VALUES (39, 'East Dock', 'Normal', 5, 'East Dock (Normal) procedural site', NULL, '1980-02-04', -83.136488, 41.207173);
INSERT INTO Location (Location_ID, Name, World_Type, Risk_Level, Description, Links_To, Discovered_On, Coordinate_X, Coordinate_Y) VALUES (40, 'Westfield Mall', 'Normal', 3, 'Westfield Mall (Normal) procedural site', NULL, '1979-11-21', -84.455304, 42.20966);
INSERT INTO Location (Location_ID, Name, World_Type, Risk_Level, Description, Links_To, Discovered_On, Coordinate_X, Coordinate_Y) VALUES (41, 'Oakridge Cemetery', 'Normal', 9, 'Oakridge Cemetery (Normal) procedural site', NULL, '1978-11-14', -84.022936, 42.810673);
INSERT INTO Location (Location_ID, Name, World_Type, Risk_Level, Description, Links_To, Discovered_On, Coordinate_X, Coordinate_Y) VALUES (42, 'Pier 7', 'Normal', 1, 'Pier 7 (Normal) procedural site', NULL, '1980-03-24', -84.992909, 42.542238);
INSERT INTO Location (Location_ID, Name, World_Type, Risk_Level, Description, Links_To, Discovered_On, Coordinate_X, Coordinate_Y) VALUES (43, 'Old Lighthouse', 'Normal', 7, 'Old Lighthouse (Normal) procedural site', NULL, '1979-09-02', -83.878186, 41.223748);
INSERT INTO Location (Location_ID, Name, World_Type, Risk_Level, Description, Links_To, Discovered_On, Coordinate_X, Coordinate_Y) VALUES (44, 'Greenhouse 6', 'Normal', 9, 'Greenhouse 6 (Normal) procedural site', 3, '1980-04-22', -84.703812, 41.254891);
INSERT INTO Location (Location_ID, Name, World_Type, Risk_Level, Description, Links_To, Discovered_On, Coordinate_X, Coordinate_Y) VALUES (45, 'Carter''s Warehouse', 'Normal', 2, 'Carter''s Warehouse (Normal) procedural site', NULL, '1982-12-05', -84.292643, 42.119767);
INSERT INTO Location (Location_ID, Name, World_Type, Risk_Level, Description, Links_To, Discovered_On, Coordinate_X, Coordinate_Y) VALUES (46, 'Maple Residence', 'Normal', 4, 'Maple Residence (Normal) procedural site', NULL, '1981-01-06', -83.270789, 42.952412);
INSERT INTO Location (Location_ID, Name, World_Type, Risk_Level, Description, Links_To, Discovered_On, Coordinate_X, Coordinate_Y) VALUES (47, 'Thompson Bridge', 'Normal', 6, 'Thompson Bridge (Normal) procedural site', NULL, '1979-05-06', -83.435227, 41.823426);
INSERT INTO Location (Location_ID, Name, World_Type, Risk_Level, Description, Links_To, Discovered_On, Coordinate_X, Coordinate_Y) VALUES (48, 'Lakeside Cabin', 'Normal', 2, 'Lakeside Cabin (Normal) procedural site', 13, '1981-06-10', -84.234917, 41.077449);
INSERT INTO Location (Location_ID, Name, World_Type, Risk_Level, Description, Links_To, Discovered_On, Coordinate_X, Coordinate_Y) VALUES (49, 'Ridgeview Park', 'Normal', 4, 'Ridgeview Park (Normal) procedural site', 18, '1978-05-12', -84.554153, 42.320066);
INSERT INTO Location (Location_ID, Name, World_Type, Risk_Level, Description, Links_To, Discovered_On, Coordinate_X, Coordinate_Y) VALUES (50, 'Hawkins Power Station', 'Normal', 7, 'Hawkins Power Station (Normal) procedural site', 2, '1978-05-06', -83.640964, 42.687322);
INSERT INTO Location (Location_ID, Name, World_Type, Risk_Level, Description, Links_To, Discovered_On, Coordinate_X, Coordinate_Y) VALUES (51, 'Hidden Ravine', 'Normal', 5, 'Hidden Ravine (Normal) procedural site', 21, '1981-10-17', -84.923486, 42.193143);
INSERT INTO Surface_Location (Location_ID, Population_Density, Proximity_To_Lab) VALUES (1, 2077, 3.7);
INSERT INTO Surface_Location (Location_ID, Population_Density, Proximity_To_Lab) VALUES (2, 1409, 0.63);
INSERT INTO UpsideDown_Location (Location_ID, Distortion_Level, Hazard_Type) VALUES (3, 9, 'Acidic Fog');
INSERT INTO Surface_Location (Location_ID, Population_Density, Proximity_To_Lab) VALUES (4, 1719, 2.03);
INSERT INTO UpsideDown_Location (Location_ID, Distortion_Level, Hazard_Type) VALUES (5, 9, 'Vacuum');
INSERT INTO UpsideDown_Location (Location_ID, Distortion_Level, Hazard_Type) VALUES (6, 8, 'Vacuum');
INSERT INTO UpsideDown_Location (Location_ID, Distortion_Level, Hazard_Type) VALUES (7, 6, 'Psychic Residue');
INSERT INTO Surface_Location (Location_ID, Population_Density, Proximity_To_Lab) VALUES (8, 1504, 1.05);
INSERT INTO UpsideDown_Location (Location_ID, Distortion_Level, Hazard_Type) VALUES (9, 9, 'Psychic Residue');
INSERT INTO Surface_Location (Location_ID, Population_Density, Proximity_To_Lab) VALUES (10, 2096, 0.64);
INSERT INTO Surface_Location (Location_ID, Population_Density, Proximity_To_Lab) VALUES (11, 1117, 2.13);
INSERT INTO UpsideDown_Location (Location_ID, Distortion_Level, Hazard_Type) VALUES (12, 7, 'Psychic Residue');
INSERT INTO Surface_Location (Location_ID, Population_Density, Proximity_To_Lab) VALUES (13, 384, 1.83);
INSERT INTO Surface_Location (Location_ID, Population_Density, Proximity_To_Lab) VALUES (14, 435, 2.71);
INSERT INTO Surface_Location (Location_ID, Population_Density, Proximity_To_Lab) VALUES (15, 133, 4.42);
INSERT INTO UpsideDown_Location (Location_ID, Distortion_Level, Hazard_Type) VALUES (16, 6, 'Toxic Spores');
INSERT INTO UpsideDown_Location (Location_ID, Distortion_Level, Hazard_Type) VALUES (17, 8, 'Toxic Spores');
INSERT INTO Surface_Location (Location_ID, Population_Density, Proximity_To_Lab) VALUES (18, 740, 0.21);
INSERT INTO UpsideDown_Location (Location_ID, Distortion_Level, Hazard_Type) VALUES (19, 10, 'Toxic Spores');
INSERT INTO UpsideDown_Location (Location_ID, Distortion_Level, Hazard_Type) VALUES (20, 6, 'Psychic Residue');
INSERT INTO Surface_Location (Location_ID, Population_Density, Proximity_To_Lab) VALUES (21, 1625, 1.67);
INSERT INTO UpsideDown_Location (Location_ID, Distortion_Level, Hazard_Type) VALUES (22, 10, 'Psychic Residue');
INSERT INTO Surface_Location (Location_ID, Population_Density, Proximity_To_Lab) VALUES (23, 334, 4.79);
INSERT INTO UpsideDown_Location (Location_ID, Distortion_Level, Hazard_Type) VALUES (24, 7, 'Acidic Fog');
INSERT INTO UpsideDown_Location (Location_ID, Distortion_Level, Hazard_Type) VALUES (25, 7, 'Vacuum');
INSERT INTO UpsideDown_Location (Location_ID, Distortion_Level, Hazard_Type) VALUES (26, 8, 'Toxic Spores');
INSERT INTO Surface_Location (Location_ID, Population_Density, Proximity_To_Lab) VALUES (27, 683, 3.08);
INSERT INTO UpsideDown_Location (Location_ID, Distortion_Level, Hazard_Type) VALUES (28, 10, 'Vacuum');
INSERT INTO UpsideDown_Location (Location_ID, Distortion_Level, Hazard_Type) VALUES (29, 9, 'Vacuum');
INSERT INTO Surface_Location (Location_ID, Population_Density, Proximity_To_Lab) VALUES (30, 2128, 0.91);
INSERT INTO Surface_Location (Location_ID, Population_Density, Proximity_To_Lab) VALUES (31, 1873, 0.35);
INSERT INTO Surface_Location (Location_ID, Population_Density, Proximity_To_Lab) VALUES (32, 208, 4.69);
INSERT INTO UpsideDown_Location (Location_ID, Distortion_Level, Hazard_Type) VALUES (33, 6, 'Psychic Residue');
INSERT INTO UpsideDown_Location (Location_ID, Distortion_Level, Hazard_Type) VALUES (34, 8, 'Toxic Spores');
INSERT INTO Surface_Location (Location_ID, Population_Density, Proximity_To_Lab) VALUES (35, 1479, 3.48);
INSERT INTO Surface_Location (Location_ID, Population_Density, Proximity_To_Lab) VALUES (36, 2467, 2.69);
INSERT INTO Surface_Location (Location_ID, Population_Density, Proximity_To_Lab) VALUES (37, 458, 2.59);
INSERT INTO Surface_Location (Location_ID, Population_Density, Proximity_To_Lab) VALUES (38, 685, 4.99);
INSERT INTO Surface_Location (Location_ID, Population_Density, Proximity_To_Lab) VALUES (39, 1431, 4.7);
INSERT INTO Surface_Location (Location_ID, Population_Density, Proximity_To_Lab) VALUES (40, 2294, 4.19);
INSERT INTO Surface_Location (Location_ID, Population_Density, Proximity_To_Lab) VALUES (41, 1884, 4.73);
INSERT INTO Surface_Location (Location_ID, Population_Density, Proximity_To_Lab) VALUES (42, 2321, 0.51);
INSERT INTO Surface_Location (Location_ID, Population_Density, Proximity_To_Lab) VALUES (43, 1058, 1.96);
INSERT INTO Surface_Location (Location_ID, Population_Density, Proximity_To_Lab) VALUES (44, 1030, 4.81);
INSERT INTO Surface_Location (Location_ID, Population_Density, Proximity_To_Lab) VALUES (45, 2060, 1.1);
INSERT INTO Surface_Location (Location_ID, Population_Density, Proximity_To_Lab) VALUES (46, 1705, 0.4);
INSERT INTO Surface_Location (Location_ID, Population_Density, Proximity_To_Lab) VALUES (47, 290, 4.6);
INSERT INTO Surface_Location (Location_ID, Population_Density, Proximity_To_Lab) VALUES (48, 2017, 4.09);
INSERT INTO Surface_Location (Location_ID, Population_Density, Proximity_To_Lab) VALUES (49, 2471, 0.67);
INSERT INTO Surface_Location (Location_ID, Population_Density, Proximity_To_Lab) VALUES (50, 2179, 0.64);
INSERT INTO Surface_Location (Location_ID, Population_Density, Proximity_To_Lab) VALUES (51, 1362, 4.58);
INSERT INTO Person (Person_ID, Name, Role, Age, Status, Affiliation, Supervisor_ID, Known_Aliases) VALUES (1000, 'Nancy Smith', 'Victim', 24, 'Active', 'Student', NULL, 'Nancy69');
INSERT INTO Person (Person_ID, Name, Role, Age, Status, Affiliation, Supervisor_ID, Known_Aliases) VALUES (1001, 'Max Powell', 'Agent', 54, 'Deceased', 'Underground', NULL, NULL);
INSERT INTO Person (Person_ID, Name, Role, Age, Status, Affiliation, Supervisor_ID, Known_Aliases) VALUES (1002, 'Nancy Grant', 'Agent', 54, 'Active', 'Student', NULL, NULL);
INSERT INTO Person (Person_ID, Name, Role, Age, Status, Affiliation, Supervisor_ID, Known_Aliases) VALUES (1003, 'Grant Brenner', 'Researcher', 54, 'Deceased', 'Resident', NULL, NULL);
INSERT INTO Person (Person_ID, Name, Role, Age, Status, Affiliation, Supervisor_ID, Known_Aliases) VALUES (1004, 'Steve Smith', 'Agent', 12, 'Active', 'Independent', NULL, NULL);
INSERT INTO Person (Person_ID, Name, Role, Age, Status, Affiliation, Supervisor_ID, Known_Aliases) VALUES (1005, 'Reynolds Reynolds', 'Agent', 40, 'Active', 'Contractor', NULL, NULL);
INSERT INTO Person (Person_ID, Name, Role, Age, Status, Affiliation, Supervisor_ID, Known_Aliases) VALUES (1006, 'Eleven Wheeler', 'Researcher', 54, 'Active', 'Underground', NULL, 'Eleven97');
INSERT INTO Person (Person_ID, Name, Role, Age, Status, Affiliation, Supervisor_ID, Known_Aliases) VALUES (1007, 'Lucas Grant', 'Researcher', 24, 'Active', 'Hawkins Lab', NULL, NULL);
INSERT INTO Person (Person_ID, Name, Role, Age, Status, Affiliation, Supervisor_ID, Known_Aliases) VALUES (1008, 'Alan Wheeler', 'Agent', 52, 'Active', 'Student', NULL, NULL);
INSERT INTO Person (Person_ID, Name, Role, Age, Status, Affiliation, Supervisor_ID, Known_Aliases) VALUES (1009, 'Lucas Brenner', 'Victim', 12, 'Deceased', 'Hawkins PD', NULL, NULL);
INSERT INTO Person (Person_ID, Name, Role, Age, Status, Affiliation, Supervisor_ID, Known_Aliases) VALUES (1010, 'Lucas Owens', 'Victim', 56, 'Active', 'Hawkins Lab', 1008, NULL);
INSERT INTO Person (Person_ID, Name, Role, Age, Status, Affiliation, Supervisor_ID, Known_Aliases) VALUES (1011, 'Nancy Brown', 'Researcher', 41, 'Active', 'Underground', 1007, NULL);
INSERT INTO Person (Person_ID, Name, Role, Age, Status, Affiliation, Supervisor_ID, Known_Aliases) VALUES (1012, 'Eddie Jones', 'Victim', 47, 'Active', 'Resident', 1003, NULL);
INSERT INTO Person (Person_ID, Name, Role, Age, Status, Affiliation, Supervisor_ID, Known_Aliases) VALUES (1013, 'Alan Brown', 'Researcher', 27, 'Active', 'Federal', 1003, NULL);
INSERT INTO Person (Person_ID, Name, Role, Age, Status, Affiliation, Supervisor_ID, Known_Aliases) VALUES (1014, 'Collins Taylor', 'Victim', 29, 'Active', 'Federal', 1009, NULL);
INSERT INTO Person (Person_ID, Name, Role, Age, Status, Affiliation, Supervisor_ID, Known_Aliases) VALUES (1015, 'Hopper Reynolds', 'Victim', 17, 'Active', 'Independent', 1005, NULL);
INSERT INTO Person (Person_ID, Name, Role, Age, Status, Affiliation, Supervisor_ID, Known_Aliases) VALUES (1016, 'Mike Munson', 'Researcher', 38, 'Active', 'Contractor', 1001, NULL);
INSERT INTO Person (Person_ID, Name, Role, Age, Status, Affiliation, Supervisor_ID, Known_Aliases) VALUES (1017, 'Max Jones', 'Agent', 61, 'Active', 'Hawkins Lab', 1001, NULL);
INSERT INTO Person (Person_ID, Name, Role, Age, Status, Affiliation, Supervisor_ID, Known_Aliases) VALUES (1018, 'Reynolds Smith', 'Agent', 34, 'Active', 'Student', 1009, NULL);
INSERT INTO Person (Person_ID, Name, Role, Age, Status, Affiliation, Supervisor_ID, Known_Aliases) VALUES (1019, 'Kali Mayfield', 'Agent', 29, 'Active', 'Hawkins Lab', 1015, NULL);
INSERT INTO Person (Person_ID, Name, Role, Age, Status, Affiliation, Supervisor_ID, Known_Aliases) VALUES (1020, 'Owens Owens', 'Victim', 20, 'Missing', 'Hawkins Lab', 1019, NULL);
INSERT INTO Person (Person_ID, Name, Role, Age, Status, Affiliation, Supervisor_ID, Known_Aliases) VALUES (1021, 'Reynolds Hopper', 'Researcher', 39, 'Active', 'Contractor', 1020, 'Reynolds34');
INSERT INTO Person (Person_ID, Name, Role, Age, Status, Affiliation, Supervisor_ID, Known_Aliases) VALUES (1022, 'Owens Reynolds', 'Researcher', 32, 'Active', 'Student', 1021, NULL);
INSERT INTO Person (Person_ID, Name, Role, Age, Status, Affiliation, Supervisor_ID, Known_Aliases) VALUES (1023, 'Kali Collins', 'Victim', 42, 'Active', 'Hawkins Lab', 1015, NULL);
INSERT INTO Person (Person_ID, Name, Role, Age, Status, Affiliation, Supervisor_ID, Known_Aliases) VALUES (1024, 'Brenner Mayfield', 'Victim', 61, 'Missing', 'Hawkins Lab', 1009, NULL);
INSERT INTO Person (Person_ID, Name, Role, Age, Status, Affiliation, Supervisor_ID, Known_Aliases) VALUES (1025, 'Lucas Munson', 'Victim', 51, 'Active', 'Resident', 1017, NULL);
INSERT INTO Person (Person_ID, Name, Role, Age, Status, Affiliation, Supervisor_ID, Known_Aliases) VALUES (1026, 'Nancy Munson', 'Agent', 28, 'Active', 'Resident', 1000, NULL);
INSERT INTO Person (Person_ID, Name, Role, Age, Status, Affiliation, Supervisor_ID, Known_Aliases) VALUES (1027, 'Nancy Owens', 'Psychic_Subject', 18, 'Active', 'Federal', 1003, NULL);
INSERT INTO Person (Person_ID, Name, Role, Age, Status, Affiliation, Supervisor_ID, Known_Aliases) VALUES (1028, 'Owens Smith', 'Psychic_Subject', 24, 'Active', 'Independent', 1013, 'Owens99');
INSERT INTO Person (Person_ID, Name, Role, Age, Status, Affiliation, Supervisor_ID, Known_Aliases) VALUES (1029, 'Steve Hughes', 'Victim', 48, 'Active', 'Underground', 1004, NULL);
INSERT INTO Person (Person_ID, Name, Role, Age, Status, Affiliation, Supervisor_ID, Known_Aliases) VALUES (1030, 'Brenner Wheeler', 'Agent', 33, 'Active', 'Student', 1028, NULL);
INSERT INTO Person (Person_ID, Name, Role, Age, Status, Affiliation, Supervisor_ID, Known_Aliases) VALUES (1031, 'Nancy Jones', 'Psychic_Subject', 52, 'Deceased', 'Contractor', 1008, NULL);
INSERT INTO Person (Person_ID, Name, Role, Age, Status, Affiliation, Supervisor_ID, Known_Aliases) VALUES (1032, 'Kali Owens', 'Victim', 53, 'Active', 'Contractor', 1023, NULL);
INSERT INTO Person (Person_ID, Name, Role, Age, Status, Affiliation, Supervisor_ID, Known_Aliases) VALUES (1033, 'Reynolds Collins', 'Researcher', 27, 'Active', 'Hawkins PD', 1025, NULL);
INSERT INTO Person (Person_ID, Name, Role, Age, Status, Affiliation, Supervisor_ID, Known_Aliases) VALUES (1034, 'Eddie Mayfield', 'Victim', 48, 'Active', 'Student', 1023, NULL);
INSERT INTO Person (Person_ID, Name, Role, Age, Status, Affiliation, Supervisor_ID, Known_Aliases) VALUES (1035, 'Alan Reynolds', 'Researcher', 25, 'Active', 'Federal', 1002, NULL);
INSERT INTO Person (Person_ID, Name, Role, Age, Status, Affiliation, Supervisor_ID, Known_Aliases) VALUES (1036, 'Powell Collins', 'Agent', 45, 'Deceased', 'Hawkins PD', 1025, NULL);
INSERT INTO Person (Person_ID, Name, Role, Age, Status, Affiliation, Supervisor_ID, Known_Aliases) VALUES (1037, 'Kali Taylor', 'Agent', 27, 'Active', 'Contractor', 1003, NULL);
INSERT INTO Person (Person_ID, Name, Role, Age, Status, Affiliation, Supervisor_ID, Known_Aliases) VALUES (1038, 'Jim Wheeler', 'Researcher', 37, 'Active', 'Federal', 1036, NULL);
INSERT INTO Person (Person_ID, Name, Role, Age, Status, Affiliation, Supervisor_ID, Known_Aliases) VALUES (1039, 'Brenner Taylor', 'Agent', 34, 'Active', 'Underground', 1035, NULL);
INSERT INTO Person (Person_ID, Name, Role, Age, Status, Affiliation, Supervisor_ID, Known_Aliases) VALUES (1040, 'Eddie Collins', 'Researcher', 26, 'Active', 'Independent', 1012, NULL);
INSERT INTO Person (Person_ID, Name, Role, Age, Status, Affiliation, Supervisor_ID, Known_Aliases) VALUES (1041, 'Grant Owens', 'Researcher', 59, 'Active', 'Federal', 1023, NULL);
INSERT INTO Person (Person_ID, Name, Role, Age, Status, Affiliation, Supervisor_ID, Known_Aliases) VALUES (1042, 'Max Grant', 'Researcher', 23, 'Active', 'Resident', 1035, NULL);
INSERT INTO Person (Person_ID, Name, Role, Age, Status, Affiliation, Supervisor_ID, Known_Aliases) VALUES (1043, 'Joyce Grant', 'Victim', 20, 'Active', 'Contractor', 1018, 'Joyce2');
INSERT INTO Person (Person_ID, Name, Role, Age, Status, Affiliation, Supervisor_ID, Known_Aliases) VALUES (1044, 'Reynolds Grant', 'Agent', 40, 'Active', 'Hawkins Lab', 1004, NULL);
INSERT INTO Person (Person_ID, Name, Role, Age, Status, Affiliation, Supervisor_ID, Known_Aliases) VALUES (1045, 'Alan Hughes', 'Victim', 37, 'Active', 'Hawkins Lab', 1024, 'Alan73');
INSERT INTO Person (Person_ID, Name, Role, Age, Status, Affiliation, Supervisor_ID, Known_Aliases) VALUES (1046, 'Steve Wheeler', 'Psychic_Subject', 19, 'Active', 'Student', 1032, NULL);
INSERT INTO Person (Person_ID, Name, Role, Age, Status, Affiliation, Supervisor_ID, Known_Aliases) VALUES (1047, 'Powell Mayfield', 'Victim', 36, 'Active', 'Contractor', 1028, NULL);
INSERT INTO Person (Person_ID, Name, Role, Age, Status, Affiliation, Supervisor_ID, Known_Aliases) VALUES (1048, 'Reynolds Jones', 'Researcher', 51, 'Active', 'Hawkins PD', 1035, NULL);
INSERT INTO Person (Person_ID, Name, Role, Age, Status, Affiliation, Supervisor_ID, Known_Aliases) VALUES (1049, 'Max Munson', 'Researcher', 17, 'Active', 'Resident', 1017, NULL);
INSERT INTO Person (Person_ID, Name, Role, Age, Status, Affiliation, Supervisor_ID, Known_Aliases) VALUES (1050, 'Eleven Hopper', 'Agent', 56, 'Active', 'Federal', 1039, 'Eleven37');
INSERT INTO Person (Person_ID, Name, Role, Age, Status, Affiliation, Supervisor_ID, Known_Aliases) VALUES (1051, 'Steve Brown', 'Researcher', 26, 'Deceased', 'Independent', 1043, NULL);
INSERT INTO Person (Person_ID, Name, Role, Age, Status, Affiliation, Supervisor_ID, Known_Aliases) VALUES (1052, 'Grant Mayfield', 'Victim', 29, 'Active', 'Hawkins PD', 1039, 'Grant40');
INSERT INTO Person (Person_ID, Name, Role, Age, Status, Affiliation, Supervisor_ID, Known_Aliases) VALUES (1053, 'Powell Grant', 'Agent', 41, 'Active', 'Student', 1007, NULL);
INSERT INTO Person (Person_ID, Name, Role, Age, Status, Affiliation, Supervisor_ID, Known_Aliases) VALUES (1054, 'Collins Taylor', 'Agent', 50, 'Active', 'Student', 1008, NULL);
INSERT INTO Person (Person_ID, Name, Role, Age, Status, Affiliation, Supervisor_ID, Known_Aliases) VALUES (1055, 'Powell Collins', 'Researcher', 26, 'Missing', 'Hawkins Lab', 1006, NULL);
INSERT INTO Person (Person_ID, Name, Role, Age, Status, Affiliation, Supervisor_ID, Known_Aliases) VALUES (1056, 'Dustin Byers', 'Victim', 23, 'Active', 'Contractor', 1025, NULL);
INSERT INTO Person (Person_ID, Name, Role, Age, Status, Affiliation, Supervisor_ID, Known_Aliases) VALUES (1057, 'Eleven Jones', 'Victim', 43, 'Missing', 'Contractor', 1023, NULL);
INSERT INTO Person (Person_ID, Name, Role, Age, Status, Affiliation, Supervisor_ID, Known_Aliases) VALUES (1058, 'Hopper Reynolds', 'Victim', 22, 'Active', 'Contractor', 1050, NULL);
INSERT INTO Person (Person_ID, Name, Role, Age, Status, Affiliation, Supervisor_ID, Known_Aliases) VALUES (1059, 'Owens Byers', 'Agent', 32, 'Active', 'Hawkins PD', 1021, NULL);
INSERT INTO Person (Person_ID, Name, Role, Age, Status, Affiliation, Supervisor_ID, Known_Aliases) VALUES (1060, 'Owens Hopper', 'Victim', 46, 'Active', 'Hawkins Lab', 1035, 'Owens47');
INSERT INTO Person (Person_ID, Name, Role, Age, Status, Affiliation, Supervisor_ID, Known_Aliases) VALUES (1061, 'Powell Taylor', 'Victim', 60, 'Active', 'Federal', 1060, NULL);
INSERT INTO Person (Person_ID, Name, Role, Age, Status, Affiliation, Supervisor_ID, Known_Aliases) VALUES (1062, 'Steve Brown', 'Victim', 43, 'Active', 'Independent', 1023, NULL);
INSERT INTO Person (Person_ID, Name, Role, Age, Status, Affiliation, Supervisor_ID, Known_Aliases) VALUES (1063, 'Steve Hopper', 'Agent', 17, 'Active', 'Hawkins PD', 1048, NULL);
INSERT INTO Person (Person_ID, Name, Role, Age, Status, Affiliation, Supervisor_ID, Known_Aliases) VALUES (1064, 'Nancy Brenner', 'Agent', 57, 'Active', 'Federal', 1018, NULL);
INSERT INTO Person (Person_ID, Name, Role, Age, Status, Affiliation, Supervisor_ID, Known_Aliases) VALUES (1065, 'Alan Taylor', 'Researcher', 47, 'Active', 'Independent', 1025, NULL);
INSERT INTO Person (Person_ID, Name, Role, Age, Status, Affiliation, Supervisor_ID, Known_Aliases) VALUES (1066, 'Collins Brenner', 'Victim', 29, 'Active', 'Student', 1065, NULL);
INSERT INTO Person (Person_ID, Name, Role, Age, Status, Affiliation, Supervisor_ID, Known_Aliases) VALUES (1067, 'Collins Collins', 'Victim', 30, 'Active', 'Contractor', 1051, NULL);
INSERT INTO Person (Person_ID, Name, Role, Age, Status, Affiliation, Supervisor_ID, Known_Aliases) VALUES (1068, 'Eddie Taylor', 'Researcher', 47, 'Active', 'Student', 1064, NULL);
INSERT INTO Person (Person_ID, Name, Role, Age, Status, Affiliation, Supervisor_ID, Known_Aliases) VALUES (1069, 'Hopper Munson', 'Psychic_Subject', 27, 'Active', 'Independent', 1005, NULL);
INSERT INTO Person (Person_ID, Name, Role, Age, Status, Affiliation, Supervisor_ID, Known_Aliases) VALUES (1070, 'Kali Byers', 'Researcher', 42, 'Active', 'Student', 1005, NULL);
INSERT INTO Person (Person_ID, Name, Role, Age, Status, Affiliation, Supervisor_ID, Known_Aliases) VALUES (1071, 'Karen Brenner', 'Agent', 14, 'Active', 'Underground', 1004, NULL);
INSERT INTO Person (Person_ID, Name, Role, Age, Status, Affiliation, Supervisor_ID, Known_Aliases) VALUES (1072, 'Eddie Hughes', 'Agent', 41, 'Active', 'Resident', 1017, NULL);
INSERT INTO Person (Person_ID, Name, Role, Age, Status, Affiliation, Supervisor_ID, Known_Aliases) VALUES (1073, 'Karen Brenner', 'Researcher', 62, 'Missing', 'Underground', 1042, NULL);
INSERT INTO Person (Person_ID, Name, Role, Age, Status, Affiliation, Supervisor_ID, Known_Aliases) VALUES (1074, 'Owens Wheeler', 'Victim', 55, 'Deceased', 'Student', 1060, NULL);
INSERT INTO Person (Person_ID, Name, Role, Age, Status, Affiliation, Supervisor_ID, Known_Aliases) VALUES (1075, 'Karen Taylor', 'Victim', 14, 'Active', 'Independent', 1066, NULL);
INSERT INTO Person (Person_ID, Name, Role, Age, Status, Affiliation, Supervisor_ID, Known_Aliases) VALUES (1076, 'Steve Mayfield', 'Victim', 39, 'Missing', 'Hawkins PD', 1058, NULL);
INSERT INTO Person (Person_ID, Name, Role, Age, Status, Affiliation, Supervisor_ID, Known_Aliases) VALUES (1077, 'Steve Hopper', 'Researcher', 62, 'Active', 'Underground', 1019, NULL);
INSERT INTO Person (Person_ID, Name, Role, Age, Status, Affiliation, Supervisor_ID, Known_Aliases) VALUES (1078, 'Mike Mayfield', 'Agent', 48, 'Active', 'Resident', 1077, 'Mike11');
INSERT INTO Person (Person_ID, Name, Role, Age, Status, Affiliation, Supervisor_ID, Known_Aliases) VALUES (1079, 'Powell Smith', 'Victim', 27, 'Active', 'Resident', 1065, NULL);
INSERT INTO Person (Person_ID, Name, Role, Age, Status, Affiliation, Supervisor_ID, Known_Aliases) VALUES (1080, 'Karen Collins', 'Agent', 54, 'Active', 'Contractor', 1017, NULL);
INSERT INTO Person (Person_ID, Name, Role, Age, Status, Affiliation, Supervisor_ID, Known_Aliases) VALUES (1081, 'Grant Owens', 'Researcher', 34, 'Missing', 'Federal', 1041, NULL);
INSERT INTO Person (Person_ID, Name, Role, Age, Status, Affiliation, Supervisor_ID, Known_Aliases) VALUES (1082, 'Kali Collins', 'Agent', 31, 'Active', 'Student', 1078, NULL);
INSERT INTO Person (Person_ID, Name, Role, Age, Status, Affiliation, Supervisor_ID, Known_Aliases) VALUES (1083, 'Nancy Mayfield', 'Agent', 34, 'Active', 'Federal', 1040, 'Nancy85');
INSERT INTO Person (Person_ID, Name, Role, Age, Status, Affiliation, Supervisor_ID, Known_Aliases) VALUES (1084, 'Owens Collins', 'Researcher', 55, 'Active', 'Hawkins Lab', 1020, NULL);
INSERT INTO Person (Person_ID, Name, Role, Age, Status, Affiliation, Supervisor_ID, Known_Aliases) VALUES (1085, 'Alan Grant', 'Victim', 26, 'Active', 'Underground', 1050, NULL);
INSERT INTO Person (Person_ID, Name, Role, Age, Status, Affiliation, Supervisor_ID, Known_Aliases) VALUES (1086, 'Max Collins', 'Victim', 58, 'Active', 'Resident', 1078, NULL);
INSERT INTO Person (Person_ID, Name, Role, Age, Status, Affiliation, Supervisor_ID, Known_Aliases) VALUES (1087, 'Karen Byers', 'Researcher', 40, 'Active', 'Underground', 1038, NULL);
INSERT INTO Person (Person_ID, Name, Role, Age, Status, Affiliation, Supervisor_ID, Known_Aliases) VALUES (1088, 'Jonathan Grant', 'Researcher', 38, 'Active', 'Resident', 1075, NULL);
INSERT INTO Person (Person_ID, Name, Role, Age, Status, Affiliation, Supervisor_ID, Known_Aliases) VALUES (1089, 'Brenner Collins', 'Victim', 28, 'Deceased', 'Contractor', 1043, NULL);
INSERT INTO Person (Person_ID, Name, Role, Age, Status, Affiliation, Supervisor_ID, Known_Aliases) VALUES (1090, 'Steve Reynolds', 'Victim', 41, 'Missing', 'Resident', 1064, NULL);
INSERT INTO Person (Person_ID, Name, Role, Age, Status, Affiliation, Supervisor_ID, Known_Aliases) VALUES (1091, 'Lucas Smith', 'Psychic_Subject', 63, 'Active', 'Hawkins PD', 1065, NULL);
INSERT INTO Person (Person_ID, Name, Role, Age, Status, Affiliation, Supervisor_ID, Known_Aliases) VALUES (1092, 'Jim Collins', 'Agent', 41, 'Active', 'Federal', 1068, NULL);
INSERT INTO Person (Person_ID, Name, Role, Age, Status, Affiliation, Supervisor_ID, Known_Aliases) VALUES (1093, 'Karen Powell', 'Researcher', 26, 'Active', 'Underground', 1062, NULL);
INSERT INTO Person (Person_ID, Name, Role, Age, Status, Affiliation, Supervisor_ID, Known_Aliases) VALUES (1094, 'Lucas Wheeler', 'Victim', 41, 'Deceased', 'Federal', 1090, NULL);
INSERT INTO Person (Person_ID, Name, Role, Age, Status, Affiliation, Supervisor_ID, Known_Aliases) VALUES (1095, 'Nancy Brenner', 'Researcher', 14, 'Active', 'Contractor', 1072, 'Nancy31');
INSERT INTO Person (Person_ID, Name, Role, Age, Status, Affiliation, Supervisor_ID, Known_Aliases) VALUES (1096, 'Grant Brenner', 'Agent', 35, 'Active', 'Student', 1038, NULL);
INSERT INTO Person (Person_ID, Name, Role, Age, Status, Affiliation, Supervisor_ID, Known_Aliases) VALUES (1097, 'Mike Jones', 'Victim', 65, 'Active', 'Student', 1060, NULL);
INSERT INTO Person (Person_ID, Name, Role, Age, Status, Affiliation, Supervisor_ID, Known_Aliases) VALUES (1098, 'Dustin Byers', 'Victim', 25, 'Active', 'Independent', 1002, NULL);
INSERT INTO Person (Person_ID, Name, Role, Age, Status, Affiliation, Supervisor_ID, Known_Aliases) VALUES (1099, 'Nancy Powell', 'Agent', 53, 'Active', 'Student', 1047, NULL);
INSERT INTO Person (Person_ID, Name, Role, Age, Status, Affiliation, Supervisor_ID, Known_Aliases) VALUES (1100, 'Nancy Brown', 'Researcher', 25, 'Active', 'Hawkins Lab', 1042, 'Nancy43');
INSERT INTO Person (Person_ID, Name, Role, Age, Status, Affiliation, Supervisor_ID, Known_Aliases) VALUES (1101, 'Lucas Brenner', 'Victim', 25, 'Active', 'Independent', 1086, NULL);
INSERT INTO Person (Person_ID, Name, Role, Age, Status, Affiliation, Supervisor_ID, Known_Aliases) VALUES (1102, 'Lucas Reynolds', 'Victim', 62, 'Deceased', 'Hawkins Lab', 1014, NULL);
INSERT INTO Person (Person_ID, Name, Role, Age, Status, Affiliation, Supervisor_ID, Known_Aliases) VALUES (1103, 'Mike Brenner', 'Agent', 63, 'Active', 'Hawkins Lab', 1053, 'Mike46');
INSERT INTO Person (Person_ID, Name, Role, Age, Status, Affiliation, Supervisor_ID, Known_Aliases) VALUES (1104, 'Lucas Reynolds', 'Researcher', 28, 'Active', 'Student', 1074, NULL);
INSERT INTO Person (Person_ID, Name, Role, Age, Status, Affiliation, Supervisor_ID, Known_Aliases) VALUES (1105, 'Jonathan Taylor', 'Agent', 35, 'Active', 'Hawkins PD', 1039, NULL);
INSERT INTO Person (Person_ID, Name, Role, Age, Status, Affiliation, Supervisor_ID, Known_Aliases) VALUES (1106, 'Lucas Byers', 'Victim', 54, 'Active', 'Contractor', 1101, NULL);
INSERT INTO Person (Person_ID, Name, Role, Age, Status, Affiliation, Supervisor_ID, Known_Aliases) VALUES (1107, 'Jim Byers', 'Psychic_Subject', 37, 'Active', 'Hawkins PD', 1092, NULL);
INSERT INTO Person (Person_ID, Name, Role, Age, Status, Affiliation, Supervisor_ID, Known_Aliases) VALUES (1108, 'Eddie Wheeler', 'Victim', 32, 'Active', 'Hawkins PD', 1088, 'Eddie80');
INSERT INTO Person (Person_ID, Name, Role, Age, Status, Affiliation, Supervisor_ID, Known_Aliases) VALUES (1109, 'Karen Reynolds', 'Agent', 50, 'Active', 'Contractor', 1080, NULL);
INSERT INTO Person (Person_ID, Name, Role, Age, Status, Affiliation, Supervisor_ID, Known_Aliases) VALUES (1110, 'Kali Hughes', 'Victim', 19, 'Deceased', 'Independent', 1003, NULL);
INSERT INTO Person (Person_ID, Name, Role, Age, Status, Affiliation, Supervisor_ID, Known_Aliases) VALUES (1111, 'Lucas Jones', 'Researcher', 41, 'Active', 'Hawkins PD', 1076, NULL);
INSERT INTO Person (Person_ID, Name, Role, Age, Status, Affiliation, Supervisor_ID, Known_Aliases) VALUES (1112, 'Hopper Collins', 'Agent', 21, 'Active', 'Contractor', 1060, 'Hopper11');
INSERT INTO Person (Person_ID, Name, Role, Age, Status, Affiliation, Supervisor_ID, Known_Aliases) VALUES (1113, 'Jonathan Jones', 'Researcher', 59, 'Active', 'Resident', 1033, NULL);
INSERT INTO Person (Person_ID, Name, Role, Age, Status, Affiliation, Supervisor_ID, Known_Aliases) VALUES (1114, 'Reynolds Reynolds', 'Victim', 38, 'Active', 'Student', 1083, NULL);
INSERT INTO Person (Person_ID, Name, Role, Age, Status, Affiliation, Supervisor_ID, Known_Aliases) VALUES (1115, 'Joyce Grant', 'Victim', 34, 'Active', 'Independent', 1100, 'Joyce62');
INSERT INTO Person (Person_ID, Name, Role, Age, Status, Affiliation, Supervisor_ID, Known_Aliases) VALUES (1116, 'Lucas Hughes', 'Agent', 47, 'Active', 'Federal', 1099, NULL);
INSERT INTO Person (Person_ID, Name, Role, Age, Status, Affiliation, Supervisor_ID, Known_Aliases) VALUES (1117, 'Kali Hopper', 'Victim', 54, 'Active', 'Federal', 1074, 'Kali35');
INSERT INTO Person (Person_ID, Name, Role, Age, Status, Affiliation, Supervisor_ID, Known_Aliases) VALUES (1118, 'Steve Reynolds', 'Agent', 23, 'Deceased', 'Student', 1073, 'Steve95');
INSERT INTO Person (Person_ID, Name, Role, Age, Status, Affiliation, Supervisor_ID, Known_Aliases) VALUES (1119, 'Karen Hopper', 'Researcher', 45, 'Active', 'Student', 1029, NULL);
INSERT INTO Person (Person_ID, Name, Role, Age, Status, Affiliation, Supervisor_ID, Known_Aliases) VALUES (1120, 'Eleven Powell', 'Researcher', 32, 'Active', 'Hawkins PD', 1092, NULL);
INSERT INTO Person (Person_ID, Name, Role, Age, Status, Affiliation, Supervisor_ID, Known_Aliases) VALUES (1121, 'Mike Owens', 'Victim', 15, 'Active', 'Federal', 1006, NULL);
INSERT INTO Person (Person_ID, Name, Role, Age, Status, Affiliation, Supervisor_ID, Known_Aliases) VALUES (1122, 'Kali Taylor', 'Victim', 38, 'Active', 'Hawkins PD', 1074, NULL);
INSERT INTO Person (Person_ID, Name, Role, Age, Status, Affiliation, Supervisor_ID, Known_Aliases) VALUES (1123, 'Nancy Grant', 'Victim', 49, 'Active', 'Federal', 1061, 'Nancy51');
INSERT INTO Person (Person_ID, Name, Role, Age, Status, Affiliation, Supervisor_ID, Known_Aliases) VALUES (1124, 'Powell Byers', 'Researcher', 31, 'Deceased', 'Resident', 1021, NULL);
INSERT INTO Person (Person_ID, Name, Role, Age, Status, Affiliation, Supervisor_ID, Known_Aliases) VALUES (1125, 'Steve Reynolds', 'Researcher', 43, 'Active', 'Resident', 1067, 'Steve69');
INSERT INTO Person (Person_ID, Name, Role, Age, Status, Affiliation, Supervisor_ID, Known_Aliases) VALUES (1126, 'Lucas Powell', 'Researcher', 59, 'Active', 'Hawkins Lab', 1080, NULL);
INSERT INTO Person (Person_ID, Name, Role, Age, Status, Affiliation, Supervisor_ID, Known_Aliases) VALUES (1127, 'Jonathan Reynolds', 'Agent', 48, 'Active', 'Student', 1092, NULL);
INSERT INTO Person (Person_ID, Name, Role, Age, Status, Affiliation, Supervisor_ID, Known_Aliases) VALUES (1128, 'Owens Hopper', 'Psychic_Subject', 22, 'Active', 'Contractor', 1097, NULL);
INSERT INTO Person (Person_ID, Name, Role, Age, Status, Affiliation, Supervisor_ID, Known_Aliases) VALUES (1129, 'Brenner Wheeler', 'Agent', 18, 'Active', 'Student', 1037, NULL);
INSERT INTO Person (Person_ID, Name, Role, Age, Status, Affiliation, Supervisor_ID, Known_Aliases) VALUES (1130, 'Owens Grant', 'Victim', 26, 'Active', 'Resident', 1062, 'Owens82');
INSERT INTO Person (Person_ID, Name, Role, Age, Status, Affiliation, Supervisor_ID, Known_Aliases) VALUES (1131, 'Nancy Munson', 'Psychic_Subject', 34, 'Active', 'Resident', 1008, NULL);
INSERT INTO Person (Person_ID, Name, Role, Age, Status, Affiliation, Supervisor_ID, Known_Aliases) VALUES (1132, 'Mike Collins', 'Researcher', 50, 'Active', 'Hawkins PD', 1028, 'Mike99');
INSERT INTO Person (Person_ID, Name, Role, Age, Status, Affiliation, Supervisor_ID, Known_Aliases) VALUES (1133, 'Karen Taylor', 'Agent', 48, 'Active', 'Contractor', 1048, NULL);
INSERT INTO Person (Person_ID, Name, Role, Age, Status, Affiliation, Supervisor_ID, Known_Aliases) VALUES (1134, 'Reynolds Reynolds', 'Victim', 52, 'Active', 'Contractor', 1004, 'Reynolds57');
INSERT INTO Person (Person_ID, Name, Role, Age, Status, Affiliation, Supervisor_ID, Known_Aliases) VALUES (1135, 'Karen Grant', 'Victim', 49, 'Active', 'Hawkins PD', 1112, NULL);
INSERT INTO Person (Person_ID, Name, Role, Age, Status, Affiliation, Supervisor_ID, Known_Aliases) VALUES (1136, 'Eddie Byers', 'Researcher', 65, 'Active', 'Hawkins PD', 1080, NULL);
INSERT INTO Person (Person_ID, Name, Role, Age, Status, Affiliation, Supervisor_ID, Known_Aliases) VALUES (1137, 'Collins Smith', 'Agent', 47, 'Missing', 'Hawkins Lab', 1107, NULL);
INSERT INTO Person (Person_ID, Name, Role, Age, Status, Affiliation, Supervisor_ID, Known_Aliases) VALUES (1138, 'Reynolds Munson', 'Researcher', 42, 'Active', 'Hawkins Lab', 1038, NULL);
INSERT INTO Person (Person_ID, Name, Role, Age, Status, Affiliation, Supervisor_ID, Known_Aliases) VALUES (1139, 'Hopper Wheeler', 'Agent', 23, 'Active', 'Contractor', 1105, NULL);
INSERT INTO Person (Person_ID, Name, Role, Age, Status, Affiliation, Supervisor_ID, Known_Aliases) VALUES (1140, 'Collins Owens', 'Agent', 30, 'Active', 'Underground', 1052, NULL);
INSERT INTO Person (Person_ID, Name, Role, Age, Status, Affiliation, Supervisor_ID, Known_Aliases) VALUES (1141, 'Joyce Reynolds', 'Researcher', 18, 'Active', 'Student', 1105, NULL);
INSERT INTO Person (Person_ID, Name, Role, Age, Status, Affiliation, Supervisor_ID, Known_Aliases) VALUES (1142, 'Powell Brenner', 'Researcher', 49, 'Active', 'Underground', 1128, NULL);
INSERT INTO Person (Person_ID, Name, Role, Age, Status, Affiliation, Supervisor_ID, Known_Aliases) VALUES (1143, 'Karen Smith', 'Researcher', 57, 'Deceased', 'Federal', 1120, NULL);
INSERT INTO Person (Person_ID, Name, Role, Age, Status, Affiliation, Supervisor_ID, Known_Aliases) VALUES (1144, 'Karen Reynolds', 'Victim', 54, 'Active', 'Hawkins PD', 1015, NULL);
INSERT INTO Person (Person_ID, Name, Role, Age, Status, Affiliation, Supervisor_ID, Known_Aliases) VALUES (1145, 'Kali Powell', 'Researcher', 31, 'Active', 'Independent', 1035, NULL);
INSERT INTO Person (Person_ID, Name, Role, Age, Status, Affiliation, Supervisor_ID, Known_Aliases) VALUES (1146, 'Alan Munson', 'Researcher', 20, 'Active', 'Federal', 1132, NULL);
INSERT INTO Person (Person_ID, Name, Role, Age, Status, Affiliation, Supervisor_ID, Known_Aliases) VALUES (1147, 'Nancy Byers', 'Victim', 61, 'Active', 'Student', 1053, 'Nancy24');
INSERT INTO Person (Person_ID, Name, Role, Age, Status, Affiliation, Supervisor_ID, Known_Aliases) VALUES (1148, 'Powell Owens', 'Victim', 14, 'Active', 'Independent', 1143, NULL);
INSERT INTO Person (Person_ID, Name, Role, Age, Status, Affiliation, Supervisor_ID, Known_Aliases) VALUES (1149, 'Powell Grant', 'Victim', 62, 'Active', 'Independent', 1083, NULL);
INSERT INTO Person (Person_ID, Name, Role, Age, Status, Affiliation, Supervisor_ID, Known_Aliases) VALUES (1150, 'Alan Munson', 'Agent', 48, 'Missing', 'Contractor', 1122, NULL);
INSERT INTO Person (Person_ID, Name, Role, Age, Status, Affiliation, Supervisor_ID, Known_Aliases) VALUES (1151, 'Owens Jones', 'Psychic_Subject', 64, 'Active', 'Resident', 1134, NULL);
INSERT INTO Person (Person_ID, Name, Role, Age, Status, Affiliation, Supervisor_ID, Known_Aliases) VALUES (1152, 'Joyce Taylor', 'Victim', 47, 'Deceased', 'Hawkins PD', 1096, NULL);
INSERT INTO Person (Person_ID, Name, Role, Age, Status, Affiliation, Supervisor_ID, Known_Aliases) VALUES (1153, 'Eleven Collins', 'Agent', 44, 'Active', 'Student', 1080, 'Eleven29');
INSERT INTO Person (Person_ID, Name, Role, Age, Status, Affiliation, Supervisor_ID, Known_Aliases) VALUES (1154, 'Eddie Powell', 'Psychic_Subject', 38, 'Active', 'Underground', 1044, NULL);
INSERT INTO Person (Person_ID, Name, Role, Age, Status, Affiliation, Supervisor_ID, Known_Aliases) VALUES (1155, 'Jonathan Powell', 'Researcher', 32, 'Deceased', 'Underground', 1117, NULL);
INSERT INTO Person (Person_ID, Name, Role, Age, Status, Affiliation, Supervisor_ID, Known_Aliases) VALUES (1156, 'Mike Byers', 'Researcher', 65, 'Active', 'Resident', 1136, NULL);
INSERT INTO Person (Person_ID, Name, Role, Age, Status, Affiliation, Supervisor_ID, Known_Aliases) VALUES (1157, 'Alan Brown', 'Victim', 17, 'Active', 'Independent', 1087, NULL);
INSERT INTO Person (Person_ID, Name, Role, Age, Status, Affiliation, Supervisor_ID, Known_Aliases) VALUES (1158, 'Grant Jones', 'Researcher', 30, 'Active', 'Hawkins PD', 1139, 'Grant54');
INSERT INTO Person (Person_ID, Name, Role, Age, Status, Affiliation, Supervisor_ID, Known_Aliases) VALUES (1159, 'Karen Brown', 'Researcher', 65, 'Deceased', 'Hawkins Lab', 1090, NULL);
INSERT INTO Person (Person_ID, Name, Role, Age, Status, Affiliation, Supervisor_ID, Known_Aliases) VALUES (1160, 'Reynolds Mayfield', 'Victim', 30, 'Active', 'Underground', 1067, NULL);
INSERT INTO Person (Person_ID, Name, Role, Age, Status, Affiliation, Supervisor_ID, Known_Aliases) VALUES (1161, 'Kali Owens', 'Victim', 17, 'Active', 'Underground', 1156, 'Kali68');
INSERT INTO Person (Person_ID, Name, Role, Age, Status, Affiliation, Supervisor_ID, Known_Aliases) VALUES (1162, 'Grant Hopper', 'Agent', 42, 'Active', 'Student', 1123, NULL);
INSERT INTO Person (Person_ID, Name, Role, Age, Status, Affiliation, Supervisor_ID, Known_Aliases) VALUES (1163, 'Dustin Hopper', 'Agent', 16, 'Active', 'Hawkins PD', 1049, NULL);
INSERT INTO Person (Person_ID, Name, Role, Age, Status, Affiliation, Supervisor_ID, Known_Aliases) VALUES (1164, 'Hopper Brenner', 'Researcher', 46, 'Active', 'Resident', 1063, NULL);
INSERT INTO Person (Person_ID, Name, Role, Age, Status, Affiliation, Supervisor_ID, Known_Aliases) VALUES (1165, 'Eddie Taylor', 'Victim', 63, 'Active', 'Contractor', 1071, 'Eddie26');
INSERT INTO Person (Person_ID, Name, Role, Age, Status, Affiliation, Supervisor_ID, Known_Aliases) VALUES (1166, 'Joyce Munson', 'Victim', 32, 'Deceased', 'Student', 1142, NULL);
INSERT INTO Person (Person_ID, Name, Role, Age, Status, Affiliation, Supervisor_ID, Known_Aliases) VALUES (1167, 'Grant Taylor', 'Researcher', 60, 'Active', 'Federal', 1076, NULL);
INSERT INTO Person (Person_ID, Name, Role, Age, Status, Affiliation, Supervisor_ID, Known_Aliases) VALUES (1168, 'Joyce Reynolds', 'Researcher', 63, 'Active', 'Student', 1057, NULL);
INSERT INTO Person (Person_ID, Name, Role, Age, Status, Affiliation, Supervisor_ID, Known_Aliases) VALUES (1169, 'Owens Reynolds', 'Psychic_Subject', 43, 'Active', 'Underground', 1076, NULL);
INSERT INTO Person (Person_ID, Name, Role, Age, Status, Affiliation, Supervisor_ID, Known_Aliases) VALUES (1170, 'Collins Collins', 'Victim', 58, 'Active', 'Student', 1073, NULL);
INSERT INTO Person (Person_ID, Name, Role, Age, Status, Affiliation, Supervisor_ID, Known_Aliases) VALUES (1171, 'Eleven Grant', 'Researcher', 17, 'Active', 'Federal', 1053, NULL);
INSERT INTO Person (Person_ID, Name, Role, Age, Status, Affiliation, Supervisor_ID, Known_Aliases) VALUES (1172, 'Powell Jones', 'Researcher', 40, 'Active', 'Hawkins Lab', 1125, NULL);
INSERT INTO Person (Person_ID, Name, Role, Age, Status, Affiliation, Supervisor_ID, Known_Aliases) VALUES (1173, 'Brenner Jones', 'Researcher', 62, 'Deceased', 'Hawkins PD', 1081, NULL);
INSERT INTO Person (Person_ID, Name, Role, Age, Status, Affiliation, Supervisor_ID, Known_Aliases) VALUES (1174, 'Owens Powell', 'Agent', 59, 'Active', 'Hawkins Lab', 1122, 'Owens78');
INSERT INTO Person (Person_ID, Name, Role, Age, Status, Affiliation, Supervisor_ID, Known_Aliases) VALUES (1175, 'Eddie Byers', 'Researcher', 27, 'Active', 'Underground', 1089, NULL);
INSERT INTO Person (Person_ID, Name, Role, Age, Status, Affiliation, Supervisor_ID, Known_Aliases) VALUES (1176, 'Reynolds Byers', 'Victim', 55, 'Active', 'Underground', 1143, NULL);
INSERT INTO Person (Person_ID, Name, Role, Age, Status, Affiliation, Supervisor_ID, Known_Aliases) VALUES (1177, 'Jonathan Brenner', 'Agent', 37, 'Active', 'Federal', 1070, NULL);
INSERT INTO Person (Person_ID, Name, Role, Age, Status, Affiliation, Supervisor_ID, Known_Aliases) VALUES (1178, 'Nancy Hopper', 'Victim', 43, 'Active', 'Hawkins PD', 1073, NULL);
INSERT INTO Person (Person_ID, Name, Role, Age, Status, Affiliation, Supervisor_ID, Known_Aliases) VALUES (1179, 'Dustin Brown', 'Researcher', 51, 'Active', 'Contractor', 1031, NULL);
INSERT INTO Person (Person_ID, Name, Role, Age, Status, Affiliation, Supervisor_ID, Known_Aliases) VALUES (1180, 'Mike Wheeler', 'Agent', 57, 'Active', 'Hawkins PD', 1146, NULL);
INSERT INTO Person (Person_ID, Name, Role, Age, Status, Affiliation, Supervisor_ID, Known_Aliases) VALUES (1181, 'Hopper Powell', 'Victim', 47, 'Active', 'Federal', 1173, NULL);
INSERT INTO Person (Person_ID, Name, Role, Age, Status, Affiliation, Supervisor_ID, Known_Aliases) VALUES (1182, 'Karen Owens', 'Victim', 44, 'Active', 'Independent', 1139, NULL);
INSERT INTO Person (Person_ID, Name, Role, Age, Status, Affiliation, Supervisor_ID, Known_Aliases) VALUES (1183, 'Lucas Taylor', 'Researcher', 47, 'Active', 'Contractor', 1097, NULL);
INSERT INTO Person (Person_ID, Name, Role, Age, Status, Affiliation, Supervisor_ID, Known_Aliases) VALUES (1184, 'Grant Brenner', 'Victim', 17, 'Active', 'Student', 1101, NULL);
INSERT INTO Person (Person_ID, Name, Role, Age, Status, Affiliation, Supervisor_ID, Known_Aliases) VALUES (1185, 'Alan Jones', 'Victim', 64, 'Active', 'Resident', 1088, NULL);
INSERT INTO Person (Person_ID, Name, Role, Age, Status, Affiliation, Supervisor_ID, Known_Aliases) VALUES (1186, 'Karen Wheeler', 'Agent', 55, 'Active', 'Resident', 1037, NULL);
INSERT INTO Person (Person_ID, Name, Role, Age, Status, Affiliation, Supervisor_ID, Known_Aliases) VALUES (1187, 'Grant Owens', 'Victim', 20, 'Active', 'Hawkins Lab', 1074, NULL);
INSERT INTO Person (Person_ID, Name, Role, Age, Status, Affiliation, Supervisor_ID, Known_Aliases) VALUES (1188, 'Collins Brenner', 'Researcher', 22, 'Active', 'Independent', 1010, NULL);
INSERT INTO Person (Person_ID, Name, Role, Age, Status, Affiliation, Supervisor_ID, Known_Aliases) VALUES (1189, 'Collins Grant', 'Victim', 28, 'Active', 'Federal', 1073, 'Collins39');
INSERT INTO Person (Person_ID, Name, Role, Age, Status, Affiliation, Supervisor_ID, Known_Aliases) VALUES (1190, 'Powell Wheeler', 'Agent', 22, 'Active', 'Resident', 1182, 'Powell80');
INSERT INTO Person (Person_ID, Name, Role, Age, Status, Affiliation, Supervisor_ID, Known_Aliases) VALUES (1191, 'Powell Reynolds', 'Victim', 48, 'Active', 'Hawkins Lab', 1020, 'Powell83');
INSERT INTO Person (Person_ID, Name, Role, Age, Status, Affiliation, Supervisor_ID, Known_Aliases) VALUES (1192, 'Reynolds Collins', 'Victim', 61, 'Active', 'Hawkins Lab', 1088, NULL);
INSERT INTO Person (Person_ID, Name, Role, Age, Status, Affiliation, Supervisor_ID, Known_Aliases) VALUES (1193, 'Karen Grant', 'Victim', 31, 'Active', 'Student', 1113, NULL);
INSERT INTO Person (Person_ID, Name, Role, Age, Status, Affiliation, Supervisor_ID, Known_Aliases) VALUES (1194, 'Jonathan Byers', 'Researcher', 38, 'Active', 'Independent', 1167, NULL);
INSERT INTO Person (Person_ID, Name, Role, Age, Status, Affiliation, Supervisor_ID, Known_Aliases) VALUES (1195, 'Mike Reynolds', 'Victim', 32, 'Active', 'Underground', 1065, NULL);
INSERT INTO Person (Person_ID, Name, Role, Age, Status, Affiliation, Supervisor_ID, Known_Aliases) VALUES (1196, 'Mike Powell', 'Agent', 18, 'Active', 'Contractor', 1191, 'Mike58');
INSERT INTO Person (Person_ID, Name, Role, Age, Status, Affiliation, Supervisor_ID, Known_Aliases) VALUES (1197, 'Lucas Brenner', 'Researcher', 30, 'Deceased', 'Student', 1122, NULL);
INSERT INTO Person (Person_ID, Name, Role, Age, Status, Affiliation, Supervisor_ID, Known_Aliases) VALUES (1198, 'Eleven Reynolds', 'Psychic_Subject', 58, 'Active', 'Resident', 1054, NULL);
INSERT INTO Person (Person_ID, Name, Role, Age, Status, Affiliation, Supervisor_ID, Known_Aliases) VALUES (1199, 'Collins Brown', 'Agent', 31, 'Active', 'Hawkins PD', 1051, NULL);
INSERT INTO Victim (Person_ID, Injury_Severity) VALUES (1000, 'Severe');
INSERT INTO Agent (Person_ID, Success_Rate) VALUES (1001, 80.13);
INSERT INTO Agent (Person_ID, Success_Rate) VALUES (1002, 78.62);
INSERT INTO Researcher (Person_ID, Clearance_Level) VALUES (1003, 'Secret');
INSERT INTO Agent (Person_ID, Success_Rate) VALUES (1004, 86.49);
INSERT INTO Agent (Person_ID, Success_Rate) VALUES (1005, 82.51);
INSERT INTO Researcher (Person_ID, Clearance_Level) VALUES (1006, 'Secret');
INSERT INTO Researcher (Person_ID, Clearance_Level) VALUES (1007, 'Secret');
INSERT INTO Agent (Person_ID, Success_Rate) VALUES (1008, 64.74);
INSERT INTO Victim (Person_ID, Injury_Severity) VALUES (1009, 'Mild');
INSERT INTO Victim (Person_ID, Injury_Severity) VALUES (1010, 'Moderate');
INSERT INTO Researcher (Person_ID, Clearance_Level) VALUES (1011, 'Top Secret');
INSERT INTO Victim (Person_ID, Injury_Severity) VALUES (1012, 'Moderate');
INSERT INTO Researcher (Person_ID, Clearance_Level) VALUES (1013, 'Secret');
INSERT INTO Victim (Person_ID, Injury_Severity) VALUES (1014, 'Moderate');
INSERT INTO Victim (Person_ID, Injury_Severity) VALUES (1015, 'Moderate');
INSERT INTO Researcher (Person_ID, Clearance_Level) VALUES (1016, 'Restricted');
INSERT INTO Agent (Person_ID, Success_Rate) VALUES (1017, 77.17);
INSERT INTO Agent (Person_ID, Success_Rate) VALUES (1018, 77.19);
INSERT INTO Agent (Person_ID, Success_Rate) VALUES (1019, 71.25);
INSERT INTO Victim (Person_ID, Injury_Severity) VALUES (1020, 'Moderate');
INSERT INTO Researcher (Person_ID, Clearance_Level) VALUES (1021, 'Top Secret');
INSERT INTO Researcher (Person_ID, Clearance_Level) VALUES (1022, 'Secret');
INSERT INTO Victim (Person_ID, Injury_Severity) VALUES (1023, 'Moderate');
INSERT INTO Victim (Person_ID, Injury_Severity) VALUES (1024, 'Moderate');
INSERT INTO Victim (Person_ID, Injury_Severity) VALUES (1025, 'Moderate');
INSERT INTO Agent (Person_ID, Success_Rate) VALUES (1026, 86.98);
INSERT INTO Psychic_Subject (Person_ID, Ability_Type, Control_Score, Power_Level) VALUES (1027, 'Telekinesis', 73, 62);
INSERT INTO Psychic_Subject (Person_ID, Ability_Type, Control_Score, Power_Level) VALUES (1028, 'Illusion', 45, 79);
INSERT INTO Victim (Person_ID, Injury_Severity) VALUES (1029, 'Severe');
INSERT INTO Agent (Person_ID, Success_Rate) VALUES (1030, 86.17);
INSERT INTO Psychic_Subject (Person_ID, Ability_Type, Control_Score, Power_Level) VALUES (1031, 'Illusion', 81, 80);
INSERT INTO Victim (Person_ID, Injury_Severity) VALUES (1032, 'Severe');
INSERT INTO Researcher (Person_ID, Clearance_Level) VALUES (1033, 'Restricted');
INSERT INTO Victim (Person_ID, Injury_Severity) VALUES (1034, 'Severe');
INSERT INTO Researcher (Person_ID, Clearance_Level) VALUES (1035, 'Restricted');
INSERT INTO Agent (Person_ID, Success_Rate) VALUES (1036, 61.65);
INSERT INTO Agent (Person_ID, Success_Rate) VALUES (1037, 70.6);
INSERT INTO Researcher (Person_ID, Clearance_Level) VALUES (1038, 'Restricted');
INSERT INTO Agent (Person_ID, Success_Rate) VALUES (1039, 72.31);
INSERT INTO Researcher (Person_ID, Clearance_Level) VALUES (1040, 'Top Secret');
INSERT INTO Researcher (Person_ID, Clearance_Level) VALUES (1041, 'Restricted');
INSERT INTO Researcher (Person_ID, Clearance_Level) VALUES (1042, 'Top Secret');
INSERT INTO Victim (Person_ID, Injury_Severity) VALUES (1043, 'Moderate');
INSERT INTO Agent (Person_ID, Success_Rate) VALUES (1044, 85.85);
INSERT INTO Victim (Person_ID, Injury_Severity) VALUES (1045, 'Severe');
INSERT INTO Psychic_Subject (Person_ID, Ability_Type, Control_Score, Power_Level) VALUES (1046, 'Illusion', 72, 83);
INSERT INTO Victim (Person_ID, Injury_Severity) VALUES (1047, 'Severe');
INSERT INTO Researcher (Person_ID, Clearance_Level) VALUES (1048, 'Top Secret');
INSERT INTO Researcher (Person_ID, Clearance_Level) VALUES (1049, 'Restricted');
INSERT INTO Agent (Person_ID, Success_Rate) VALUES (1050, 91.87);
INSERT INTO Researcher (Person_ID, Clearance_Level) VALUES (1051, 'Restricted');
INSERT INTO Victim (Person_ID, Injury_Severity) VALUES (1052, 'Moderate');
INSERT INTO Agent (Person_ID, Success_Rate) VALUES (1053, 93.25);
INSERT INTO Agent (Person_ID, Success_Rate) VALUES (1054, 91.23);
INSERT INTO Researcher (Person_ID, Clearance_Level) VALUES (1055, 'Top Secret');
INSERT INTO Victim (Person_ID, Injury_Severity) VALUES (1056, 'Moderate');
INSERT INTO Victim (Person_ID, Injury_Severity) VALUES (1057, 'Mild');
INSERT INTO Victim (Person_ID, Injury_Severity) VALUES (1058, 'Severe');
INSERT INTO Agent (Person_ID, Success_Rate) VALUES (1059, 67.13);
INSERT INTO Victim (Person_ID, Injury_Severity) VALUES (1060, 'Mild');
INSERT INTO Victim (Person_ID, Injury_Severity) VALUES (1061, 'Severe');
INSERT INTO Victim (Person_ID, Injury_Severity) VALUES (1062, 'Severe');
INSERT INTO Agent (Person_ID, Success_Rate) VALUES (1063, 81.46);
INSERT INTO Agent (Person_ID, Success_Rate) VALUES (1064, 61.58);
INSERT INTO Researcher (Person_ID, Clearance_Level) VALUES (1065, 'Secret');
INSERT INTO Victim (Person_ID, Injury_Severity) VALUES (1066, 'Mild');
INSERT INTO Victim (Person_ID, Injury_Severity) VALUES (1067, 'Severe');
INSERT INTO Researcher (Person_ID, Clearance_Level) VALUES (1068, 'Restricted');
INSERT INTO Psychic_Subject (Person_ID, Ability_Type, Control_Score, Power_Level) VALUES (1069, 'Telepathy', 40, 75);
INSERT INTO Researcher (Person_ID, Clearance_Level) VALUES (1070, 'Top Secret');
INSERT INTO Agent (Person_ID, Success_Rate) VALUES (1071, 88.48);
INSERT INTO Agent (Person_ID, Success_Rate) VALUES (1072, 89.1);
INSERT INTO Researcher (Person_ID, Clearance_Level) VALUES (1073, 'Restricted');
INSERT INTO Victim (Person_ID, Injury_Severity) VALUES (1074, 'Moderate');
INSERT INTO Victim (Person_ID, Injury_Severity) VALUES (1075, 'Mild');
INSERT INTO Victim (Person_ID, Injury_Severity) VALUES (1076, 'Moderate');
INSERT INTO Researcher (Person_ID, Clearance_Level) VALUES (1077, 'Secret');
INSERT INTO Agent (Person_ID, Success_Rate) VALUES (1078, 61.57);
INSERT INTO Victim (Person_ID, Injury_Severity) VALUES (1079, 'Mild');
INSERT INTO Agent (Person_ID, Success_Rate) VALUES (1080, 80.96);
INSERT INTO Researcher (Person_ID, Clearance_Level) VALUES (1081, 'Top Secret');
INSERT INTO Agent (Person_ID, Success_Rate) VALUES (1082, 83.4);
INSERT INTO Agent (Person_ID, Success_Rate) VALUES (1083, 90.87);
INSERT INTO Researcher (Person_ID, Clearance_Level) VALUES (1084, 'Secret');
INSERT INTO Victim (Person_ID, Injury_Severity) VALUES (1085, 'Severe');
INSERT INTO Victim (Person_ID, Injury_Severity) VALUES (1086, 'Severe');
INSERT INTO Researcher (Person_ID, Clearance_Level) VALUES (1087, 'Top Secret');
INSERT INTO Researcher (Person_ID, Clearance_Level) VALUES (1088, 'Top Secret');
INSERT INTO Victim (Person_ID, Injury_Severity) VALUES (1089, 'Moderate');
INSERT INTO Victim (Person_ID, Injury_Severity) VALUES (1090, 'Mild');
INSERT INTO Psychic_Subject (Person_ID, Ability_Type, Control_Score, Power_Level) VALUES (1091, 'Telepathy', 66, 60);
INSERT INTO Agent (Person_ID, Success_Rate) VALUES (1092, 74.56);
INSERT INTO Researcher (Person_ID, Clearance_Level) VALUES (1093, 'Secret');
INSERT INTO Victim (Person_ID, Injury_Severity) VALUES (1094, 'Moderate');
INSERT INTO Researcher (Person_ID, Clearance_Level) VALUES (1095, 'Secret');
INSERT INTO Agent (Person_ID, Success_Rate) VALUES (1096, 89.49);
INSERT INTO Victim (Person_ID, Injury_Severity) VALUES (1097, 'Mild');
INSERT INTO Victim (Person_ID, Injury_Severity) VALUES (1098, 'Moderate');
INSERT INTO Agent (Person_ID, Success_Rate) VALUES (1099, 68.87);
INSERT INTO Researcher (Person_ID, Clearance_Level) VALUES (1100, 'Restricted');
INSERT INTO Victim (Person_ID, Injury_Severity) VALUES (1101, 'Severe');
INSERT INTO Victim (Person_ID, Injury_Severity) VALUES (1102, 'Severe');
INSERT INTO Agent (Person_ID, Success_Rate) VALUES (1103, 73.84);
INSERT INTO Researcher (Person_ID, Clearance_Level) VALUES (1104, 'Top Secret');
INSERT INTO Agent (Person_ID, Success_Rate) VALUES (1105, 86.85);
INSERT INTO Victim (Person_ID, Injury_Severity) VALUES (1106, 'Mild');
INSERT INTO Psychic_Subject (Person_ID, Ability_Type, Control_Score, Power_Level) VALUES (1107, 'Illusion', 44, 100);
INSERT INTO Victim (Person_ID, Injury_Severity) VALUES (1108, 'Mild');
INSERT INTO Agent (Person_ID, Success_Rate) VALUES (1109, 64.03);
INSERT INTO Victim (Person_ID, Injury_Severity) VALUES (1110, 'Moderate');
INSERT INTO Researcher (Person_ID, Clearance_Level) VALUES (1111, 'Restricted');
INSERT INTO Agent (Person_ID, Success_Rate) VALUES (1112, 66.42);
INSERT INTO Researcher (Person_ID, Clearance_Level) VALUES (1113, 'Secret');
INSERT INTO Victim (Person_ID, Injury_Severity) VALUES (1114, 'Mild');
INSERT INTO Victim (Person_ID, Injury_Severity) VALUES (1115, 'Severe');
INSERT INTO Agent (Person_ID, Success_Rate) VALUES (1116, 68.98);
INSERT INTO Victim (Person_ID, Injury_Severity) VALUES (1117, 'Severe');
INSERT INTO Agent (Person_ID, Success_Rate) VALUES (1118, 85.03);
INSERT INTO Researcher (Person_ID, Clearance_Level) VALUES (1119, 'Top Secret');
INSERT INTO Researcher (Person_ID, Clearance_Level) VALUES (1120, 'Secret');
INSERT INTO Victim (Person_ID, Injury_Severity) VALUES (1121, 'Moderate');
INSERT INTO Victim (Person_ID, Injury_Severity) VALUES (1122, 'Severe');
INSERT INTO Victim (Person_ID, Injury_Severity) VALUES (1123, 'Moderate');
INSERT INTO Researcher (Person_ID, Clearance_Level) VALUES (1124, 'Secret');
INSERT INTO Researcher (Person_ID, Clearance_Level) VALUES (1125, 'Top Secret');
INSERT INTO Researcher (Person_ID, Clearance_Level) VALUES (1126, 'Secret');
INSERT INTO Agent (Person_ID, Success_Rate) VALUES (1127, 63.8);
INSERT INTO Psychic_Subject (Person_ID, Ability_Type, Control_Score, Power_Level) VALUES (1128, 'Telekinesis', 65, 72);
INSERT INTO Agent (Person_ID, Success_Rate) VALUES (1129, 93.26);
INSERT INTO Victim (Person_ID, Injury_Severity) VALUES (1130, 'Severe');
INSERT INTO Psychic_Subject (Person_ID, Ability_Type, Control_Score, Power_Level) VALUES (1131, 'Biokinesis', 52, 68);
INSERT INTO Researcher (Person_ID, Clearance_Level) VALUES (1132, 'Top Secret');
INSERT INTO Agent (Person_ID, Success_Rate) VALUES (1133, 94.84);
INSERT INTO Victim (Person_ID, Injury_Severity) VALUES (1134, 'Moderate');
INSERT INTO Victim (Person_ID, Injury_Severity) VALUES (1135, 'Moderate');
INSERT INTO Researcher (Person_ID, Clearance_Level) VALUES (1136, 'Restricted');
INSERT INTO Agent (Person_ID, Success_Rate) VALUES (1137, 63.9);
INSERT INTO Researcher (Person_ID, Clearance_Level) VALUES (1138, 'Restricted');
INSERT INTO Agent (Person_ID, Success_Rate) VALUES (1139, 89.16);
INSERT INTO Agent (Person_ID, Success_Rate) VALUES (1140, 66.46);
INSERT INTO Researcher (Person_ID, Clearance_Level) VALUES (1141, 'Top Secret');
INSERT INTO Researcher (Person_ID, Clearance_Level) VALUES (1142, 'Restricted');
INSERT INTO Researcher (Person_ID, Clearance_Level) VALUES (1143, 'Restricted');
INSERT INTO Victim (Person_ID, Injury_Severity) VALUES (1144, 'Moderate');
INSERT INTO Researcher (Person_ID, Clearance_Level) VALUES (1145, 'Top Secret');
INSERT INTO Researcher (Person_ID, Clearance_Level) VALUES (1146, 'Secret');
INSERT INTO Victim (Person_ID, Injury_Severity) VALUES (1147, 'Moderate');
INSERT INTO Victim (Person_ID, Injury_Severity) VALUES (1148, 'Severe');
INSERT INTO Victim (Person_ID, Injury_Severity) VALUES (1149, 'Mild');
INSERT INTO Agent (Person_ID, Success_Rate) VALUES (1150, 75.47);
INSERT INTO Psychic_Subject (Person_ID, Ability_Type, Control_Score, Power_Level) VALUES (1151, 'Telekinesis', 82, 92);
INSERT INTO Victim (Person_ID, Injury_Severity) VALUES (1152, 'Mild');
INSERT INTO Agent (Person_ID, Success_Rate) VALUES (1153, 86.9);
INSERT INTO Psychic_Subject (Person_ID, Ability_Type, Control_Score, Power_Level) VALUES (1154, 'Telepathy', 42, 96);
INSERT INTO Researcher (Person_ID, Clearance_Level) VALUES (1155, 'Restricted');
INSERT INTO Researcher (Person_ID, Clearance_Level) VALUES (1156, 'Restricted');
INSERT INTO Victim (Person_ID, Injury_Severity) VALUES (1157, 'Moderate');
INSERT INTO Researcher (Person_ID, Clearance_Level) VALUES (1158, 'Secret');
INSERT INTO Researcher (Person_ID, Clearance_Level) VALUES (1159, 'Restricted');
INSERT INTO Victim (Person_ID, Injury_Severity) VALUES (1160, 'Moderate');
INSERT INTO Victim (Person_ID, Injury_Severity) VALUES (1161, 'Moderate');
INSERT INTO Agent (Person_ID, Success_Rate) VALUES (1162, 67.02);
INSERT INTO Agent (Person_ID, Success_Rate) VALUES (1163, 82.54);
INSERT INTO Researcher (Person_ID, Clearance_Level) VALUES (1164, 'Secret');
INSERT INTO Victim (Person_ID, Injury_Severity) VALUES (1165, 'Moderate');
INSERT INTO Victim (Person_ID, Injury_Severity) VALUES (1166, 'Mild');
INSERT INTO Researcher (Person_ID, Clearance_Level) VALUES (1167, 'Secret');
INSERT INTO Researcher (Person_ID, Clearance_Level) VALUES (1168, 'Top Secret');
INSERT INTO Psychic_Subject (Person_ID, Ability_Type, Control_Score, Power_Level) VALUES (1169, 'Telekinesis', 54, 71);
INSERT INTO Victim (Person_ID, Injury_Severity) VALUES (1170, 'Severe');
INSERT INTO Researcher (Person_ID, Clearance_Level) VALUES (1171, 'Restricted');
INSERT INTO Researcher (Person_ID, Clearance_Level) VALUES (1172, 'Secret');
INSERT INTO Researcher (Person_ID, Clearance_Level) VALUES (1173, 'Top Secret');
INSERT INTO Agent (Person_ID, Success_Rate) VALUES (1174, 85.24);
INSERT INTO Researcher (Person_ID, Clearance_Level) VALUES (1175, 'Restricted');
INSERT INTO Victim (Person_ID, Injury_Severity) VALUES (1176, 'Moderate');
INSERT INTO Agent (Person_ID, Success_Rate) VALUES (1177, 62.43);
INSERT INTO Victim (Person_ID, Injury_Severity) VALUES (1178, 'Mild');
INSERT INTO Researcher (Person_ID, Clearance_Level) VALUES (1179, 'Top Secret');
INSERT INTO Agent (Person_ID, Success_Rate) VALUES (1180, 78.5);
INSERT INTO Victim (Person_ID, Injury_Severity) VALUES (1181, 'Severe');
INSERT INTO Victim (Person_ID, Injury_Severity) VALUES (1182, 'Mild');
INSERT INTO Researcher (Person_ID, Clearance_Level) VALUES (1183, 'Restricted');
INSERT INTO Victim (Person_ID, Injury_Severity) VALUES (1184, 'Severe');
INSERT INTO Victim (Person_ID, Injury_Severity) VALUES (1185, 'Moderate');
INSERT INTO Agent (Person_ID, Success_Rate) VALUES (1186, 61.98);
INSERT INTO Victim (Person_ID, Injury_Severity) VALUES (1187, 'Severe');
INSERT INTO Researcher (Person_ID, Clearance_Level) VALUES (1188, 'Restricted');
INSERT INTO Victim (Person_ID, Injury_Severity) VALUES (1189, 'Moderate');
INSERT INTO Agent (Person_ID, Success_Rate) VALUES (1190, 78.13);
INSERT INTO Victim (Person_ID, Injury_Severity) VALUES (1191, 'Mild');
INSERT INTO Victim (Person_ID, Injury_Severity) VALUES (1192, 'Severe');
INSERT INTO Victim (Person_ID, Injury_Severity) VALUES (1193, 'Severe');
INSERT INTO Researcher (Person_ID, Clearance_Level) VALUES (1194, 'Restricted');
INSERT INTO Victim (Person_ID, Injury_Severity) VALUES (1195, 'Severe');
INSERT INTO Agent (Person_ID, Success_Rate) VALUES (1196, 92.65);
INSERT INTO Researcher (Person_ID, Clearance_Level) VALUES (1197, 'Secret');
INSERT INTO Psychic_Subject (Person_ID, Ability_Type, Control_Score, Power_Level) VALUES (1198, 'Telekinesis', 49, 66);
INSERT INTO Agent (Person_ID, Success_Rate) VALUES (1199, 83.95);
INSERT INTO Entity (Entity_ID, Name, Species, Threat_Level, Origin_World, First_Sighting) VALUES (2000, 'Void Hound_2000', 'Mind_Entity', 'High', 'UpsideDown', '1987-12-19');
INSERT INTO Entity (Entity_ID, Name, Species, Threat_Level, Origin_World, First_Sighting) VALUES (2001, 'Shadow Stalker_2001', 'Mind_Entity', 'Critical', 'UpsideDown', '1984-01-04');
INSERT INTO Entity (Entity_ID, Name, Species, Threat_Level, Origin_World, First_Sighting) VALUES (2002, 'Echoing Wretch_2002', 'Shadow_Creature', 'Low', 'UpsideDown', '1983-09-06');
INSERT INTO Entity (Entity_ID, Name, Species, Threat_Level, Origin_World, First_Sighting) VALUES (2003, 'Echoing Wretch', 'Shadow_Creature', 'Medium', 'UpsideDown', '1985-06-10');
INSERT INTO Entity (Entity_ID, Name, Species, Threat_Level, Origin_World, First_Sighting) VALUES (2004, 'Whisper_2004', 'Monster', 'High', 'UpsideDown', '1983-03-14');
INSERT INTO Entity (Entity_ID, Name, Species, Threat_Level, Origin_World, First_Sighting) VALUES (2005, 'Mirror Knight', 'Monster', 'Critical', 'UpsideDown', '1986-03-24');
INSERT INTO Entity (Entity_ID, Name, Species, Threat_Level, Origin_World, First_Sighting) VALUES (2006, 'Void Hound', 'Monster', 'Low', 'UpsideDown', '1983-06-10');
INSERT INTO Entity (Entity_ID, Name, Species, Threat_Level, Origin_World, First_Sighting) VALUES (2007, 'StrangerWisp', 'Mind_Entity', 'Medium', 'UpsideDown', '1984-09-15');
INSERT INTO Entity (Entity_ID, Name, Species, Threat_Level, Origin_World, First_Sighting) VALUES (2008, 'Night Mare_2008', 'Monster', 'Medium', 'UpsideDown', '1985-12-06');
INSERT INTO Entity (Entity_ID, Name, Species, Threat_Level, Origin_World, First_Sighting) VALUES (2009, 'Demogorgon', 'Shadow_Creature', 'High', 'UpsideDown', '1984-10-28');
INSERT INTO Entity (Entity_ID, Name, Species, Threat_Level, Origin_World, First_Sighting) VALUES (2010, 'Whisper', 'Shadow_Creature', 'Medium', 'UpsideDown', '1983-03-05');
INSERT INTO Entity (Entity_ID, Name, Species, Threat_Level, Origin_World, First_Sighting) VALUES (2011, 'StrangerWisp_2011', 'Monster', 'Low', 'UpsideDown', '1986-05-11');
INSERT INTO Entity (Entity_ID, Name, Species, Threat_Level, Origin_World, First_Sighting) VALUES (2012, 'Night Mare_2012', 'Mind_Entity', 'Low', 'UpsideDown', '1984-01-22');
INSERT INTO Entity (Entity_ID, Name, Species, Threat_Level, Origin_World, First_Sighting) VALUES (2013, 'Mind Flayer_2013', 'Monster', 'Medium', 'UpsideDown', '1985-12-04');
INSERT INTO Entity (Entity_ID, Name, Species, Threat_Level, Origin_World, First_Sighting) VALUES (2014, 'Whisper', 'Shadow_Creature', 'Medium', 'UpsideDown', '1984-08-05');
INSERT INTO Entity (Entity_ID, Name, Species, Threat_Level, Origin_World, First_Sighting) VALUES (2015, 'StrangerWisp', 'Mind_Entity', 'Medium', 'UpsideDown', '1986-09-26');
INSERT INTO Entity (Entity_ID, Name, Species, Threat_Level, Origin_World, First_Sighting) VALUES (2016, 'Whisper', 'Monster', 'High', 'UpsideDown', '1983-09-15');
INSERT INTO Entity (Entity_ID, Name, Species, Threat_Level, Origin_World, First_Sighting) VALUES (2017, 'Bonecrawler', 'Monster', 'Critical', 'UpsideDown', '1987-09-07');
INSERT INTO Entity (Entity_ID, Name, Species, Threat_Level, Origin_World, First_Sighting) VALUES (2018, 'Glimmer_2018', 'Monster', 'Medium', 'UpsideDown', '1983-11-07');
INSERT INTO Entity (Entity_ID, Name, Species, Threat_Level, Origin_World, First_Sighting) VALUES (2019, 'Rift Shade_2019', 'Monster', 'Critical', 'UpsideDown', '1983-08-05');
INSERT INTO Entity (Entity_ID, Name, Species, Threat_Level, Origin_World, First_Sighting) VALUES (2020, 'Bonecrawler_2020', 'Mind_Entity', 'Low', 'UpsideDown', '1985-12-01');
INSERT INTO Entity (Entity_ID, Name, Species, Threat_Level, Origin_World, First_Sighting) VALUES (2021, 'Echoing Wretch_2021', 'Monster', 'High', 'UpsideDown', '1983-07-12');
INSERT INTO Entity (Entity_ID, Name, Species, Threat_Level, Origin_World, First_Sighting) VALUES (2022, 'Rift Shade_2022', 'Monster', 'Critical', 'UpsideDown', '1986-01-10');
INSERT INTO Entity (Entity_ID, Name, Species, Threat_Level, Origin_World, First_Sighting) VALUES (2023, 'Echoing Wretch_2023', 'Monster', 'High', 'Normal', '1986-06-13');
INSERT INTO Entity (Entity_ID, Name, Species, Threat_Level, Origin_World, First_Sighting) VALUES (2024, 'StrangerWisp', 'Shadow_Creature', 'Medium', 'UpsideDown', '1987-03-21');
INSERT INTO Entity (Entity_ID, Name, Species, Threat_Level, Origin_World, First_Sighting) VALUES (2025, 'Void Hound_2025', 'Monster', 'Critical', 'UpsideDown', '1984-12-08');
INSERT INTO Entity (Entity_ID, Name, Species, Threat_Level, Origin_World, First_Sighting) VALUES (2026, 'Void Hound_2026', 'Monster', 'Critical', 'UpsideDown', '1987-07-18');
INSERT INTO Entity (Entity_ID, Name, Species, Threat_Level, Origin_World, First_Sighting) VALUES (2027, 'Echoing Wretch', 'Monster', 'Medium', 'UpsideDown', '1984-12-25');
INSERT INTO Entity (Entity_ID, Name, Species, Threat_Level, Origin_World, First_Sighting) VALUES (2028, 'Mind Flayer_2028', 'Mind_Entity', 'Medium', 'UpsideDown', '1983-04-07');
INSERT INTO Entity (Entity_ID, Name, Species, Threat_Level, Origin_World, First_Sighting) VALUES (2029, 'Mind Flayer_2029', 'Monster', 'Medium', 'UpsideDown', '1983-04-24');
INSERT INTO Entity (Entity_ID, Name, Species, Threat_Level, Origin_World, First_Sighting) VALUES (2030, 'Demogorgon_2030', 'Monster', 'Medium', 'UpsideDown', '1983-03-17');
INSERT INTO Entity (Entity_ID, Name, Species, Threat_Level, Origin_World, First_Sighting) VALUES (2031, 'Night Mare_2031', 'Mind_Entity', 'High', 'UpsideDown', '1985-04-10');
INSERT INTO Entity (Entity_ID, Name, Species, Threat_Level, Origin_World, First_Sighting) VALUES (2032, 'Mirror Knight_2032', 'Mind_Entity', 'Medium', 'UpsideDown', '1985-01-18');
INSERT INTO Entity (Entity_ID, Name, Species, Threat_Level, Origin_World, First_Sighting) VALUES (2033, 'Glimmer', 'Monster', 'High', 'UpsideDown', '1986-01-12');
INSERT INTO Entity (Entity_ID, Name, Species, Threat_Level, Origin_World, First_Sighting) VALUES (2034, 'Whisper', 'Mind_Entity', 'Medium', 'UpsideDown', '1984-05-13');
INSERT INTO Entity (Entity_ID, Name, Species, Threat_Level, Origin_World, First_Sighting) VALUES (2035, 'Vecna', 'Shadow_Creature', 'Medium', 'UpsideDown', '1984-08-02');
INSERT INTO Entity (Entity_ID, Name, Species, Threat_Level, Origin_World, First_Sighting) VALUES (2036, 'Bonecrawler_2036', 'Shadow_Creature', 'High', 'UpsideDown', '1984-05-07');
INSERT INTO Entity (Entity_ID, Name, Species, Threat_Level, Origin_World, First_Sighting) VALUES (2037, 'Lurker', 'Shadow_Creature', 'High', 'UpsideDown', '1984-01-09');
INSERT INTO Entity (Entity_ID, Name, Species, Threat_Level, Origin_World, First_Sighting) VALUES (2038, 'Echoing Wretch', 'Mind_Entity', 'Low', 'UpsideDown', '1987-12-22');
INSERT INTO Entity (Entity_ID, Name, Species, Threat_Level, Origin_World, First_Sighting) VALUES (2039, 'Bonecrawler_2039', 'Monster', 'Critical', 'UpsideDown', '1983-04-07');
INSERT INTO Entity (Entity_ID, Name, Species, Threat_Level, Origin_World, First_Sighting) VALUES (2040, 'Rift Shade_2040', 'Shadow_Creature', 'Critical', 'UpsideDown', '1984-07-08');
INSERT INTO Entity (Entity_ID, Name, Species, Threat_Level, Origin_World, First_Sighting) VALUES (2041, 'Bonecrawler_2041', 'Shadow_Creature', 'Medium', 'UpsideDown', '1985-05-09');
INSERT INTO Entity (Entity_ID, Name, Species, Threat_Level, Origin_World, First_Sighting) VALUES (2042, 'Lurker_2042', 'Shadow_Creature', 'Medium', 'UpsideDown', '1986-06-07');
INSERT INTO Entity (Entity_ID, Name, Species, Threat_Level, Origin_World, First_Sighting) VALUES (2043, 'Lurker_2043', 'Monster', 'High', 'UpsideDown', '1984-01-09');
INSERT INTO Entity (Entity_ID, Name, Species, Threat_Level, Origin_World, First_Sighting) VALUES (2044, 'Bonecrawler', 'Mind_Entity', 'High', 'UpsideDown', '1984-06-08');
INSERT INTO Entity (Entity_ID, Name, Species, Threat_Level, Origin_World, First_Sighting) VALUES (2045, 'Echoing Wretch_2045', 'Monster', 'Medium', 'UpsideDown', '1985-05-25');
INSERT INTO Entity (Entity_ID, Name, Species, Threat_Level, Origin_World, First_Sighting) VALUES (2046, 'Void Hound_2046', 'Mind_Entity', 'High', 'UpsideDown', '1984-12-26');
INSERT INTO Entity (Entity_ID, Name, Species, Threat_Level, Origin_World, First_Sighting) VALUES (2047, 'Lurker_2047', 'Mind_Entity', 'Medium', 'UpsideDown', '1987-11-02');
INSERT INTO Entity (Entity_ID, Name, Species, Threat_Level, Origin_World, First_Sighting) VALUES (2048, 'Bonecrawler_2048', 'Monster', 'Critical', 'UpsideDown', '1983-07-05');
INSERT INTO Entity (Entity_ID, Name, Species, Threat_Level, Origin_World, First_Sighting) VALUES (2049, 'Void Hound', 'Monster', 'High', 'UpsideDown', '1987-08-12');
INSERT INTO Entity (Entity_ID, Name, Species, Threat_Level, Origin_World, First_Sighting) VALUES (2050, 'Demogorgon', 'Mind_Entity', 'Critical', 'UpsideDown', '1986-01-01');
INSERT INTO Entity (Entity_ID, Name, Species, Threat_Level, Origin_World, First_Sighting) VALUES (2051, 'Bonecrawler_2051', 'Monster', 'Low', 'UpsideDown', '1987-05-01');
INSERT INTO Entity (Entity_ID, Name, Species, Threat_Level, Origin_World, First_Sighting) VALUES (2052, 'Bonecrawler', 'Mind_Entity', 'Medium', 'Normal', '1984-02-04');
INSERT INTO Entity (Entity_ID, Name, Species, Threat_Level, Origin_World, First_Sighting) VALUES (2053, 'Bonecrawler_2053', 'Monster', 'High', 'UpsideDown', '1985-05-26');
INSERT INTO Entity (Entity_ID, Name, Species, Threat_Level, Origin_World, First_Sighting) VALUES (2054, 'Echoing Wretch_2054', 'Shadow_Creature', 'Medium', 'UpsideDown', '1984-05-22');
INSERT INTO Entity (Entity_ID, Name, Species, Threat_Level, Origin_World, First_Sighting) VALUES (2055, 'Void Hound', 'Mind_Entity', 'Critical', 'UpsideDown', '1983-02-13');
INSERT INTO Entity (Entity_ID, Name, Species, Threat_Level, Origin_World, First_Sighting) VALUES (2056, 'Echoing Wretch_2056', 'Shadow_Creature', 'Low', 'UpsideDown', '1984-02-16');
INSERT INTO Entity (Entity_ID, Name, Species, Threat_Level, Origin_World, First_Sighting) VALUES (2057, 'Void Hound_2057', 'Shadow_Creature', 'High', 'UpsideDown', '1983-09-02');
INSERT INTO Entity (Entity_ID, Name, Species, Threat_Level, Origin_World, First_Sighting) VALUES (2058, 'Shadow Stalker_2058', 'Mind_Entity', 'Critical', 'UpsideDown', '1983-02-22');
INSERT INTO Entity (Entity_ID, Name, Species, Threat_Level, Origin_World, First_Sighting) VALUES (2059, 'Mirror Knight_2059', 'Mind_Entity', 'High', 'UpsideDown', '1985-01-07');
INSERT INTO Entity (Entity_ID, Name, Species, Threat_Level, Origin_World, First_Sighting) VALUES (2060, 'Glimmer_2060', 'Mind_Entity', 'High', 'UpsideDown', '1985-03-19');
INSERT INTO Entity (Entity_ID, Name, Species, Threat_Level, Origin_World, First_Sighting) VALUES (2061, 'Shadow Stalker_2061', 'Shadow_Creature', 'High', 'UpsideDown', '1986-12-05');
INSERT INTO Entity (Entity_ID, Name, Species, Threat_Level, Origin_World, First_Sighting) VALUES (2062, 'Corpse Moth', 'Mind_Entity', 'Low', 'UpsideDown', '1985-01-04');
INSERT INTO Entity (Entity_ID, Name, Species, Threat_Level, Origin_World, First_Sighting) VALUES (2063, 'Echoing Wretch_2063', 'Monster', 'Medium', 'UpsideDown', '1987-07-25');
INSERT INTO Entity (Entity_ID, Name, Species, Threat_Level, Origin_World, First_Sighting) VALUES (2064, 'Lurker_2064', 'Shadow_Creature', 'High', 'UpsideDown', '1984-06-18');
INSERT INTO Entity (Entity_ID, Name, Species, Threat_Level, Origin_World, First_Sighting) VALUES (2065, 'Echoing Wretch_2065', 'Mind_Entity', 'High', 'UpsideDown', '1987-05-26');
INSERT INTO Entity (Entity_ID, Name, Species, Threat_Level, Origin_World, First_Sighting) VALUES (2066, 'Shadow Stalker', 'Monster', 'Medium', 'UpsideDown', '1984-12-13');
INSERT INTO Entity (Entity_ID, Name, Species, Threat_Level, Origin_World, First_Sighting) VALUES (2067, 'Lurker_2067', 'Monster', 'Low', 'UpsideDown', '1985-05-04');
INSERT INTO Entity (Entity_ID, Name, Species, Threat_Level, Origin_World, First_Sighting) VALUES (2068, 'Vecna_2068', 'Shadow_Creature', 'Medium', 'UpsideDown', '1986-02-01');
INSERT INTO Entity (Entity_ID, Name, Species, Threat_Level, Origin_World, First_Sighting) VALUES (2069, 'Mind Flayer_2069', 'Monster', 'High', 'UpsideDown', '1986-01-10');
INSERT INTO Entity (Entity_ID, Name, Species, Threat_Level, Origin_World, First_Sighting) VALUES (2070, 'Echoing Wretch_2070', 'Monster', 'High', 'UpsideDown', '1984-10-17');
INSERT INTO Entity (Entity_ID, Name, Species, Threat_Level, Origin_World, First_Sighting) VALUES (2071, 'Vecna', 'Monster', 'Low', 'UpsideDown', '1986-03-03');
INSERT INTO Entity (Entity_ID, Name, Species, Threat_Level, Origin_World, First_Sighting) VALUES (2072, 'Vecna_2072', 'Shadow_Creature', 'Medium', 'UpsideDown', '1985-05-08');
INSERT INTO Entity (Entity_ID, Name, Species, Threat_Level, Origin_World, First_Sighting) VALUES (2073, 'Rift Shade', 'Mind_Entity', 'High', 'UpsideDown', '1984-05-01');
INSERT INTO Entity (Entity_ID, Name, Species, Threat_Level, Origin_World, First_Sighting) VALUES (2074, 'Echoing Wretch_2074', 'Mind_Entity', 'Medium', 'UpsideDown', '1986-06-14');
INSERT INTO Entity (Entity_ID, Name, Species, Threat_Level, Origin_World, First_Sighting) VALUES (2075, 'Void Hound', 'Mind_Entity', 'Critical', 'UpsideDown', '1985-10-23');
INSERT INTO Entity (Entity_ID, Name, Species, Threat_Level, Origin_World, First_Sighting) VALUES (2076, 'Shadow Stalker_2076', 'Monster', 'Critical', 'Normal', '1985-12-23');
INSERT INTO Entity (Entity_ID, Name, Species, Threat_Level, Origin_World, First_Sighting) VALUES (2077, 'Whisper_2077', 'Mind_Entity', 'High', 'UpsideDown', '1985-07-12');
INSERT INTO Entity (Entity_ID, Name, Species, Threat_Level, Origin_World, First_Sighting) VALUES (2078, 'Mind Flayer', 'Monster', 'High', 'UpsideDown', '1987-01-24');
INSERT INTO Entity (Entity_ID, Name, Species, Threat_Level, Origin_World, First_Sighting) VALUES (2079, 'StrangerWisp', 'Monster', 'Medium', 'UpsideDown', '1983-07-22');
INSERT INTO Entity (Entity_ID, Name, Species, Threat_Level, Origin_World, First_Sighting) VALUES (2080, 'StrangerWisp_2080', 'Shadow_Creature', 'Medium', 'UpsideDown', '1986-07-03');
INSERT INTO Entity (Entity_ID, Name, Species, Threat_Level, Origin_World, First_Sighting) VALUES (2081, 'StrangerWisp', 'Shadow_Creature', 'High', 'UpsideDown', '1986-09-02');
INSERT INTO Entity (Entity_ID, Name, Species, Threat_Level, Origin_World, First_Sighting) VALUES (2082, 'Corpse Moth', 'Mind_Entity', 'Critical', 'UpsideDown', '1983-02-25');
INSERT INTO Entity (Entity_ID, Name, Species, Threat_Level, Origin_World, First_Sighting) VALUES (2083, 'Shadow Stalker', 'Shadow_Creature', 'Low', 'UpsideDown', '1987-11-22');
INSERT INTO Entity (Entity_ID, Name, Species, Threat_Level, Origin_World, First_Sighting) VALUES (2084, 'Whisper_2084', 'Shadow_Creature', 'Critical', 'UpsideDown', '1983-02-09');
INSERT INTO Entity (Entity_ID, Name, Species, Threat_Level, Origin_World, First_Sighting) VALUES (2085, 'Shadow Stalker_2085', 'Mind_Entity', 'High', 'UpsideDown', '1984-08-12');
INSERT INTO Entity (Entity_ID, Name, Species, Threat_Level, Origin_World, First_Sighting) VALUES (2086, 'Echoing Wretch_2086', 'Mind_Entity', 'High', 'UpsideDown', '1985-01-16');
INSERT INTO Entity (Entity_ID, Name, Species, Threat_Level, Origin_World, First_Sighting) VALUES (2087, 'Mind Flayer_2087', 'Monster', 'Low', 'Normal', '1984-06-10');
INSERT INTO Entity (Entity_ID, Name, Species, Threat_Level, Origin_World, First_Sighting) VALUES (2088, 'Lurker_2088', 'Monster', 'Medium', 'UpsideDown', '1983-08-24');
INSERT INTO Entity (Entity_ID, Name, Species, Threat_Level, Origin_World, First_Sighting) VALUES (2089, 'Rift Shade_2089', 'Monster', 'Medium', 'UpsideDown', '1983-01-28');
INSERT INTO Entity (Entity_ID, Name, Species, Threat_Level, Origin_World, First_Sighting) VALUES (2090, 'Lurker', 'Mind_Entity', 'High', 'UpsideDown', '1984-09-06');
INSERT INTO Entity (Entity_ID, Name, Species, Threat_Level, Origin_World, First_Sighting) VALUES (2091, 'Bonecrawler_2091', 'Mind_Entity', 'Medium', 'UpsideDown', '1986-11-06');
INSERT INTO Entity (Entity_ID, Name, Species, Threat_Level, Origin_World, First_Sighting) VALUES (2092, 'Vecna', 'Shadow_Creature', 'Medium', 'UpsideDown', '1984-08-19');
INSERT INTO Entity (Entity_ID, Name, Species, Threat_Level, Origin_World, First_Sighting) VALUES (2093, 'Echoing Wretch_2093', 'Mind_Entity', 'Medium', 'UpsideDown', '1983-10-04');
INSERT INTO Entity (Entity_ID, Name, Species, Threat_Level, Origin_World, First_Sighting) VALUES (2094, 'Corpse Moth', 'Monster', 'Medium', 'UpsideDown', '1983-05-22');
INSERT INTO Entity (Entity_ID, Name, Species, Threat_Level, Origin_World, First_Sighting) VALUES (2095, 'Void Hound_2095', 'Mind_Entity', 'Medium', 'UpsideDown', '1986-10-04');
INSERT INTO Entity (Entity_ID, Name, Species, Threat_Level, Origin_World, First_Sighting) VALUES (2096, 'Lurker_2096', 'Shadow_Creature', 'High', 'UpsideDown', '1985-10-19');
INSERT INTO Entity (Entity_ID, Name, Species, Threat_Level, Origin_World, First_Sighting) VALUES (2097, 'Mind Flayer', 'Shadow_Creature', 'Low', 'UpsideDown', '1984-06-23');
INSERT INTO Entity (Entity_ID, Name, Species, Threat_Level, Origin_World, First_Sighting) VALUES (2098, 'Vecna_2098', 'Shadow_Creature', 'High', 'UpsideDown', '1986-03-16');
INSERT INTO Entity (Entity_ID, Name, Species, Threat_Level, Origin_World, First_Sighting) VALUES (2099, 'Whisper_2099', 'Mind_Entity', 'Critical', 'UpsideDown', '1984-08-10');
INSERT INTO Entity (Entity_ID, Name, Species, Threat_Level, Origin_World, First_Sighting) VALUES (2100, 'Vecna_2100', 'Shadow_Creature', 'High', 'UpsideDown', '1983-08-05');
INSERT INTO Entity (Entity_ID, Name, Species, Threat_Level, Origin_World, First_Sighting) VALUES (2101, 'Shadow Stalker', 'Mind_Entity', 'Medium', 'UpsideDown', '1986-07-23');
INSERT INTO Entity (Entity_ID, Name, Species, Threat_Level, Origin_World, First_Sighting) VALUES (2102, 'Void Hound_2102', 'Monster', 'Low', 'UpsideDown', '1984-05-02');
INSERT INTO Entity (Entity_ID, Name, Species, Threat_Level, Origin_World, First_Sighting) VALUES (2103, 'Night Mare_2103', 'Shadow_Creature', 'Low', 'UpsideDown', '1986-09-17');
INSERT INTO Entity (Entity_ID, Name, Species, Threat_Level, Origin_World, First_Sighting) VALUES (2104, 'Mind Flayer_2104', 'Shadow_Creature', 'High', 'UpsideDown', '1985-09-27');
INSERT INTO Entity (Entity_ID, Name, Species, Threat_Level, Origin_World, First_Sighting) VALUES (2105, 'Corpse Moth_2105', 'Mind_Entity', 'Medium', 'UpsideDown', '1986-02-24');
INSERT INTO Entity (Entity_ID, Name, Species, Threat_Level, Origin_World, First_Sighting) VALUES (2106, 'Void Hound', 'Monster', 'Medium', 'Normal', '1986-05-12');
INSERT INTO Entity (Entity_ID, Name, Species, Threat_Level, Origin_World, First_Sighting) VALUES (2107, 'Void Hound', 'Shadow_Creature', 'Critical', 'UpsideDown', '1984-04-26');
INSERT INTO Entity (Entity_ID, Name, Species, Threat_Level, Origin_World, First_Sighting) VALUES (2108, 'Rift Shade_2108', 'Shadow_Creature', 'Critical', 'UpsideDown', '1986-03-20');
INSERT INTO Entity (Entity_ID, Name, Species, Threat_Level, Origin_World, First_Sighting) VALUES (2109, 'Vecna', 'Monster', 'High', 'UpsideDown', '1987-05-20');
INSERT INTO Entity (Entity_ID, Name, Species, Threat_Level, Origin_World, First_Sighting) VALUES (2110, 'Bonecrawler_2110', 'Mind_Entity', 'Medium', 'UpsideDown', '1987-11-27');
INSERT INTO Entity (Entity_ID, Name, Species, Threat_Level, Origin_World, First_Sighting) VALUES (2111, 'Mind Flayer_2111', 'Shadow_Creature', 'Critical', 'Normal', '1984-12-28');
INSERT INTO Entity (Entity_ID, Name, Species, Threat_Level, Origin_World, First_Sighting) VALUES (2112, 'Vecna_2112', 'Mind_Entity', 'Medium', 'UpsideDown', '1986-08-05');
INSERT INTO Entity (Entity_ID, Name, Species, Threat_Level, Origin_World, First_Sighting) VALUES (2113, 'Glimmer', 'Mind_Entity', 'Medium', 'UpsideDown', '1983-07-17');
INSERT INTO Entity (Entity_ID, Name, Species, Threat_Level, Origin_World, First_Sighting) VALUES (2114, 'Rift Shade_2114', 'Shadow_Creature', 'Medium', 'UpsideDown', '1987-01-28');
INSERT INTO Entity (Entity_ID, Name, Species, Threat_Level, Origin_World, First_Sighting) VALUES (2115, 'Corpse Moth', 'Monster', 'High', 'UpsideDown', '1985-02-26');
INSERT INTO Entity (Entity_ID, Name, Species, Threat_Level, Origin_World, First_Sighting) VALUES (2116, 'Bonecrawler_2116', 'Shadow_Creature', 'High', 'UpsideDown', '1985-05-11');
INSERT INTO Entity (Entity_ID, Name, Species, Threat_Level, Origin_World, First_Sighting) VALUES (2117, 'Bonecrawler_2117', 'Mind_Entity', 'Critical', 'UpsideDown', '1983-01-04');
INSERT INTO Entity (Entity_ID, Name, Species, Threat_Level, Origin_World, First_Sighting) VALUES (2118, 'Whisper', 'Shadow_Creature', 'Low', 'UpsideDown', '1984-08-15');
INSERT INTO Entity (Entity_ID, Name, Species, Threat_Level, Origin_World, First_Sighting) VALUES (2119, 'Demogorgon', 'Shadow_Creature', 'Medium', 'UpsideDown', '1984-11-10');
INSERT INTO Mind_Entity (Entity_ID, Influence_Range, Cognitive_Link_Strength) VALUES (2000, 50, 74);
INSERT INTO Mind_Entity (Entity_ID, Influence_Range, Cognitive_Link_Strength) VALUES (2001, 50, 86);
INSERT INTO Shadow_Creature (Entity_ID, Corruption_Level, Manifestation_Type) VALUES (2002, 43, 'Silhouette');
INSERT INTO Shadow_Creature (Entity_ID, Corruption_Level, Manifestation_Type) VALUES (2003, 89, 'Lurking Form');
INSERT INTO Monster (Entity_ID, Aggression_Index) VALUES (2004, 45);
INSERT INTO Monster (Entity_ID, Aggression_Index) VALUES (2005, 58);
INSERT INTO Monster (Entity_ID, Aggression_Index) VALUES (2006, 34);
INSERT INTO Mind_Entity (Entity_ID, Influence_Range, Cognitive_Link_Strength) VALUES (2007, 86, 84);
INSERT INTO Monster (Entity_ID, Aggression_Index) VALUES (2008, 39);
INSERT INTO Shadow_Creature (Entity_ID, Corruption_Level, Manifestation_Type) VALUES (2009, 41, 'Lurking Form');
INSERT INTO Shadow_Creature (Entity_ID, Corruption_Level, Manifestation_Type) VALUES (2010, 70, 'Lurking Form');
INSERT INTO Monster (Entity_ID, Aggression_Index) VALUES (2011, 79);
INSERT INTO Mind_Entity (Entity_ID, Influence_Range, Cognitive_Link_Strength) VALUES (2012, 68, 93);
INSERT INTO Monster (Entity_ID, Aggression_Index) VALUES (2013, 79);
INSERT INTO Shadow_Creature (Entity_ID, Corruption_Level, Manifestation_Type) VALUES (2014, 68, 'Lurking Form');
INSERT INTO Mind_Entity (Entity_ID, Influence_Range, Cognitive_Link_Strength) VALUES (2015, 65, 93);
INSERT INTO Monster (Entity_ID, Aggression_Index) VALUES (2016, 92);
INSERT INTO Monster (Entity_ID, Aggression_Index) VALUES (2017, 62);
INSERT INTO Monster (Entity_ID, Aggression_Index) VALUES (2018, 74);
INSERT INTO Monster (Entity_ID, Aggression_Index) VALUES (2019, 88);
INSERT INTO Mind_Entity (Entity_ID, Influence_Range, Cognitive_Link_Strength) VALUES (2020, 80, 59);
INSERT INTO Monster (Entity_ID, Aggression_Index) VALUES (2021, 88);
INSERT INTO Monster (Entity_ID, Aggression_Index) VALUES (2022, 98);
INSERT INTO Monster (Entity_ID, Aggression_Index) VALUES (2023, 76);
INSERT INTO Shadow_Creature (Entity_ID, Corruption_Level, Manifestation_Type) VALUES (2024, 54, 'Mist');
INSERT INTO Monster (Entity_ID, Aggression_Index) VALUES (2025, 66);
INSERT INTO Monster (Entity_ID, Aggression_Index) VALUES (2026, 52);
INSERT INTO Monster (Entity_ID, Aggression_Index) VALUES (2027, 79);
INSERT INTO Mind_Entity (Entity_ID, Influence_Range, Cognitive_Link_Strength) VALUES (2028, 66, 60);
INSERT INTO Monster (Entity_ID, Aggression_Index) VALUES (2029, 77);
INSERT INTO Monster (Entity_ID, Aggression_Index) VALUES (2030, 32);
INSERT INTO Mind_Entity (Entity_ID, Influence_Range, Cognitive_Link_Strength) VALUES (2031, 77, 69);
INSERT INTO Mind_Entity (Entity_ID, Influence_Range, Cognitive_Link_Strength) VALUES (2032, 59, 52);
INSERT INTO Monster (Entity_ID, Aggression_Index) VALUES (2033, 88);
INSERT INTO Mind_Entity (Entity_ID, Influence_Range, Cognitive_Link_Strength) VALUES (2034, 76, 95);
INSERT INTO Shadow_Creature (Entity_ID, Corruption_Level, Manifestation_Type) VALUES (2035, 74, 'Mist');
INSERT INTO Shadow_Creature (Entity_ID, Corruption_Level, Manifestation_Type) VALUES (2036, 65, 'Mist');
INSERT INTO Shadow_Creature (Entity_ID, Corruption_Level, Manifestation_Type) VALUES (2037, 80, 'Silhouette');
INSERT INTO Mind_Entity (Entity_ID, Influence_Range, Cognitive_Link_Strength) VALUES (2038, 63, 75);
INSERT INTO Monster (Entity_ID, Aggression_Index) VALUES (2039, 83);
INSERT INTO Shadow_Creature (Entity_ID, Corruption_Level, Manifestation_Type) VALUES (2040, 66, 'Silhouette');
INSERT INTO Shadow_Creature (Entity_ID, Corruption_Level, Manifestation_Type) VALUES (2041, 86, 'Silhouette');
INSERT INTO Shadow_Creature (Entity_ID, Corruption_Level, Manifestation_Type) VALUES (2042, 68, 'Silhouette');
INSERT INTO Monster (Entity_ID, Aggression_Index) VALUES (2043, 89);
INSERT INTO Mind_Entity (Entity_ID, Influence_Range, Cognitive_Link_Strength) VALUES (2044, 73, 71);
INSERT INTO Monster (Entity_ID, Aggression_Index) VALUES (2045, 71);
INSERT INTO Mind_Entity (Entity_ID, Influence_Range, Cognitive_Link_Strength) VALUES (2046, 92, 75);
INSERT INTO Mind_Entity (Entity_ID, Influence_Range, Cognitive_Link_Strength) VALUES (2047, 58, 96);
INSERT INTO Monster (Entity_ID, Aggression_Index) VALUES (2048, 97);
INSERT INTO Monster (Entity_ID, Aggression_Index) VALUES (2049, 56);
INSERT INTO Mind_Entity (Entity_ID, Influence_Range, Cognitive_Link_Strength) VALUES (2050, 65, 63);
INSERT INTO Monster (Entity_ID, Aggression_Index) VALUES (2051, 54);
INSERT INTO Mind_Entity (Entity_ID, Influence_Range, Cognitive_Link_Strength) VALUES (2052, 86, 62);
INSERT INTO Monster (Entity_ID, Aggression_Index) VALUES (2053, 76);
INSERT INTO Shadow_Creature (Entity_ID, Corruption_Level, Manifestation_Type) VALUES (2054, 69, 'Lurking Form');
INSERT INTO Mind_Entity (Entity_ID, Influence_Range, Cognitive_Link_Strength) VALUES (2055, 98, 100);
INSERT INTO Shadow_Creature (Entity_ID, Corruption_Level, Manifestation_Type) VALUES (2056, 66, 'Silhouette');
INSERT INTO Shadow_Creature (Entity_ID, Corruption_Level, Manifestation_Type) VALUES (2057, 81, 'Silhouette');
INSERT INTO Mind_Entity (Entity_ID, Influence_Range, Cognitive_Link_Strength) VALUES (2058, 63, 75);
INSERT INTO Mind_Entity (Entity_ID, Influence_Range, Cognitive_Link_Strength) VALUES (2059, 59, 80);
INSERT INTO Mind_Entity (Entity_ID, Influence_Range, Cognitive_Link_Strength) VALUES (2060, 56, 84);
INSERT INTO Shadow_Creature (Entity_ID, Corruption_Level, Manifestation_Type) VALUES (2061, 81, 'Silhouette');
INSERT INTO Mind_Entity (Entity_ID, Influence_Range, Cognitive_Link_Strength) VALUES (2062, 69, 99);
INSERT INTO Monster (Entity_ID, Aggression_Index) VALUES (2063, 82);
INSERT INTO Shadow_Creature (Entity_ID, Corruption_Level, Manifestation_Type) VALUES (2064, 43, 'Mist');
INSERT INTO Mind_Entity (Entity_ID, Influence_Range, Cognitive_Link_Strength) VALUES (2065, 63, 71);
INSERT INTO Monster (Entity_ID, Aggression_Index) VALUES (2066, 100);
INSERT INTO Monster (Entity_ID, Aggression_Index) VALUES (2067, 50);
INSERT INTO Shadow_Creature (Entity_ID, Corruption_Level, Manifestation_Type) VALUES (2068, 82, 'Silhouette');
INSERT INTO Monster (Entity_ID, Aggression_Index) VALUES (2069, 96);
INSERT INTO Monster (Entity_ID, Aggression_Index) VALUES (2070, 85);
INSERT INTO Monster (Entity_ID, Aggression_Index) VALUES (2071, 53);
INSERT INTO Shadow_Creature (Entity_ID, Corruption_Level, Manifestation_Type) VALUES (2072, 68, 'Mist');
INSERT INTO Mind_Entity (Entity_ID, Influence_Range, Cognitive_Link_Strength) VALUES (2073, 94, 63);
INSERT INTO Mind_Entity (Entity_ID, Influence_Range, Cognitive_Link_Strength) VALUES (2074, 74, 86);
INSERT INTO Mind_Entity (Entity_ID, Influence_Range, Cognitive_Link_Strength) VALUES (2075, 92, 61);
INSERT INTO Monster (Entity_ID, Aggression_Index) VALUES (2076, 64);
INSERT INTO Mind_Entity (Entity_ID, Influence_Range, Cognitive_Link_Strength) VALUES (2077, 97, 93);
INSERT INTO Monster (Entity_ID, Aggression_Index) VALUES (2078, 49);
INSERT INTO Monster (Entity_ID, Aggression_Index) VALUES (2079, 81);
INSERT INTO Shadow_Creature (Entity_ID, Corruption_Level, Manifestation_Type) VALUES (2080, 76, 'Mist');
INSERT INTO Shadow_Creature (Entity_ID, Corruption_Level, Manifestation_Type) VALUES (2081, 49, 'Silhouette');
INSERT INTO Mind_Entity (Entity_ID, Influence_Range, Cognitive_Link_Strength) VALUES (2082, 70, 79);
INSERT INTO Shadow_Creature (Entity_ID, Corruption_Level, Manifestation_Type) VALUES (2083, 55, 'Lurking Form');
INSERT INTO Shadow_Creature (Entity_ID, Corruption_Level, Manifestation_Type) VALUES (2084, 48, 'Silhouette');
INSERT INTO Mind_Entity (Entity_ID, Influence_Range, Cognitive_Link_Strength) VALUES (2085, 70, 89);
INSERT INTO Mind_Entity (Entity_ID, Influence_Range, Cognitive_Link_Strength) VALUES (2086, 98, 89);
INSERT INTO Monster (Entity_ID, Aggression_Index) VALUES (2087, 97);
INSERT INTO Monster (Entity_ID, Aggression_Index) VALUES (2088, 34);
INSERT INTO Monster (Entity_ID, Aggression_Index) VALUES (2089, 42);
INSERT INTO Mind_Entity (Entity_ID, Influence_Range, Cognitive_Link_Strength) VALUES (2090, 100, 54);
INSERT INTO Mind_Entity (Entity_ID, Influence_Range, Cognitive_Link_Strength) VALUES (2091, 55, 51);
INSERT INTO Shadow_Creature (Entity_ID, Corruption_Level, Manifestation_Type) VALUES (2092, 40, 'Mist');
INSERT INTO Mind_Entity (Entity_ID, Influence_Range, Cognitive_Link_Strength) VALUES (2093, 71, 55);
INSERT INTO Monster (Entity_ID, Aggression_Index) VALUES (2094, 70);
INSERT INTO Mind_Entity (Entity_ID, Influence_Range, Cognitive_Link_Strength) VALUES (2095, 72, 62);
INSERT INTO Shadow_Creature (Entity_ID, Corruption_Level, Manifestation_Type) VALUES (2096, 87, 'Mist');
INSERT INTO Shadow_Creature (Entity_ID, Corruption_Level, Manifestation_Type) VALUES (2097, 53, 'Silhouette');
INSERT INTO Shadow_Creature (Entity_ID, Corruption_Level, Manifestation_Type) VALUES (2098, 44, 'Silhouette');
INSERT INTO Mind_Entity (Entity_ID, Influence_Range, Cognitive_Link_Strength) VALUES (2099, 89, 70);
INSERT INTO Shadow_Creature (Entity_ID, Corruption_Level, Manifestation_Type) VALUES (2100, 77, 'Silhouette');
INSERT INTO Mind_Entity (Entity_ID, Influence_Range, Cognitive_Link_Strength) VALUES (2101, 80, 71);
INSERT INTO Monster (Entity_ID, Aggression_Index) VALUES (2102, 52);
INSERT INTO Shadow_Creature (Entity_ID, Corruption_Level, Manifestation_Type) VALUES (2103, 58, 'Silhouette');
INSERT INTO Shadow_Creature (Entity_ID, Corruption_Level, Manifestation_Type) VALUES (2104, 46, 'Lurking Form');
INSERT INTO Mind_Entity (Entity_ID, Influence_Range, Cognitive_Link_Strength) VALUES (2105, 60, 59);
INSERT INTO Monster (Entity_ID, Aggression_Index) VALUES (2106, 50);
INSERT INTO Shadow_Creature (Entity_ID, Corruption_Level, Manifestation_Type) VALUES (2107, 66, 'Mist');
INSERT INTO Shadow_Creature (Entity_ID, Corruption_Level, Manifestation_Type) VALUES (2108, 74, 'Lurking Form');
INSERT INTO Monster (Entity_ID, Aggression_Index) VALUES (2109, 82);
INSERT INTO Mind_Entity (Entity_ID, Influence_Range, Cognitive_Link_Strength) VALUES (2110, 60, 85);
INSERT INTO Shadow_Creature (Entity_ID, Corruption_Level, Manifestation_Type) VALUES (2111, 75, 'Lurking Form');
INSERT INTO Mind_Entity (Entity_ID, Influence_Range, Cognitive_Link_Strength) VALUES (2112, 80, 94);
INSERT INTO Mind_Entity (Entity_ID, Influence_Range, Cognitive_Link_Strength) VALUES (2113, 67, 94);
INSERT INTO Shadow_Creature (Entity_ID, Corruption_Level, Manifestation_Type) VALUES (2114, 55, 'Mist');
INSERT INTO Monster (Entity_ID, Aggression_Index) VALUES (2115, 48);
INSERT INTO Shadow_Creature (Entity_ID, Corruption_Level, Manifestation_Type) VALUES (2116, 68, 'Mist');
INSERT INTO Mind_Entity (Entity_ID, Influence_Range, Cognitive_Link_Strength) VALUES (2117, 98, 52);
INSERT INTO Shadow_Creature (Entity_ID, Corruption_Level, Manifestation_Type) VALUES (2118, 48, 'Silhouette');
INSERT INTO Shadow_Creature (Entity_ID, Corruption_Level, Manifestation_Type) VALUES (2119, 70, 'Silhouette');
INSERT INTO Artifact (Artifact_ID, Name, Type, Anomaly_Level, Found_At) VALUES (3000, 'Wiring Array_3000', 'Organic', 6, 6);
INSERT INTO Artifact (Artifact_ID, Name, Type, Anomaly_Level, Found_At) VALUES (3001, 'Pocket Compass', 'Metallic', 7, 4);
INSERT INTO Artifact (Artifact_ID, Name, Type, Anomaly_Level, Found_At) VALUES (3002, 'Pocket Compass_3002', 'Metallic', 2, 28);
INSERT INTO Artifact (Artifact_ID, Name, Type, Anomaly_Level, Found_At) VALUES (3003, 'Glass Sphere', 'Unknown', 3, 5);
INSERT INTO Artifact (Artifact_ID, Name, Type, Anomaly_Level, Found_At) VALUES (3004, 'Glyph Tablet', 'Unknown', 1, 1);
INSERT INTO Artifact (Artifact_ID, Name, Type, Anomaly_Level, Found_At) VALUES (3005, 'Tuned Coil_3005', 'Unknown', 3, 45);
INSERT INTO Artifact (Artifact_ID, Name, Type, Anomaly_Level, Found_At) VALUES (3006, 'Runed Bone', 'Unknown', 2, 6);
INSERT INTO Artifact (Artifact_ID, Name, Type, Anomaly_Level, Found_At) VALUES (3007, 'Glass Sphere', 'Organic', 7, 9);
INSERT INTO Artifact (Artifact_ID, Name, Type, Anomaly_Level, Found_At) VALUES (3008, 'Wiring Array_3008', 'Metallic', 9, 5);
INSERT INTO Artifact (Artifact_ID, Name, Type, Anomaly_Level, Found_At) VALUES (3009, 'Glyph Tablet', 'Metallic', 6, 29);
INSERT INTO Artifact (Artifact_ID, Name, Type, Anomaly_Level, Found_At) VALUES (3010, 'Strange Fungus_3010', 'Metallic', 10, 27);
INSERT INTO Artifact (Artifact_ID, Name, Type, Anomaly_Level, Found_At) VALUES (3011, 'Runed Bone_3011', 'Biological', 3, 7);
INSERT INTO Artifact (Artifact_ID, Name, Type, Anomaly_Level, Found_At) VALUES (3012, 'Glass Sphere_3012', 'Unknown', 7, 23);
INSERT INTO Artifact (Artifact_ID, Name, Type, Anomaly_Level, Found_At) VALUES (3013, 'Tuned Coil_3013', 'Metallic', 2, 18);
INSERT INTO Artifact (Artifact_ID, Name, Type, Anomaly_Level, Found_At) VALUES (3014, 'Strange Fungus_3014', 'Organic', 1, 50);
INSERT INTO Artifact (Artifact_ID, Name, Type, Anomaly_Level, Found_At) VALUES (3015, 'Pocket Compass', 'Metallic', 7, 48);
INSERT INTO Artifact (Artifact_ID, Name, Type, Anomaly_Level, Found_At) VALUES (3016, 'Pocket Compass_3016', 'Metallic', 7, 32);
INSERT INTO Artifact (Artifact_ID, Name, Type, Anomaly_Level, Found_At) VALUES (3017, 'Glass Sphere', 'Biological', 1, 34);
INSERT INTO Artifact (Artifact_ID, Name, Type, Anomaly_Level, Found_At) VALUES (3018, 'Tuned Coil_3018', 'Metallic', 10, 25);
INSERT INTO Artifact (Artifact_ID, Name, Type, Anomaly_Level, Found_At) VALUES (3019, 'Glass Shard', 'Metallic', 8, 49);
INSERT INTO Artifact (Artifact_ID, Name, Type, Anomaly_Level, Found_At) VALUES (3020, 'Glass Sphere', 'Biological', 5, 1);
INSERT INTO Artifact (Artifact_ID, Name, Type, Anomaly_Level, Found_At) VALUES (3021, 'Strange Fungus', 'Biological', 7, 51);
INSERT INTO Artifact (Artifact_ID, Name, Type, Anomaly_Level, Found_At) VALUES (3022, 'Obsidian Chip', 'Unknown', 7, 28);
INSERT INTO Artifact (Artifact_ID, Name, Type, Anomaly_Level, Found_At) VALUES (3023, 'Glass Sphere_3023', 'Metallic', 2, 18);
INSERT INTO Artifact (Artifact_ID, Name, Type, Anomaly_Level, Found_At) VALUES (3024, 'Pocket Compass', 'Metallic', 9, 10);
INSERT INTO Artifact (Artifact_ID, Name, Type, Anomaly_Level, Found_At) VALUES (3025, 'Tuned Coil', 'Biological', 7, 20);
INSERT INTO Artifact (Artifact_ID, Name, Type, Anomaly_Level, Found_At) VALUES (3026, 'Strange Fungus', 'Biological', 2, 28);
INSERT INTO Artifact (Artifact_ID, Name, Type, Anomaly_Level, Found_At) VALUES (3027, 'Runed Bone_3027', 'Biological', 3, 20);
INSERT INTO Artifact (Artifact_ID, Name, Type, Anomaly_Level, Found_At) VALUES (3028, 'Glass Sphere', 'Metallic', 1, 45);
INSERT INTO Artifact (Artifact_ID, Name, Type, Anomaly_Level, Found_At) VALUES (3029, 'Wiring Array_3029', 'Organic', 9, 34);
INSERT INTO Artifact (Artifact_ID, Name, Type, Anomaly_Level, Found_At) VALUES (3030, 'Pocket Compass', 'Metallic', 5, 48);
INSERT INTO Artifact (Artifact_ID, Name, Type, Anomaly_Level, Found_At) VALUES (3031, 'Glass Sphere_3031', 'Biological', 7, 22);
INSERT INTO Artifact (Artifact_ID, Name, Type, Anomaly_Level, Found_At) VALUES (3032, 'Pocket Compass_3032', 'Organic', 10, 46);
INSERT INTO Artifact (Artifact_ID, Name, Type, Anomaly_Level, Found_At) VALUES (3033, 'Glass Sphere_3033', 'Organic', 8, 4);
INSERT INTO Artifact (Artifact_ID, Name, Type, Anomaly_Level, Found_At) VALUES (3034, 'Glyph Tablet', 'Metallic', 2, 17);
INSERT INTO Artifact (Artifact_ID, Name, Type, Anomaly_Level, Found_At) VALUES (3035, 'Glyph Tablet_3035', 'Biological', 9, 15);
INSERT INTO Artifact (Artifact_ID, Name, Type, Anomaly_Level, Found_At) VALUES (3036, 'Blackened Fragment', 'Biological', 1, 16);
INSERT INTO Artifact (Artifact_ID, Name, Type, Anomaly_Level, Found_At) VALUES (3037, 'Runed Bone', 'Metallic', 1, 12);
INSERT INTO Artifact (Artifact_ID, Name, Type, Anomaly_Level, Found_At) VALUES (3038, 'Obsidian Chip_3038', 'Unknown', 6, 15);
INSERT INTO Artifact (Artifact_ID, Name, Type, Anomaly_Level, Found_At) VALUES (3039, 'Strange Fungus_3039', 'Organic', 2, 18);
INSERT INTO Artifact (Artifact_ID, Name, Type, Anomaly_Level, Found_At) VALUES (3040, 'Glyph Tablet', 'Biological', 4, 12);
INSERT INTO Artifact (Artifact_ID, Name, Type, Anomaly_Level, Found_At) VALUES (3041, 'Obsidian Chip_3041', 'Unknown', 8, 5);
INSERT INTO Artifact (Artifact_ID, Name, Type, Anomaly_Level, Found_At) VALUES (3042, 'Pocket Compass_3042', 'Organic', 2, 21);
INSERT INTO Artifact (Artifact_ID, Name, Type, Anomaly_Level, Found_At) VALUES (3043, 'Obsidian Chip_3043', 'Organic', 5, 13);
INSERT INTO Artifact (Artifact_ID, Name, Type, Anomaly_Level, Found_At) VALUES (3044, 'Glyph Tablet_3044', 'Metallic', 6, 30);
INSERT INTO Artifact (Artifact_ID, Name, Type, Anomaly_Level, Found_At) VALUES (3045, 'Glyph Tablet_3045', 'Metallic', 9, 47);
INSERT INTO Artifact (Artifact_ID, Name, Type, Anomaly_Level, Found_At) VALUES (3046, 'Strange Fungus', 'Unknown', 4, 2);
INSERT INTO Artifact (Artifact_ID, Name, Type, Anomaly_Level, Found_At) VALUES (3047, 'Obsidian Chip', 'Biological', 1, 22);
INSERT INTO Artifact (Artifact_ID, Name, Type, Anomaly_Level, Found_At) VALUES (3048, 'Glass Shard_3048', 'Organic', 4, 7);
INSERT INTO Artifact (Artifact_ID, Name, Type, Anomaly_Level, Found_At) VALUES (3049, 'Obsidian Chip_3049', 'Unknown', 1, 32);
INSERT INTO Artifact (Artifact_ID, Name, Type, Anomaly_Level, Found_At) VALUES (3050, 'Wiring Array_3050', 'Biological', 4, 3);
INSERT INTO Artifact (Artifact_ID, Name, Type, Anomaly_Level, Found_At) VALUES (3051, 'Obsidian Chip_3051', 'Organic', 2, 30);
INSERT INTO Artifact (Artifact_ID, Name, Type, Anomaly_Level, Found_At) VALUES (3052, 'Glyph Tablet', 'Metallic', 7, 41);
INSERT INTO Artifact (Artifact_ID, Name, Type, Anomaly_Level, Found_At) VALUES (3053, 'Glass Sphere_3053', 'Biological', 3, 28);
INSERT INTO Artifact (Artifact_ID, Name, Type, Anomaly_Level, Found_At) VALUES (3054, 'Strange Fungus', 'Organic', 6, 26);
INSERT INTO Artifact (Artifact_ID, Name, Type, Anomaly_Level, Found_At) VALUES (3055, 'Tuned Coil_3055', 'Metallic', 4, 5);
INSERT INTO Artifact (Artifact_ID, Name, Type, Anomaly_Level, Found_At) VALUES (3056, 'Wiring Array_3056', 'Biological', 2, 10);
INSERT INTO Artifact (Artifact_ID, Name, Type, Anomaly_Level, Found_At) VALUES (3057, 'Wiring Array_3057', 'Organic', 2, 27);
INSERT INTO Artifact (Artifact_ID, Name, Type, Anomaly_Level, Found_At) VALUES (3058, 'Obsidian Chip', 'Metallic', 5, 29);
INSERT INTO Artifact (Artifact_ID, Name, Type, Anomaly_Level, Found_At) VALUES (3059, 'Runed Bone', 'Biological', 3, 6);
INSERT INTO Artifact (Artifact_ID, Name, Type, Anomaly_Level, Found_At) VALUES (3060, 'Pocket Compass_3060', 'Biological', 6, 14);
INSERT INTO Artifact (Artifact_ID, Name, Type, Anomaly_Level, Found_At) VALUES (3061, 'Wiring Array', 'Metallic', 7, 23);
INSERT INTO Artifact (Artifact_ID, Name, Type, Anomaly_Level, Found_At) VALUES (3062, 'Obsidian Chip', 'Organic', 3, 17);
INSERT INTO Artifact (Artifact_ID, Name, Type, Anomaly_Level, Found_At) VALUES (3063, 'Blackened Fragment_3063', 'Unknown', 9, 36);
INSERT INTO Artifact (Artifact_ID, Name, Type, Anomaly_Level, Found_At) VALUES (3064, 'Strange Fungus', 'Biological', 3, 51);
INSERT INTO Artifact (Artifact_ID, Name, Type, Anomaly_Level, Found_At) VALUES (3065, 'Glass Sphere', 'Metallic', 4, 9);
INSERT INTO Artifact (Artifact_ID, Name, Type, Anomaly_Level, Found_At) VALUES (3066, 'Glass Shard', 'Biological', 10, 38);
INSERT INTO Artifact (Artifact_ID, Name, Type, Anomaly_Level, Found_At) VALUES (3067, 'Pocket Compass_3067', 'Biological', 2, 2);
INSERT INTO Artifact (Artifact_ID, Name, Type, Anomaly_Level, Found_At) VALUES (3068, 'Strange Fungus_3068', 'Unknown', 2, 9);
INSERT INTO Artifact (Artifact_ID, Name, Type, Anomaly_Level, Found_At) VALUES (3069, 'Tuned Coil', 'Unknown', 3, 4);
INSERT INTO Artifact (Artifact_ID, Name, Type, Anomaly_Level, Found_At) VALUES (3070, 'Glyph Tablet_3070', 'Unknown', 1, 32);
INSERT INTO Artifact (Artifact_ID, Name, Type, Anomaly_Level, Found_At) VALUES (3071, 'Glass Shard_3071', 'Metallic', 4, 23);
INSERT INTO Artifact (Artifact_ID, Name, Type, Anomaly_Level, Found_At) VALUES (3072, 'Wiring Array', 'Unknown', 1, 10);
INSERT INTO Artifact (Artifact_ID, Name, Type, Anomaly_Level, Found_At) VALUES (3073, 'Glyph Tablet_3073', 'Metallic', 5, 42);
INSERT INTO Artifact (Artifact_ID, Name, Type, Anomaly_Level, Found_At) VALUES (3074, 'Runed Bone_3074', 'Unknown', 2, 4);
INSERT INTO Artifact (Artifact_ID, Name, Type, Anomaly_Level, Found_At) VALUES (3075, 'Pocket Compass', 'Unknown', 9, 13);
INSERT INTO Artifact (Artifact_ID, Name, Type, Anomaly_Level, Found_At) VALUES (3076, 'Strange Fungus_3076', 'Biological', 6, 25);
INSERT INTO Artifact (Artifact_ID, Name, Type, Anomaly_Level, Found_At) VALUES (3077, 'Runed Bone_3077', 'Unknown', 10, 23);
INSERT INTO Artifact (Artifact_ID, Name, Type, Anomaly_Level, Found_At) VALUES (3078, 'Obsidian Chip', 'Organic', 1, 12);
INSERT INTO Artifact (Artifact_ID, Name, Type, Anomaly_Level, Found_At) VALUES (3079, 'Tuned Coil_3079', 'Biological', 5, 50);
INSERT INTO Artifact (Artifact_ID, Name, Type, Anomaly_Level, Found_At) VALUES (3080, 'Blackened Fragment_3080', 'Unknown', 6, 34);
INSERT INTO Artifact (Artifact_ID, Name, Type, Anomaly_Level, Found_At) VALUES (3081, 'Glyph Tablet_3081', 'Metallic', 4, 7);
INSERT INTO Artifact (Artifact_ID, Name, Type, Anomaly_Level, Found_At) VALUES (3082, 'Strange Fungus', 'Biological', 4, 49);
INSERT INTO Artifact (Artifact_ID, Name, Type, Anomaly_Level, Found_At) VALUES (3083, 'Glyph Tablet_3083', 'Unknown', 3, 23);
INSERT INTO Artifact (Artifact_ID, Name, Type, Anomaly_Level, Found_At) VALUES (3084, 'Wiring Array', 'Organic', 6, 48);
INSERT INTO Artifact (Artifact_ID, Name, Type, Anomaly_Level, Found_At) VALUES (3085, 'Glyph Tablet', 'Organic', 10, 37);
INSERT INTO Artifact (Artifact_ID, Name, Type, Anomaly_Level, Found_At) VALUES (3086, 'Wiring Array_3086', 'Metallic', 9, 32);
INSERT INTO Artifact (Artifact_ID, Name, Type, Anomaly_Level, Found_At) VALUES (3087, 'Pocket Compass', 'Biological', 1, 6);
INSERT INTO Artifact (Artifact_ID, Name, Type, Anomaly_Level, Found_At) VALUES (3088, 'Strange Fungus_3088', 'Biological', 8, 34);
INSERT INTO Artifact (Artifact_ID, Name, Type, Anomaly_Level, Found_At) VALUES (3089, 'Blackened Fragment', 'Metallic', 6, 9);
INSERT INTO Artifact (Artifact_ID, Name, Type, Anomaly_Level, Found_At) VALUES (3090, 'Wiring Array_3090', 'Organic', 1, 4);
INSERT INTO Artifact (Artifact_ID, Name, Type, Anomaly_Level, Found_At) VALUES (3091, 'Wiring Array_3091', 'Metallic', 2, 50);
INSERT INTO Artifact (Artifact_ID, Name, Type, Anomaly_Level, Found_At) VALUES (3092, 'Obsidian Chip_3092', 'Biological', 7, 24);
INSERT INTO Artifact (Artifact_ID, Name, Type, Anomaly_Level, Found_At) VALUES (3093, 'Glyph Tablet', 'Organic', 3, 21);
INSERT INTO Artifact (Artifact_ID, Name, Type, Anomaly_Level, Found_At) VALUES (3094, 'Wiring Array_3094', 'Unknown', 8, 51);
INSERT INTO Artifact (Artifact_ID, Name, Type, Anomaly_Level, Found_At) VALUES (3095, 'Tuned Coil', 'Organic', 10, 15);
INSERT INTO Artifact (Artifact_ID, Name, Type, Anomaly_Level, Found_At) VALUES (3096, 'Wiring Array', 'Organic', 3, 9);
INSERT INTO Artifact (Artifact_ID, Name, Type, Anomaly_Level, Found_At) VALUES (3097, 'Blackened Fragment_3097', 'Unknown', 10, 50);
INSERT INTO Artifact (Artifact_ID, Name, Type, Anomaly_Level, Found_At) VALUES (3098, 'Blackened Fragment', 'Organic', 4, 40);
INSERT INTO Artifact (Artifact_ID, Name, Type, Anomaly_Level, Found_At) VALUES (3099, 'Glyph Tablet', 'Unknown', 6, 10);
INSERT INTO Artifact (Artifact_ID, Name, Type, Anomaly_Level, Found_At) VALUES (3100, 'Glass Sphere', 'Organic', 2, 11);
INSERT INTO Artifact (Artifact_ID, Name, Type, Anomaly_Level, Found_At) VALUES (3101, 'Tuned Coil_3101', 'Organic', 4, 14);
INSERT INTO Artifact (Artifact_ID, Name, Type, Anomaly_Level, Found_At) VALUES (3102, 'Glass Sphere', 'Biological', 1, 47);
INSERT INTO Artifact (Artifact_ID, Name, Type, Anomaly_Level, Found_At) VALUES (3103, 'Blackened Fragment', 'Unknown', 7, 11);
INSERT INTO Artifact (Artifact_ID, Name, Type, Anomaly_Level, Found_At) VALUES (3104, 'Runed Bone_3104', 'Organic', 7, 35);
INSERT INTO Artifact (Artifact_ID, Name, Type, Anomaly_Level, Found_At) VALUES (3105, 'Glass Sphere_3105', 'Metallic', 8, 11);
INSERT INTO Artifact (Artifact_ID, Name, Type, Anomaly_Level, Found_At) VALUES (3106, 'Glass Sphere_3106', 'Biological', 1, 19);
INSERT INTO Artifact (Artifact_ID, Name, Type, Anomaly_Level, Found_At) VALUES (3107, 'Tuned Coil', 'Biological', 6, 5);
INSERT INTO Artifact (Artifact_ID, Name, Type, Anomaly_Level, Found_At) VALUES (3108, 'Wiring Array_3108', 'Metallic', 2, 47);
INSERT INTO Artifact (Artifact_ID, Name, Type, Anomaly_Level, Found_At) VALUES (3109, 'Obsidian Chip_3109', 'Biological', 10, 22);
INSERT INTO Artifact (Artifact_ID, Name, Type, Anomaly_Level, Found_At) VALUES (3110, 'Glyph Tablet_3110', 'Biological', 3, 28);
INSERT INTO Artifact (Artifact_ID, Name, Type, Anomaly_Level, Found_At) VALUES (3111, 'Glyph Tablet_3111', 'Metallic', 2, 4);
INSERT INTO Artifact (Artifact_ID, Name, Type, Anomaly_Level, Found_At) VALUES (3112, 'Tuned Coil', 'Metallic', 9, 27);
INSERT INTO Artifact (Artifact_ID, Name, Type, Anomaly_Level, Found_At) VALUES (3113, 'Obsidian Chip', 'Organic', 4, 20);
INSERT INTO Artifact (Artifact_ID, Name, Type, Anomaly_Level, Found_At) VALUES (3114, 'Glass Sphere', 'Unknown', 1, 10);
INSERT INTO Artifact (Artifact_ID, Name, Type, Anomaly_Level, Found_At) VALUES (3115, 'Tuned Coil', 'Biological', 10, 19);
INSERT INTO Artifact (Artifact_ID, Name, Type, Anomaly_Level, Found_At) VALUES (3116, 'Runed Bone', 'Biological', 3, 14);
INSERT INTO Artifact (Artifact_ID, Name, Type, Anomaly_Level, Found_At) VALUES (3117, 'Pocket Compass_3117', 'Unknown', 5, 8);
INSERT INTO Artifact (Artifact_ID, Name, Type, Anomaly_Level, Found_At) VALUES (3118, 'Glass Shard_3118', 'Organic', 9, 6);
INSERT INTO Artifact (Artifact_ID, Name, Type, Anomaly_Level, Found_At) VALUES (3119, 'Glass Shard', 'Unknown', 3, 24);
INSERT INTO Portal (Portal_ID, Name, Status, Has_Origin, Has_Destination, Discovered_On, Links_To, Coordinate_X, Coordinate_Y) VALUES (4000, 'Portal_4000', 'Closed', 3, 17, '1986-08-09', NULL, -84.547515, 41.537124);
INSERT INTO Portal (Portal_ID, Name, Status, Has_Origin, Has_Destination, Discovered_On, Links_To, Coordinate_X, Coordinate_Y) VALUES (4001, 'Portal_4001', 'Active', 10, 49, '1983-02-22', 4000, -83.058589, 42.179453);
INSERT INTO Portal (Portal_ID, Name, Status, Has_Origin, Has_Destination, Discovered_On, Links_To, Coordinate_X, Coordinate_Y) VALUES (4002, 'Portal_4002', 'Active', 25, 34, '1986-09-22', NULL, -84.050351, 42.763308);
INSERT INTO Portal (Portal_ID, Name, Status, Has_Origin, Has_Destination, Discovered_On, Links_To, Coordinate_X, Coordinate_Y) VALUES (4003, 'Portal_4003', 'Closed', 20, 6, '1986-12-02', NULL, -83.19909, 42.600901);
INSERT INTO Portal (Portal_ID, Name, Status, Has_Origin, Has_Destination, Discovered_On, Links_To, Coordinate_X, Coordinate_Y) VALUES (4004, 'Portal_4004', 'Active', 8, 49, '1986-03-06', NULL, -83.383079, 41.252372);
INSERT INTO Portal (Portal_ID, Name, Status, Has_Origin, Has_Destination, Discovered_On, Links_To, Coordinate_X, Coordinate_Y) VALUES (4005, 'Portal_4005', 'Closed', 6, 44, '1986-04-27', NULL, -83.331784, 41.515773);
INSERT INTO Portal (Portal_ID, Name, Status, Has_Origin, Has_Destination, Discovered_On, Links_To, Coordinate_X, Coordinate_Y) VALUES (4006, 'Portal_4006', 'Active', 6, 25, '1987-07-18', 4002, -83.960624, 42.834324);
INSERT INTO Portal (Portal_ID, Name, Status, Has_Origin, Has_Destination, Discovered_On, Links_To, Coordinate_X, Coordinate_Y) VALUES (4007, 'Portal_4007', 'Active', 51, 45, '1987-10-17', NULL, -84.774962, 41.299285);
INSERT INTO Portal (Portal_ID, Name, Status, Has_Origin, Has_Destination, Discovered_On, Links_To, Coordinate_X, Coordinate_Y) VALUES (4008, 'Portal_4008', 'Active', 7, 37, '1983-05-28', NULL, -84.312262, 41.82178);
INSERT INTO Portal (Portal_ID, Name, Status, Has_Origin, Has_Destination, Discovered_On, Links_To, Coordinate_X, Coordinate_Y) VALUES (4009, 'Portal_4009', 'Closed', 42, 32, '1987-10-16', 4004, -84.194052, 42.236489);
INSERT INTO Portal (Portal_ID, Name, Status, Has_Origin, Has_Destination, Discovered_On, Links_To, Coordinate_X, Coordinate_Y) VALUES (4010, 'Portal_4010', 'Closed', 3, 26, '1985-12-08', 4007, -83.15833, 42.794063);
INSERT INTO Portal (Portal_ID, Name, Status, Has_Origin, Has_Destination, Discovered_On, Links_To, Coordinate_X, Coordinate_Y) VALUES (4011, 'Portal_4011', 'Active', 22, 51, '1985-05-09', NULL, -83.28353, 42.369704);
INSERT INTO Portal (Portal_ID, Name, Status, Has_Origin, Has_Destination, Discovered_On, Links_To, Coordinate_X, Coordinate_Y) VALUES (4012, 'Portal_4012', 'Active', 9, 20, '1986-06-09', NULL, -83.790042, 41.178574);
INSERT INTO Portal (Portal_ID, Name, Status, Has_Origin, Has_Destination, Discovered_On, Links_To, Coordinate_X, Coordinate_Y) VALUES (4013, 'Portal_4013', 'Closed', 14, 27, '1986-09-28', 4000, -83.969461, 41.317945);
INSERT INTO Portal (Portal_ID, Name, Status, Has_Origin, Has_Destination, Discovered_On, Links_To, Coordinate_X, Coordinate_Y) VALUES (4014, 'Portal_4014', 'Closed', 46, 33, '1986-03-25', NULL, -83.241335, 41.057896);
INSERT INTO Portal (Portal_ID, Name, Status, Has_Origin, Has_Destination, Discovered_On, Links_To, Coordinate_X, Coordinate_Y) VALUES (4015, 'Portal_4015', 'Active', 13, 4, '1984-01-15', 4005, -83.590732, 41.547955);
INSERT INTO Portal (Portal_ID, Name, Status, Has_Origin, Has_Destination, Discovered_On, Links_To, Coordinate_X, Coordinate_Y) VALUES (4016, 'Portal_4016', 'Closed', 33, 26, '1983-11-01', 4015, -83.811913, 41.355167);
INSERT INTO Portal (Portal_ID, Name, Status, Has_Origin, Has_Destination, Discovered_On, Links_To, Coordinate_X, Coordinate_Y) VALUES (4017, 'Portal_4017', 'Closed', 38, 36, '1985-06-06', NULL, -84.48268, 42.66174);
INSERT INTO Portal (Portal_ID, Name, Status, Has_Origin, Has_Destination, Discovered_On, Links_To, Coordinate_X, Coordinate_Y) VALUES (4018, 'Portal_4018', 'Active', 19, 2, '1986-01-06', NULL, -83.44034, 41.428637);
INSERT INTO Portal (Portal_ID, Name, Status, Has_Origin, Has_Destination, Discovered_On, Links_To, Coordinate_X, Coordinate_Y) VALUES (4019, 'Portal_4019', 'Active', 42, 15, '1984-05-21', 4000, -83.27074, 42.934277);
INSERT INTO Portal (Portal_ID, Name, Status, Has_Origin, Has_Destination, Discovered_On, Links_To, Coordinate_X, Coordinate_Y) VALUES (4020, 'Portal_4020', 'Active', 31, 9, '1984-10-26', 4008, -83.783312, 42.88601);
INSERT INTO Portal (Portal_ID, Name, Status, Has_Origin, Has_Destination, Discovered_On, Links_To, Coordinate_X, Coordinate_Y) VALUES (4021, 'Portal_4021', 'Closed', 28, 25, '1985-08-09', 4009, -83.645608, 42.648622);
INSERT INTO Portal (Portal_ID, Name, Status, Has_Origin, Has_Destination, Discovered_On, Links_To, Coordinate_X, Coordinate_Y) VALUES (4022, 'Portal_4022', 'Closed', 38, 7, '1983-09-22', NULL, -83.321243, 42.122914);
INSERT INTO Portal (Portal_ID, Name, Status, Has_Origin, Has_Destination, Discovered_On, Links_To, Coordinate_X, Coordinate_Y) VALUES (4023, 'Portal_4023', 'Closed', 20, 44, '1983-08-03', 4008, -83.718811, 42.722983);
INSERT INTO Portal (Portal_ID, Name, Status, Has_Origin, Has_Destination, Discovered_On, Links_To, Coordinate_X, Coordinate_Y) VALUES (4024, 'Portal_4024', 'Closed', 42, 46, '1985-04-05', NULL, -84.519396, 41.113549);
INSERT INTO Portal (Portal_ID, Name, Status, Has_Origin, Has_Destination, Discovered_On, Links_To, Coordinate_X, Coordinate_Y) VALUES (4025, 'Portal_4025', 'Closed', 43, 21, '1984-12-01', NULL, -83.005062, 41.518853);
INSERT INTO Portal (Portal_ID, Name, Status, Has_Origin, Has_Destination, Discovered_On, Links_To, Coordinate_X, Coordinate_Y) VALUES (4026, 'Portal_4026', 'Closed', 26, 25, '1983-10-23', NULL, -83.367971, 41.686334);
INSERT INTO Portal (Portal_ID, Name, Status, Has_Origin, Has_Destination, Discovered_On, Links_To, Coordinate_X, Coordinate_Y) VALUES (4027, 'Portal_4027', 'Active', 44, 35, '1986-11-12', NULL, -83.309162, 42.681277);
INSERT INTO Portal (Portal_ID, Name, Status, Has_Origin, Has_Destination, Discovered_On, Links_To, Coordinate_X, Coordinate_Y) VALUES (4028, 'Portal_4028', 'Active', 19, 7, '1986-03-24', 4025, -83.881937, 42.82525);
INSERT INTO Portal (Portal_ID, Name, Status, Has_Origin, Has_Destination, Discovered_On, Links_To, Coordinate_X, Coordinate_Y) VALUES (4029, 'Portal_4029', 'Closed', 42, 6, '1984-06-08', NULL, -84.385829, 42.576181);
INSERT INTO Portal (Portal_ID, Name, Status, Has_Origin, Has_Destination, Discovered_On, Links_To, Coordinate_X, Coordinate_Y) VALUES (4030, 'Portal_4030', 'Closed', 24, 17, '1987-05-15', NULL, -84.058927, 42.732787);
INSERT INTO Portal (Portal_ID, Name, Status, Has_Origin, Has_Destination, Discovered_On, Links_To, Coordinate_X, Coordinate_Y) VALUES (4031, 'Portal_4031', 'Active', 31, 13, '1987-02-28', NULL, -83.940323, 41.826215);
INSERT INTO Portal (Portal_ID, Name, Status, Has_Origin, Has_Destination, Discovered_On, Links_To, Coordinate_X, Coordinate_Y) VALUES (4032, 'Portal_4032', 'Active', 9, 13, '1985-07-19', NULL, -83.026701, 41.286448);
INSERT INTO Portal (Portal_ID, Name, Status, Has_Origin, Has_Destination, Discovered_On, Links_To, Coordinate_X, Coordinate_Y) VALUES (4033, 'Portal_4033', 'Active', 50, 6, '1986-06-21', NULL, -84.373172, 41.116027);
INSERT INTO Portal (Portal_ID, Name, Status, Has_Origin, Has_Destination, Discovered_On, Links_To, Coordinate_X, Coordinate_Y) VALUES (4034, 'Portal_4034', 'Closed', 18, 14, '1984-10-25', 4005, -84.741188, 41.867423);
INSERT INTO Portal (Portal_ID, Name, Status, Has_Origin, Has_Destination, Discovered_On, Links_To, Coordinate_X, Coordinate_Y) VALUES (4035, 'Portal_4035', 'Closed', 26, 28, '1986-07-01', 4012, -83.538682, 42.900137);
INSERT INTO Portal (Portal_ID, Name, Status, Has_Origin, Has_Destination, Discovered_On, Links_To, Coordinate_X, Coordinate_Y) VALUES (4036, 'Portal_4036', 'Closed', 49, 34, '1984-01-22', 4015, -84.547469, 42.75397);
INSERT INTO Portal (Portal_ID, Name, Status, Has_Origin, Has_Destination, Discovered_On, Links_To, Coordinate_X, Coordinate_Y) VALUES (4037, 'Portal_4037', 'Closed', 9, 7, '1986-09-19', 4004, -83.352312, 41.596405);
INSERT INTO Portal (Portal_ID, Name, Status, Has_Origin, Has_Destination, Discovered_On, Links_To, Coordinate_X, Coordinate_Y) VALUES (4038, 'Portal_4038', 'Closed', 30, 47, '1987-10-17', 4008, -84.314534, 42.802768);
INSERT INTO Portal (Portal_ID, Name, Status, Has_Origin, Has_Destination, Discovered_On, Links_To, Coordinate_X, Coordinate_Y) VALUES (4039, 'Portal_4039', 'Closed', 49, 13, '1984-07-01', 4008, -84.57762, 41.043827);
INSERT INTO Portal (Portal_ID, Name, Status, Has_Origin, Has_Destination, Discovered_On, Links_To, Coordinate_X, Coordinate_Y) VALUES (4040, 'Portal_4040', 'Active', 8, 24, '1983-07-21', 4034, -83.75373, 42.187848);
INSERT INTO Portal (Portal_ID, Name, Status, Has_Origin, Has_Destination, Discovered_On, Links_To, Coordinate_X, Coordinate_Y) VALUES (4041, 'Portal_4041', 'Active', 43, 7, '1983-01-23', 4028, -84.239492, 42.094565);
INSERT INTO Portal (Portal_ID, Name, Status, Has_Origin, Has_Destination, Discovered_On, Links_To, Coordinate_X, Coordinate_Y) VALUES (4042, 'Portal_4042', 'Closed', 45, 10, '1984-12-22', NULL, -84.397767, 42.323329);
INSERT INTO Portal (Portal_ID, Name, Status, Has_Origin, Has_Destination, Discovered_On, Links_To, Coordinate_X, Coordinate_Y) VALUES (4043, 'Portal_4043', 'Closed', 40, 39, '1984-07-27', NULL, -83.97683, 42.235396);
INSERT INTO Portal (Portal_ID, Name, Status, Has_Origin, Has_Destination, Discovered_On, Links_To, Coordinate_X, Coordinate_Y) VALUES (4044, 'Portal_4044', 'Closed', 8, 51, '1983-08-07', NULL, -83.444082, 42.662998);
INSERT INTO Portal (Portal_ID, Name, Status, Has_Origin, Has_Destination, Discovered_On, Links_To, Coordinate_X, Coordinate_Y) VALUES (4045, 'Portal_4045', 'Active', 23, 46, '1986-05-06', 4031, -83.179287, 42.376408);
INSERT INTO Portal (Portal_ID, Name, Status, Has_Origin, Has_Destination, Discovered_On, Links_To, Coordinate_X, Coordinate_Y) VALUES (4046, 'Portal_4046', 'Closed', 22, 16, '1983-01-22', 4007, -83.329536, 42.338044);
INSERT INTO Portal (Portal_ID, Name, Status, Has_Origin, Has_Destination, Discovered_On, Links_To, Coordinate_X, Coordinate_Y) VALUES (4047, 'Portal_4047', 'Active', 6, 50, '1987-02-24', NULL, -83.190441, 42.288674);
INSERT INTO Portal (Portal_ID, Name, Status, Has_Origin, Has_Destination, Discovered_On, Links_To, Coordinate_X, Coordinate_Y) VALUES (4048, 'Portal_4048', 'Closed', 19, 17, '1986-01-04', NULL, -83.251719, 42.704497);
INSERT INTO Portal (Portal_ID, Name, Status, Has_Origin, Has_Destination, Discovered_On, Links_To, Coordinate_X, Coordinate_Y) VALUES (4049, 'Portal_4049', 'Closed', 44, 21, '1986-12-04', 4048, -83.219416, 41.019345);
INSERT INTO Portal (Portal_ID, Name, Status, Has_Origin, Has_Destination, Discovered_On, Links_To, Coordinate_X, Coordinate_Y) VALUES (4050, 'Portal_4050', 'Active', 43, 42, '1984-06-12', NULL, -83.089822, 41.536619);
INSERT INTO Portal (Portal_ID, Name, Status, Has_Origin, Has_Destination, Discovered_On, Links_To, Coordinate_X, Coordinate_Y) VALUES (4051, 'Portal_4051', 'Active', 24, 22, '1984-02-13', 4029, -84.456334, 41.771431);
INSERT INTO Portal (Portal_ID, Name, Status, Has_Origin, Has_Destination, Discovered_On, Links_To, Coordinate_X, Coordinate_Y) VALUES (4052, 'Portal_4052', 'Closed', 27, 42, '1984-02-05', NULL, -84.882707, 42.884934);
INSERT INTO Portal (Portal_ID, Name, Status, Has_Origin, Has_Destination, Discovered_On, Links_To, Coordinate_X, Coordinate_Y) VALUES (4053, 'Portal_4053', 'Active', 7, 27, '1987-08-26', NULL, -84.123674, 42.222646);
INSERT INTO Portal (Portal_ID, Name, Status, Has_Origin, Has_Destination, Discovered_On, Links_To, Coordinate_X, Coordinate_Y) VALUES (4054, 'Portal_4054', 'Closed', 40, 2, '1984-08-16', 4026, -84.118624, 41.126672);
INSERT INTO Portal (Portal_ID, Name, Status, Has_Origin, Has_Destination, Discovered_On, Links_To, Coordinate_X, Coordinate_Y) VALUES (4055, 'Portal_4055', 'Closed', 1, 46, '1987-12-19', NULL, -84.55203, 42.911523);
INSERT INTO Portal (Portal_ID, Name, Status, Has_Origin, Has_Destination, Discovered_On, Links_To, Coordinate_X, Coordinate_Y) VALUES (4056, 'Portal_4056', 'Closed', 34, 34, '1987-02-14', NULL, -84.502846, 41.691499);
INSERT INTO Portal (Portal_ID, Name, Status, Has_Origin, Has_Destination, Discovered_On, Links_To, Coordinate_X, Coordinate_Y) VALUES (4057, 'Portal_4057', 'Closed', 10, 36, '1987-01-01', NULL, -84.686145, 42.697691);
INSERT INTO Portal (Portal_ID, Name, Status, Has_Origin, Has_Destination, Discovered_On, Links_To, Coordinate_X, Coordinate_Y) VALUES (4058, 'Portal_4058', 'Closed', 11, 5, '1986-06-08', 4017, -84.899299, 41.445413);
INSERT INTO Portal (Portal_ID, Name, Status, Has_Origin, Has_Destination, Discovered_On, Links_To, Coordinate_X, Coordinate_Y) VALUES (4059, 'Portal_4059', 'Closed', 26, 16, '1983-08-15', NULL, -84.103803, 42.713178);
INSERT INTO Event (Event_ID, Date, Time, Description, Outcome, Severity, Location_ID, Portal_ID) VALUES (5000, '1986-06-04', '15:47:41', 'Rift breach and creature emerged', 'Contained', 'Moderate', 3, 4000);
INSERT INTO Event (Event_ID, Date, Time, Description, Outcome, Severity, Location_ID, Portal_ID) VALUES (5001, '1983-10-20', '20:19:56', 'Mass hysteria reported', 'Catastrophic', 'Minor', 43, 4021);
INSERT INTO Event (Event_ID, Date, Time, Description, Outcome, Severity, Location_ID, Portal_ID) VALUES (5002, '1985-01-27', '07:54:29', 'Psychic feedback event', 'Catastrophic', 'Moderate', 39, 4042);
INSERT INTO Event (Event_ID, Date, Time, Description, Outcome, Severity, Location_ID, Portal_ID) VALUES (5003, '1985-12-15', '03:06:48', 'Artifact activation and anomalous readings', 'Contained', 'Minor', 41, NULL);
INSERT INTO Event (Event_ID, Date, Time, Description, Outcome, Severity, Location_ID, Portal_ID) VALUES (5004, '1985-09-17', '11:44:06', 'Rift breach and creature emerged', 'Contained', 'Moderate', 46, NULL);
INSERT INTO Event (Event_ID, Date, Time, Description, Outcome, Severity, Location_ID, Portal_ID) VALUES (5005, '1986-02-09', '19:12:12', 'Temporal distortion observed', 'Ongoing', 'Minor', 51, 4021);
INSERT INTO Event (Event_ID, Date, Time, Description, Outcome, Severity, Location_ID, Portal_ID) VALUES (5006, '1983-07-02', '20:53:43', 'Strange electromagnetic interference', 'Contained', 'Moderate', 29, 4037);
INSERT INTO Event (Event_ID, Date, Time, Description, Outcome, Severity, Location_ID, Portal_ID) VALUES (5007, '1987-03-16', '00:33:47', 'Rift breach and creature emerged', 'Catastrophic', 'Severe', 38, 4032);
INSERT INTO Event (Event_ID, Date, Time, Description, Outcome, Severity, Location_ID, Portal_ID) VALUES (5008, '1984-12-19', '05:46:52', 'Localized blackout and whispers', 'Contained', 'Minor', 39, NULL);
INSERT INTO Event (Event_ID, Date, Time, Description, Outcome, Severity, Location_ID, Portal_ID) VALUES (5009, '1985-09-13', '13:38:58', 'Artifact activation and anomalous readings', 'Ongoing', 'Minor', 22, NULL);
INSERT INTO Event (Event_ID, Date, Time, Description, Outcome, Severity, Location_ID, Portal_ID) VALUES (5010, '1986-03-05', '13:38:44', 'Mass hysteria reported', 'Ongoing', 'Severe', 36, NULL);
INSERT INTO Event (Event_ID, Date, Time, Description, Outcome, Severity, Location_ID, Portal_ID) VALUES (5011, '1987-11-07', '06:13:39', 'Sighting of shadow-like figure', 'Catastrophic', 'Minor', 44, 4045);
INSERT INTO Event (Event_ID, Date, Time, Description, Outcome, Severity, Location_ID, Portal_ID) VALUES (5012, '1984-09-18', '22:40:20', 'Temporal distortion observed', 'Ongoing', 'Moderate', 38, 4042);
INSERT INTO Event (Event_ID, Date, Time, Description, Outcome, Severity, Location_ID, Portal_ID) VALUES (5013, '1986-11-24', '17:18:56', 'Containment field failure', 'Contained', 'Moderate', 2, 4003);
INSERT INTO Event (Event_ID, Date, Time, Description, Outcome, Severity, Location_ID, Portal_ID) VALUES (5014, '1983-04-09', '05:18:43', 'Sighting of shadow-like figure', 'Contained', 'Severe', 45, NULL);
INSERT INTO Event (Event_ID, Date, Time, Description, Outcome, Severity, Location_ID, Portal_ID) VALUES (5015, '1984-09-02', '11:52:28', 'Temporal distortion observed', 'Catastrophic', 'Severe', 48, 4014);
INSERT INTO Event (Event_ID, Date, Time, Description, Outcome, Severity, Location_ID, Portal_ID) VALUES (5016, '1987-07-08', '16:50:50', 'Sighting of shadow-like figure', 'Catastrophic', 'Moderate', 25, 4050);
INSERT INTO Event (Event_ID, Date, Time, Description, Outcome, Severity, Location_ID, Portal_ID) VALUES (5017, '1985-09-02', '00:47:16', 'Artifact activation and anomalous readings', 'Catastrophic', 'Severe', 29, NULL);
INSERT INTO Event (Event_ID, Date, Time, Description, Outcome, Severity, Location_ID, Portal_ID) VALUES (5018, '1985-10-18', '23:38:12', 'Artifact activation and anomalous readings', 'Ongoing', 'Moderate', 44, 4011);
INSERT INTO Event (Event_ID, Date, Time, Description, Outcome, Severity, Location_ID, Portal_ID) VALUES (5019, '1987-02-13', '01:27:17', 'Mass hysteria reported', 'Ongoing', 'Minor', 38, NULL);
INSERT INTO Event (Event_ID, Date, Time, Description, Outcome, Severity, Location_ID, Portal_ID) VALUES (5020, '1983-06-15', '22:59:09', 'Rift breach and creature emerged', 'Contained', 'Severe', 39, 4059);
INSERT INTO Event (Event_ID, Date, Time, Description, Outcome, Severity, Location_ID, Portal_ID) VALUES (5021, '1987-11-10', '15:50:36', 'Mass hysteria reported', 'Ongoing', 'Minor', 46, 4014);
INSERT INTO Event (Event_ID, Date, Time, Description, Outcome, Severity, Location_ID, Portal_ID) VALUES (5022, '1984-09-03', '16:10:26', 'Mass hysteria reported', 'Catastrophic', 'Moderate', 23, 4013);
INSERT INTO Event (Event_ID, Date, Time, Description, Outcome, Severity, Location_ID, Portal_ID) VALUES (5023, '1985-06-12', '09:13:48', 'Strange electromagnetic interference', 'Catastrophic', 'Moderate', 36, NULL);
INSERT INTO Event (Event_ID, Date, Time, Description, Outcome, Severity, Location_ID, Portal_ID) VALUES (5024, '1983-02-22', '11:28:15', 'Strange electromagnetic interference', 'Catastrophic', 'Minor', 3, NULL);
INSERT INTO Event (Event_ID, Date, Time, Description, Outcome, Severity, Location_ID, Portal_ID) VALUES (5025, '1985-07-26', '03:24:16', 'Mass hysteria reported', 'Catastrophic', 'Minor', 34, NULL);
INSERT INTO Event (Event_ID, Date, Time, Description, Outcome, Severity, Location_ID, Portal_ID) VALUES (5026, '1985-09-26', '16:28:31', 'Rift breach and creature emerged', 'Ongoing', 'Severe', 13, 4005);
INSERT INTO Event (Event_ID, Date, Time, Description, Outcome, Severity, Location_ID, Portal_ID) VALUES (5027, '1983-03-25', '17:34:00', 'Temporal distortion observed', 'Contained', 'Moderate', 50, 4043);
INSERT INTO Event (Event_ID, Date, Time, Description, Outcome, Severity, Location_ID, Portal_ID) VALUES (5028, '1986-02-07', '17:53:44', 'Containment field failure', 'Catastrophic', 'Severe', 5, NULL);
INSERT INTO Event (Event_ID, Date, Time, Description, Outcome, Severity, Location_ID, Portal_ID) VALUES (5029, '1984-01-15', '22:21:02', 'Temporal distortion observed', 'Contained', 'Minor', 51, 4004);
INSERT INTO Event (Event_ID, Date, Time, Description, Outcome, Severity, Location_ID, Portal_ID) VALUES (5030, '1987-04-09', '13:24:28', 'Containment field failure', 'Ongoing', 'Minor', 25, NULL);
INSERT INTO Event (Event_ID, Date, Time, Description, Outcome, Severity, Location_ID, Portal_ID) VALUES (5031, '1987-01-21', '23:39:04', 'Strange electromagnetic interference', 'Contained', 'Moderate', 5, 4032);
INSERT INTO Event (Event_ID, Date, Time, Description, Outcome, Severity, Location_ID, Portal_ID) VALUES (5032, '1983-05-26', '21:19:38', 'Temporal distortion observed', 'Ongoing', 'Moderate', 29, 4052);
INSERT INTO Event (Event_ID, Date, Time, Description, Outcome, Severity, Location_ID, Portal_ID) VALUES (5033, '1983-08-06', '17:14:08', 'Containment field failure', 'Catastrophic', 'Minor', 41, 4043);
INSERT INTO Event (Event_ID, Date, Time, Description, Outcome, Severity, Location_ID, Portal_ID) VALUES (5034, '1985-01-18', '17:09:07', 'Rift breach and creature emerged', 'Contained', 'Moderate', 26, 4005);
INSERT INTO Event (Event_ID, Date, Time, Description, Outcome, Severity, Location_ID, Portal_ID) VALUES (5035, '1985-04-24', '23:57:46', 'Psychic feedback event', 'Contained', 'Moderate', 42, NULL);
INSERT INTO Event (Event_ID, Date, Time, Description, Outcome, Severity, Location_ID, Portal_ID) VALUES (5036, '1984-03-06', '07:39:53', 'Sighting of shadow-like figure', 'Contained', 'Minor', 43, NULL);
INSERT INTO Event (Event_ID, Date, Time, Description, Outcome, Severity, Location_ID, Portal_ID) VALUES (5037, '1983-09-15', '20:35:04', 'Sighting of shadow-like figure', 'Catastrophic', 'Minor', 7, 4037);
INSERT INTO Event (Event_ID, Date, Time, Description, Outcome, Severity, Location_ID, Portal_ID) VALUES (5038, '1986-06-12', '04:42:41', 'Artifact activation and anomalous readings', 'Contained', 'Minor', 5, NULL);
INSERT INTO Event (Event_ID, Date, Time, Description, Outcome, Severity, Location_ID, Portal_ID) VALUES (5039, '1985-08-15', '10:39:42', 'Sighting of shadow-like figure', 'Catastrophic', 'Moderate', 37, 4051);
INSERT INTO Event (Event_ID, Date, Time, Description, Outcome, Severity, Location_ID, Portal_ID) VALUES (5040, '1985-07-06', '00:20:15', 'Artifact activation and anomalous readings', 'Catastrophic', 'Moderate', 28, 4023);
INSERT INTO Event (Event_ID, Date, Time, Description, Outcome, Severity, Location_ID, Portal_ID) VALUES (5041, '1984-11-24', '10:56:30', 'Sensor spike with injuries', 'Ongoing', 'Minor', 20, 4006);
INSERT INTO Event (Event_ID, Date, Time, Description, Outcome, Severity, Location_ID, Portal_ID) VALUES (5042, '1984-11-20', '02:53:17', 'Localized blackout and whispers', 'Catastrophic', 'Minor', 47, NULL);
INSERT INTO Event (Event_ID, Date, Time, Description, Outcome, Severity, Location_ID, Portal_ID) VALUES (5043, '1983-12-03', '00:54:32', 'Rift breach and creature emerged', 'Catastrophic', 'Moderate', 50, 4058);
INSERT INTO Event (Event_ID, Date, Time, Description, Outcome, Severity, Location_ID, Portal_ID) VALUES (5044, '1983-09-09', '17:57:34', 'Sensor spike with injuries', 'Catastrophic', 'Moderate', 24, 4057);
INSERT INTO Event (Event_ID, Date, Time, Description, Outcome, Severity, Location_ID, Portal_ID) VALUES (5045, '1987-12-28', '09:08:29', 'Mass hysteria reported', 'Catastrophic', 'Minor', 24, 4042);
INSERT INTO Event (Event_ID, Date, Time, Description, Outcome, Severity, Location_ID, Portal_ID) VALUES (5046, '1984-10-22', '05:48:32', 'Localized blackout and whispers', 'Ongoing', 'Minor', 37, NULL);
INSERT INTO Event (Event_ID, Date, Time, Description, Outcome, Severity, Location_ID, Portal_ID) VALUES (5047, '1984-12-24', '15:22:02', 'Artifact activation and anomalous readings', 'Ongoing', 'Minor', 17, 4002);
INSERT INTO Event (Event_ID, Date, Time, Description, Outcome, Severity, Location_ID, Portal_ID) VALUES (5048, '1984-09-26', '11:24:30', 'Sensor spike with injuries', 'Contained', 'Minor', 42, 4045);
INSERT INTO Event (Event_ID, Date, Time, Description, Outcome, Severity, Location_ID, Portal_ID) VALUES (5049, '1987-11-27', '08:53:47', 'Sighting of shadow-like figure', 'Catastrophic', 'Moderate', 12, 4024);
INSERT INTO Event (Event_ID, Date, Time, Description, Outcome, Severity, Location_ID, Portal_ID) VALUES (5050, '1985-10-21', '02:33:16', 'Containment field failure', 'Contained', 'Moderate', 23, NULL);
INSERT INTO Event (Event_ID, Date, Time, Description, Outcome, Severity, Location_ID, Portal_ID) VALUES (5051, '1985-08-26', '15:56:38', 'Rift breach and creature emerged', 'Catastrophic', 'Severe', 29, 4004);
INSERT INTO Event (Event_ID, Date, Time, Description, Outcome, Severity, Location_ID, Portal_ID) VALUES (5052, '1987-11-09', '06:09:11', 'Localized blackout and whispers', 'Ongoing', 'Moderate', 8, NULL);
INSERT INTO Event (Event_ID, Date, Time, Description, Outcome, Severity, Location_ID, Portal_ID) VALUES (5053, '1986-06-24', '03:30:43', 'Sensor spike with injuries', 'Ongoing', 'Minor', 11, NULL);
INSERT INTO Event (Event_ID, Date, Time, Description, Outcome, Severity, Location_ID, Portal_ID) VALUES (5054, '1986-01-08', '01:08:36', 'Strange electromagnetic interference', 'Contained', 'Minor', 33, 4036);
INSERT INTO Event (Event_ID, Date, Time, Description, Outcome, Severity, Location_ID, Portal_ID) VALUES (5055, '1984-01-06', '08:59:11', 'Mass hysteria reported', 'Ongoing', 'Moderate', 37, NULL);
INSERT INTO Event (Event_ID, Date, Time, Description, Outcome, Severity, Location_ID, Portal_ID) VALUES (5056, '1985-02-07', '14:38:30', 'Sensor spike with injuries', 'Contained', 'Minor', 27, NULL);
INSERT INTO Event (Event_ID, Date, Time, Description, Outcome, Severity, Location_ID, Portal_ID) VALUES (5057, '1987-03-20', '21:32:16', 'Localized blackout and whispers', 'Catastrophic', 'Moderate', 30, 4004);
INSERT INTO Event (Event_ID, Date, Time, Description, Outcome, Severity, Location_ID, Portal_ID) VALUES (5058, '1984-07-13', '04:06:01', 'Artifact activation and anomalous readings', 'Catastrophic', 'Severe', 33, NULL);
INSERT INTO Event (Event_ID, Date, Time, Description, Outcome, Severity, Location_ID, Portal_ID) VALUES (5059, '1984-10-04', '05:30:57', 'Strange electromagnetic interference', 'Catastrophic', 'Minor', 51, 4048);
INSERT INTO Event (Event_ID, Date, Time, Description, Outcome, Severity, Location_ID, Portal_ID) VALUES (5060, '1983-02-16', '21:08:57', 'Strange electromagnetic interference', 'Catastrophic', 'Severe', 50, NULL);
INSERT INTO Event (Event_ID, Date, Time, Description, Outcome, Severity, Location_ID, Portal_ID) VALUES (5061, '1986-09-14', '11:55:02', 'Mass hysteria reported', 'Ongoing', 'Minor', 31, NULL);
INSERT INTO Event (Event_ID, Date, Time, Description, Outcome, Severity, Location_ID, Portal_ID) VALUES (5062, '1986-06-19', '23:58:48', 'Strange electromagnetic interference', 'Contained', 'Moderate', 17, 4014);
INSERT INTO Event (Event_ID, Date, Time, Description, Outcome, Severity, Location_ID, Portal_ID) VALUES (5063, '1983-05-20', '17:26:16', 'Artifact activation and anomalous readings', 'Contained', 'Moderate', 51, 4033);
INSERT INTO Event (Event_ID, Date, Time, Description, Outcome, Severity, Location_ID, Portal_ID) VALUES (5064, '1983-09-01', '12:41:13', 'Psychic feedback event', 'Ongoing', 'Minor', 10, 4037);
INSERT INTO Event (Event_ID, Date, Time, Description, Outcome, Severity, Location_ID, Portal_ID) VALUES (5065, '1985-05-28', '17:27:36', 'Psychic feedback event', 'Catastrophic', 'Minor', 44, 4013);
INSERT INTO Event (Event_ID, Date, Time, Description, Outcome, Severity, Location_ID, Portal_ID) VALUES (5066, '1986-09-26', '17:30:11', 'Psychic feedback event', 'Catastrophic', 'Moderate', 17, NULL);
INSERT INTO Event (Event_ID, Date, Time, Description, Outcome, Severity, Location_ID, Portal_ID) VALUES (5067, '1987-06-25', '22:25:47', 'Localized blackout and whispers', 'Catastrophic', 'Minor', 15, 4044);
INSERT INTO Event (Event_ID, Date, Time, Description, Outcome, Severity, Location_ID, Portal_ID) VALUES (5068, '1984-02-07', '16:25:50', 'Psychic feedback event', 'Catastrophic', 'Moderate', 44, NULL);
INSERT INTO Event (Event_ID, Date, Time, Description, Outcome, Severity, Location_ID, Portal_ID) VALUES (5069, '1984-07-21', '00:51:05', 'Localized blackout and whispers', 'Ongoing', 'Severe', 28, 4016);
INSERT INTO Event (Event_ID, Date, Time, Description, Outcome, Severity, Location_ID, Portal_ID) VALUES (5070, '1984-06-03', '19:02:46', 'Containment field failure', 'Ongoing', 'Moderate', 34, 4038);
INSERT INTO Event (Event_ID, Date, Time, Description, Outcome, Severity, Location_ID, Portal_ID) VALUES (5071, '1983-03-21', '15:28:00', 'Artifact activation and anomalous readings', 'Catastrophic', 'Severe', 34, 4002);
INSERT INTO Event (Event_ID, Date, Time, Description, Outcome, Severity, Location_ID, Portal_ID) VALUES (5072, '1987-09-17', '22:14:39', 'Localized blackout and whispers', 'Catastrophic', 'Minor', 16, NULL);
INSERT INTO Event (Event_ID, Date, Time, Description, Outcome, Severity, Location_ID, Portal_ID) VALUES (5073, '1984-02-09', '12:22:42', 'Containment field failure', 'Ongoing', 'Moderate', 34, 4045);
INSERT INTO Event (Event_ID, Date, Time, Description, Outcome, Severity, Location_ID, Portal_ID) VALUES (5074, '1983-02-18', '09:46:53', 'Mass hysteria reported', 'Catastrophic', 'Minor', 18, 4012);
INSERT INTO Event (Event_ID, Date, Time, Description, Outcome, Severity, Location_ID, Portal_ID) VALUES (5075, '1986-07-19', '00:16:11', 'Containment field failure', 'Catastrophic', 'Minor', 5, 4021);
INSERT INTO Event (Event_ID, Date, Time, Description, Outcome, Severity, Location_ID, Portal_ID) VALUES (5076, '1983-09-09', '17:52:50', 'Strange electromagnetic interference', 'Ongoing', 'Moderate', 25, 4049);
INSERT INTO Event (Event_ID, Date, Time, Description, Outcome, Severity, Location_ID, Portal_ID) VALUES (5077, '1984-06-25', '14:43:29', 'Strange electromagnetic interference', 'Contained', 'Moderate', 17, 4040);
INSERT INTO Event (Event_ID, Date, Time, Description, Outcome, Severity, Location_ID, Portal_ID) VALUES (5078, '1984-11-23', '07:51:20', 'Containment field failure', 'Ongoing', 'Moderate', 1, NULL);
INSERT INTO Event (Event_ID, Date, Time, Description, Outcome, Severity, Location_ID, Portal_ID) VALUES (5079, '1985-04-10', '02:25:43', 'Psychic feedback event', 'Contained', 'Moderate', 12, 4022);
INSERT INTO Event (Event_ID, Date, Time, Description, Outcome, Severity, Location_ID, Portal_ID) VALUES (5080, '1984-10-09', '05:47:43', 'Artifact activation and anomalous readings', 'Ongoing', 'Moderate', 16, NULL);
INSERT INTO Event (Event_ID, Date, Time, Description, Outcome, Severity, Location_ID, Portal_ID) VALUES (5081, '1985-04-08', '06:53:15', 'Strange electromagnetic interference', 'Ongoing', 'Minor', 7, 4005);
INSERT INTO Event (Event_ID, Date, Time, Description, Outcome, Severity, Location_ID, Portal_ID) VALUES (5082, '1986-10-01', '17:02:54', 'Sensor spike with injuries', 'Ongoing', 'Moderate', 32, NULL);
INSERT INTO Event (Event_ID, Date, Time, Description, Outcome, Severity, Location_ID, Portal_ID) VALUES (5083, '1987-05-16', '05:48:58', 'Mass hysteria reported', 'Ongoing', 'Minor', 49, 4003);
INSERT INTO Event (Event_ID, Date, Time, Description, Outcome, Severity, Location_ID, Portal_ID) VALUES (5084, '1987-07-16', '17:02:32', 'Psychic feedback event', 'Ongoing', 'Severe', 50, 4007);
INSERT INTO Event (Event_ID, Date, Time, Description, Outcome, Severity, Location_ID, Portal_ID) VALUES (5085, '1987-08-11', '22:00:00', 'Artifact activation and anomalous readings', 'Ongoing', 'Moderate', 21, 4055);
INSERT INTO Event (Event_ID, Date, Time, Description, Outcome, Severity, Location_ID, Portal_ID) VALUES (5086, '1985-03-18', '08:15:17', 'Sensor spike with injuries', 'Catastrophic', 'Minor', 12, 4013);
INSERT INTO Event (Event_ID, Date, Time, Description, Outcome, Severity, Location_ID, Portal_ID) VALUES (5087, '1986-12-25', '11:23:54', 'Containment field failure', 'Ongoing', 'Moderate', 37, 4036);
INSERT INTO Event (Event_ID, Date, Time, Description, Outcome, Severity, Location_ID, Portal_ID) VALUES (5088, '1984-02-24', '08:51:15', 'Mass hysteria reported', 'Ongoing', 'Severe', 13, 4047);
INSERT INTO Event (Event_ID, Date, Time, Description, Outcome, Severity, Location_ID, Portal_ID) VALUES (5089, '1984-08-26', '00:11:26', 'Sensor spike with injuries', 'Contained', 'Severe', 41, 4046);
INSERT INTO Event (Event_ID, Date, Time, Description, Outcome, Severity, Location_ID, Portal_ID) VALUES (5090, '1985-08-10', '08:35:54', 'Strange electromagnetic interference', 'Contained', 'Minor', 45, 4013);
INSERT INTO Event (Event_ID, Date, Time, Description, Outcome, Severity, Location_ID, Portal_ID) VALUES (5091, '1985-08-27', '20:06:28', 'Psychic feedback event', 'Ongoing', 'Minor', 36, 4051);
INSERT INTO Event (Event_ID, Date, Time, Description, Outcome, Severity, Location_ID, Portal_ID) VALUES (5092, '1985-06-01', '13:07:22', 'Strange electromagnetic interference', 'Contained', 'Moderate', 42, NULL);
INSERT INTO Event (Event_ID, Date, Time, Description, Outcome, Severity, Location_ID, Portal_ID) VALUES (5093, '1984-05-12', '10:43:32', 'Sensor spike with injuries', 'Catastrophic', 'Moderate', 6, 4018);
INSERT INTO Event (Event_ID, Date, Time, Description, Outcome, Severity, Location_ID, Portal_ID) VALUES (5094, '1986-11-05', '05:40:51', 'Psychic feedback event', 'Ongoing', 'Moderate', 37, 4058);
INSERT INTO Event (Event_ID, Date, Time, Description, Outcome, Severity, Location_ID, Portal_ID) VALUES (5095, '1983-02-06', '10:14:20', 'Psychic feedback event', 'Catastrophic', 'Minor', 18, NULL);
INSERT INTO Event (Event_ID, Date, Time, Description, Outcome, Severity, Location_ID, Portal_ID) VALUES (5096, '1986-05-15', '11:47:37', 'Mass hysteria reported', 'Ongoing', 'Moderate', 12, NULL);
INSERT INTO Event (Event_ID, Date, Time, Description, Outcome, Severity, Location_ID, Portal_ID) VALUES (5097, '1984-12-08', '21:16:47', 'Temporal distortion observed', 'Contained', 'Minor', 7, 4059);
INSERT INTO Event (Event_ID, Date, Time, Description, Outcome, Severity, Location_ID, Portal_ID) VALUES (5098, '1986-09-02', '00:49:25', 'Mass hysteria reported', 'Contained', 'Minor', 40, 4041);
INSERT INTO Event (Event_ID, Date, Time, Description, Outcome, Severity, Location_ID, Portal_ID) VALUES (5099, '1986-05-08', '07:47:18', 'Sensor spike with injuries', 'Catastrophic', 'Minor', 34, NULL);
INSERT INTO Event (Event_ID, Date, Time, Description, Outcome, Severity, Location_ID, Portal_ID) VALUES (5100, '1983-01-22', '11:55:58', 'Psychic feedback event', 'Ongoing', 'Moderate', 35, NULL);
INSERT INTO Event (Event_ID, Date, Time, Description, Outcome, Severity, Location_ID, Portal_ID) VALUES (5101, '1987-08-05', '22:34:11', 'Strange electromagnetic interference', 'Catastrophic', 'Moderate', 48, NULL);
INSERT INTO Event (Event_ID, Date, Time, Description, Outcome, Severity, Location_ID, Portal_ID) VALUES (5102, '1987-07-17', '20:40:34', 'Sighting of shadow-like figure', 'Ongoing', 'Moderate', 15, NULL);
INSERT INTO Event (Event_ID, Date, Time, Description, Outcome, Severity, Location_ID, Portal_ID) VALUES (5103, '1986-05-12', '13:16:09', 'Sighting of shadow-like figure', 'Contained', 'Minor', 49, NULL);
INSERT INTO Event (Event_ID, Date, Time, Description, Outcome, Severity, Location_ID, Portal_ID) VALUES (5104, '1985-05-16', '17:00:44', 'Sensor spike with injuries', 'Ongoing', 'Minor', 50, 4018);
INSERT INTO Event (Event_ID, Date, Time, Description, Outcome, Severity, Location_ID, Portal_ID) VALUES (5105, '1987-04-26', '00:35:23', 'Artifact activation and anomalous readings', 'Ongoing', 'Severe', 28, 4010);
INSERT INTO Event (Event_ID, Date, Time, Description, Outcome, Severity, Location_ID, Portal_ID) VALUES (5106, '1986-07-08', '08:05:27', 'Artifact activation and anomalous readings', 'Catastrophic', 'Moderate', 40, NULL);
INSERT INTO Event (Event_ID, Date, Time, Description, Outcome, Severity, Location_ID, Portal_ID) VALUES (5107, '1985-05-21', '23:34:51', 'Sighting of shadow-like figure', 'Ongoing', 'Minor', 5, 4018);
INSERT INTO Event (Event_ID, Date, Time, Description, Outcome, Severity, Location_ID, Portal_ID) VALUES (5108, '1983-11-15', '19:28:17', 'Strange electromagnetic interference', 'Ongoing', 'Minor', 2, 4034);
INSERT INTO Event (Event_ID, Date, Time, Description, Outcome, Severity, Location_ID, Portal_ID) VALUES (5109, '1983-03-04', '09:17:08', 'Sensor spike with injuries', 'Catastrophic', 'Minor', 6, 4031);
INSERT INTO Event (Event_ID, Date, Time, Description, Outcome, Severity, Location_ID, Portal_ID) VALUES (5110, '1984-06-14', '09:50:51', 'Sensor spike with injuries', 'Ongoing', 'Moderate', 51, 4005);
INSERT INTO Event (Event_ID, Date, Time, Description, Outcome, Severity, Location_ID, Portal_ID) VALUES (5111, '1984-01-09', '12:04:34', 'Sensor spike with injuries', 'Contained', 'Minor', 17, NULL);
INSERT INTO Event (Event_ID, Date, Time, Description, Outcome, Severity, Location_ID, Portal_ID) VALUES (5112, '1983-02-25', '22:15:24', 'Sensor spike with injuries', 'Contained', 'Moderate', 3, 4047);
INSERT INTO Event (Event_ID, Date, Time, Description, Outcome, Severity, Location_ID, Portal_ID) VALUES (5113, '1983-09-22', '06:30:24', 'Sighting of shadow-like figure', 'Ongoing', 'Minor', 47, 4059);
INSERT INTO Event (Event_ID, Date, Time, Description, Outcome, Severity, Location_ID, Portal_ID) VALUES (5114, '1987-09-04', '08:30:40', 'Sighting of shadow-like figure', 'Contained', 'Minor', 4, NULL);
INSERT INTO Event (Event_ID, Date, Time, Description, Outcome, Severity, Location_ID, Portal_ID) VALUES (5115, '1984-02-08', '20:27:20', 'Rift breach and creature emerged', 'Contained', 'Moderate', 38, 4050);
INSERT INTO Event (Event_ID, Date, Time, Description, Outcome, Severity, Location_ID, Portal_ID) VALUES (5116, '1984-01-02', '18:50:44', 'Sensor spike with injuries', 'Catastrophic', 'Moderate', 24, NULL);
INSERT INTO Event (Event_ID, Date, Time, Description, Outcome, Severity, Location_ID, Portal_ID) VALUES (5117, '1984-03-16', '02:43:39', 'Psychic feedback event', 'Catastrophic', 'Minor', 23, NULL);
INSERT INTO Event (Event_ID, Date, Time, Description, Outcome, Severity, Location_ID, Portal_ID) VALUES (5118, '1987-02-05', '15:14:20', 'Mass hysteria reported', 'Catastrophic', 'Moderate', 29, NULL);
INSERT INTO Event (Event_ID, Date, Time, Description, Outcome, Severity, Location_ID, Portal_ID) VALUES (5119, '1983-12-13', '11:46:08', 'Sighting of shadow-like figure', 'Contained', 'Moderate', 29, 4034);
INSERT INTO Event (Event_ID, Date, Time, Description, Outcome, Severity, Location_ID, Portal_ID) VALUES (5120, '1986-04-19', '05:34:22', 'Psychic feedback event', 'Catastrophic', 'Moderate', 39, NULL);
INSERT INTO Event (Event_ID, Date, Time, Description, Outcome, Severity, Location_ID, Portal_ID) VALUES (5121, '1987-03-03', '16:09:28', 'Sighting of shadow-like figure', 'Ongoing', 'Moderate', 30, 4040);
INSERT INTO Event (Event_ID, Date, Time, Description, Outcome, Severity, Location_ID, Portal_ID) VALUES (5122, '1987-07-24', '05:56:01', 'Strange electromagnetic interference', 'Ongoing', 'Moderate', 16, 4004);
INSERT INTO Event (Event_ID, Date, Time, Description, Outcome, Severity, Location_ID, Portal_ID) VALUES (5123, '1987-07-07', '16:43:31', 'Mass hysteria reported', 'Contained', 'Moderate', 21, 4020);
INSERT INTO Event (Event_ID, Date, Time, Description, Outcome, Severity, Location_ID, Portal_ID) VALUES (5124, '1983-02-17', '21:04:02', 'Localized blackout and whispers', 'Contained', 'Severe', 13, 4012);
INSERT INTO Event (Event_ID, Date, Time, Description, Outcome, Severity, Location_ID, Portal_ID) VALUES (5125, '1983-01-19', '20:53:24', 'Sensor spike with injuries', 'Catastrophic', 'Moderate', 38, 4023);
INSERT INTO Event (Event_ID, Date, Time, Description, Outcome, Severity, Location_ID, Portal_ID) VALUES (5126, '1984-10-23', '02:00:59', 'Artifact activation and anomalous readings', 'Catastrophic', 'Moderate', 6, 4040);
INSERT INTO Event (Event_ID, Date, Time, Description, Outcome, Severity, Location_ID, Portal_ID) VALUES (5127, '1983-06-18', '23:56:26', 'Psychic feedback event', 'Catastrophic', 'Minor', 40, 4002);
INSERT INTO Event (Event_ID, Date, Time, Description, Outcome, Severity, Location_ID, Portal_ID) VALUES (5128, '1983-05-03', '06:33:06', 'Temporal distortion observed', 'Catastrophic', 'Minor', 25, 4033);
INSERT INTO Event (Event_ID, Date, Time, Description, Outcome, Severity, Location_ID, Portal_ID) VALUES (5129, '1984-10-21', '05:35:47', 'Mass hysteria reported', 'Ongoing', 'Moderate', 50, NULL);
INSERT INTO Event (Event_ID, Date, Time, Description, Outcome, Severity, Location_ID, Portal_ID) VALUES (5130, '1985-11-15', '22:42:27', 'Temporal distortion observed', 'Contained', 'Moderate', 36, 4021);
INSERT INTO Event (Event_ID, Date, Time, Description, Outcome, Severity, Location_ID, Portal_ID) VALUES (5131, '1984-09-20', '14:59:22', 'Psychic feedback event', 'Catastrophic', 'Severe', 21, NULL);
INSERT INTO Event (Event_ID, Date, Time, Description, Outcome, Severity, Location_ID, Portal_ID) VALUES (5132, '1986-11-14', '23:20:38', 'Artifact activation and anomalous readings', 'Catastrophic', 'Moderate', 25, NULL);
INSERT INTO Event (Event_ID, Date, Time, Description, Outcome, Severity, Location_ID, Portal_ID) VALUES (5133, '1985-06-15', '14:25:00', 'Rift breach and creature emerged', 'Ongoing', 'Moderate', 34, 4056);
INSERT INTO Event (Event_ID, Date, Time, Description, Outcome, Severity, Location_ID, Portal_ID) VALUES (5134, '1985-01-10', '07:13:54', 'Psychic feedback event', 'Contained', 'Moderate', 45, NULL);
INSERT INTO Event (Event_ID, Date, Time, Description, Outcome, Severity, Location_ID, Portal_ID) VALUES (5135, '1987-09-18', '18:59:36', 'Localized blackout and whispers', 'Contained', 'Minor', 23, 4016);
INSERT INTO Event (Event_ID, Date, Time, Description, Outcome, Severity, Location_ID, Portal_ID) VALUES (5136, '1985-10-08', '07:16:51', 'Sighting of shadow-like figure', 'Contained', 'Moderate', 37, NULL);
INSERT INTO Event (Event_ID, Date, Time, Description, Outcome, Severity, Location_ID, Portal_ID) VALUES (5137, '1983-12-11', '15:11:31', 'Strange electromagnetic interference', 'Contained', 'Moderate', 20, 4051);
INSERT INTO Event (Event_ID, Date, Time, Description, Outcome, Severity, Location_ID, Portal_ID) VALUES (5138, '1987-07-03', '01:58:49', 'Psychic feedback event', 'Ongoing', 'Severe', 28, 4055);
INSERT INTO Event (Event_ID, Date, Time, Description, Outcome, Severity, Location_ID, Portal_ID) VALUES (5139, '1983-04-24', '20:54:38', 'Rift breach and creature emerged', 'Catastrophic', 'Moderate', 25, 4033);
INSERT INTO Event (Event_ID, Date, Time, Description, Outcome, Severity, Location_ID, Portal_ID) VALUES (5140, '1983-06-18', '18:09:20', 'Mass hysteria reported', 'Catastrophic', 'Minor', 4, NULL);
INSERT INTO Event (Event_ID, Date, Time, Description, Outcome, Severity, Location_ID, Portal_ID) VALUES (5141, '1986-08-25', '19:36:32', 'Temporal distortion observed', 'Contained', 'Moderate', 51, 4008);
INSERT INTO Event (Event_ID, Date, Time, Description, Outcome, Severity, Location_ID, Portal_ID) VALUES (5142, '1985-02-16', '18:47:03', 'Mass hysteria reported', 'Ongoing', 'Minor', 26, 4049);
INSERT INTO Event (Event_ID, Date, Time, Description, Outcome, Severity, Location_ID, Portal_ID) VALUES (5143, '1984-03-16', '17:12:31', 'Containment field failure', 'Catastrophic', 'Moderate', 36, NULL);
INSERT INTO Event (Event_ID, Date, Time, Description, Outcome, Severity, Location_ID, Portal_ID) VALUES (5144, '1987-04-08', '02:17:49', 'Containment field failure', 'Ongoing', 'Moderate', 37, 4042);
INSERT INTO Event (Event_ID, Date, Time, Description, Outcome, Severity, Location_ID, Portal_ID) VALUES (5145, '1986-07-12', '11:12:20', 'Psychic feedback event', 'Catastrophic', 'Moderate', 50, 4022);
INSERT INTO Event (Event_ID, Date, Time, Description, Outcome, Severity, Location_ID, Portal_ID) VALUES (5146, '1987-08-20', '04:28:02', 'Artifact activation and anomalous readings', 'Contained', 'Moderate', 10, NULL);
INSERT INTO Event (Event_ID, Date, Time, Description, Outcome, Severity, Location_ID, Portal_ID) VALUES (5147, '1983-02-24', '01:15:39', 'Localized blackout and whispers', 'Ongoing', 'Minor', 45, NULL);
INSERT INTO Event (Event_ID, Date, Time, Description, Outcome, Severity, Location_ID, Portal_ID) VALUES (5148, '1985-08-16', '00:21:13', 'Mass hysteria reported', 'Contained', 'Minor', 34, NULL);
INSERT INTO Event (Event_ID, Date, Time, Description, Outcome, Severity, Location_ID, Portal_ID) VALUES (5149, '1987-08-20', '23:09:44', 'Rift breach and creature emerged', 'Ongoing', 'Moderate', 43, 4016);
INSERT INTO Event (Event_ID, Date, Time, Description, Outcome, Severity, Location_ID, Portal_ID) VALUES (5150, '1984-01-10', '06:50:44', 'Strange electromagnetic interference', 'Ongoing', 'Minor', 42, NULL);
INSERT INTO Event (Event_ID, Date, Time, Description, Outcome, Severity, Location_ID, Portal_ID) VALUES (5151, '1983-07-22', '08:42:54', 'Psychic feedback event', 'Contained', 'Minor', 42, 4024);
INSERT INTO Event (Event_ID, Date, Time, Description, Outcome, Severity, Location_ID, Portal_ID) VALUES (5152, '1987-12-04', '10:31:55', 'Strange electromagnetic interference', 'Catastrophic', 'Minor', 13, 4029);
INSERT INTO Event (Event_ID, Date, Time, Description, Outcome, Severity, Location_ID, Portal_ID) VALUES (5153, '1987-12-01', '01:15:59', 'Mass hysteria reported', 'Ongoing', 'Minor', 26, NULL);
INSERT INTO Event (Event_ID, Date, Time, Description, Outcome, Severity, Location_ID, Portal_ID) VALUES (5154, '1983-06-22', '11:22:40', 'Sighting of shadow-like figure', 'Contained', 'Severe', 33, 4003);
INSERT INTO Event (Event_ID, Date, Time, Description, Outcome, Severity, Location_ID, Portal_ID) VALUES (5155, '1985-07-27', '00:35:17', 'Artifact activation and anomalous readings', 'Contained', 'Minor', 26, NULL);
INSERT INTO Event (Event_ID, Date, Time, Description, Outcome, Severity, Location_ID, Portal_ID) VALUES (5156, '1983-12-13', '16:43:39', 'Artifact activation and anomalous readings', 'Ongoing', 'Minor', 10, 4019);
INSERT INTO Event (Event_ID, Date, Time, Description, Outcome, Severity, Location_ID, Portal_ID) VALUES (5157, '1987-06-15', '17:08:13', 'Localized blackout and whispers', 'Catastrophic', 'Moderate', 13, NULL);
INSERT INTO Event (Event_ID, Date, Time, Description, Outcome, Severity, Location_ID, Portal_ID) VALUES (5158, '1985-12-23', '16:58:08', 'Containment field failure', 'Contained', 'Moderate', 37, NULL);
INSERT INTO Event (Event_ID, Date, Time, Description, Outcome, Severity, Location_ID, Portal_ID) VALUES (5159, '1985-02-18', '17:46:07', 'Localized blackout and whispers', 'Ongoing', 'Severe', 10, NULL);
INSERT INTO Event (Event_ID, Date, Time, Description, Outcome, Severity, Location_ID, Portal_ID) VALUES (5160, '1985-07-14', '09:28:47', 'Sighting of shadow-like figure', 'Contained', 'Moderate', 7, 4001);
INSERT INTO Event (Event_ID, Date, Time, Description, Outcome, Severity, Location_ID, Portal_ID) VALUES (5161, '1987-10-09', '19:36:39', 'Artifact activation and anomalous readings', 'Catastrophic', 'Minor', 44, 4005);
INSERT INTO Event (Event_ID, Date, Time, Description, Outcome, Severity, Location_ID, Portal_ID) VALUES (5162, '1986-03-17', '19:30:45', 'Psychic feedback event', 'Contained', 'Severe', 32, 4010);
INSERT INTO Event (Event_ID, Date, Time, Description, Outcome, Severity, Location_ID, Portal_ID) VALUES (5163, '1984-04-02', '13:48:00', 'Sighting of shadow-like figure', 'Ongoing', 'Minor', 43, NULL);
INSERT INTO Event (Event_ID, Date, Time, Description, Outcome, Severity, Location_ID, Portal_ID) VALUES (5164, '1984-02-06', '14:55:39', 'Sensor spike with injuries', 'Catastrophic', 'Minor', 30, NULL);
INSERT INTO Event (Event_ID, Date, Time, Description, Outcome, Severity, Location_ID, Portal_ID) VALUES (5165, '1986-07-25', '01:38:47', 'Containment field failure', 'Catastrophic', 'Minor', 40, NULL);
INSERT INTO Event (Event_ID, Date, Time, Description, Outcome, Severity, Location_ID, Portal_ID) VALUES (5166, '1987-10-18', '16:41:56', 'Rift breach and creature emerged', 'Catastrophic', 'Minor', 30, NULL);
INSERT INTO Event (Event_ID, Date, Time, Description, Outcome, Severity, Location_ID, Portal_ID) VALUES (5167, '1983-04-17', '17:25:47', 'Rift breach and creature emerged', 'Catastrophic', 'Minor', 49, NULL);
INSERT INTO Event (Event_ID, Date, Time, Description, Outcome, Severity, Location_ID, Portal_ID) VALUES (5168, '1983-04-10', '14:25:56', 'Sighting of shadow-like figure', 'Ongoing', 'Moderate', 28, 4058);
INSERT INTO Event (Event_ID, Date, Time, Description, Outcome, Severity, Location_ID, Portal_ID) VALUES (5169, '1983-12-17', '04:29:53', 'Sensor spike with injuries', 'Contained', 'Moderate', 8, 4037);
INSERT INTO Event (Event_ID, Date, Time, Description, Outcome, Severity, Location_ID, Portal_ID) VALUES (5170, '1987-03-13', '13:20:28', 'Rift breach and creature emerged', 'Contained', 'Moderate', 46, NULL);
INSERT INTO Event (Event_ID, Date, Time, Description, Outcome, Severity, Location_ID, Portal_ID) VALUES (5171, '1986-02-09', '10:44:41', 'Localized blackout and whispers', 'Catastrophic', 'Moderate', 6, 4028);
INSERT INTO Event (Event_ID, Date, Time, Description, Outcome, Severity, Location_ID, Portal_ID) VALUES (5172, '1985-02-17', '22:24:46', 'Mass hysteria reported', 'Catastrophic', 'Severe', 25, 4002);
INSERT INTO Event (Event_ID, Date, Time, Description, Outcome, Severity, Location_ID, Portal_ID) VALUES (5173, '1984-06-19', '21:55:09', 'Localized blackout and whispers', 'Contained', 'Minor', 46, 4019);
INSERT INTO Event (Event_ID, Date, Time, Description, Outcome, Severity, Location_ID, Portal_ID) VALUES (5174, '1985-12-25', '14:18:40', 'Localized blackout and whispers', 'Contained', 'Severe', 13, 4048);
INSERT INTO Event (Event_ID, Date, Time, Description, Outcome, Severity, Location_ID, Portal_ID) VALUES (5175, '1985-01-15', '15:54:31', 'Mass hysteria reported', 'Contained', 'Moderate', 32, 4037);
INSERT INTO Event (Event_ID, Date, Time, Description, Outcome, Severity, Location_ID, Portal_ID) VALUES (5176, '1986-08-14', '14:05:38', 'Strange electromagnetic interference', 'Contained', 'Minor', 36, 4040);
INSERT INTO Event (Event_ID, Date, Time, Description, Outcome, Severity, Location_ID, Portal_ID) VALUES (5177, '1987-04-02', '05:09:03', 'Psychic feedback event', 'Contained', 'Minor', 3, NULL);
INSERT INTO Event (Event_ID, Date, Time, Description, Outcome, Severity, Location_ID, Portal_ID) VALUES (5178, '1987-05-11', '02:03:06', 'Containment field failure', 'Contained', 'Minor', 19, NULL);
INSERT INTO Event (Event_ID, Date, Time, Description, Outcome, Severity, Location_ID, Portal_ID) VALUES (5179, '1987-10-26', '17:11:29', 'Strange electromagnetic interference', 'Ongoing', 'Severe', 6, NULL);
INSERT INTO Event (Event_ID, Date, Time, Description, Outcome, Severity, Location_ID, Portal_ID) VALUES (5180, '1985-06-13', '02:48:27', 'Mass hysteria reported', 'Contained', 'Minor', 9, 4055);
INSERT INTO Event (Event_ID, Date, Time, Description, Outcome, Severity, Location_ID, Portal_ID) VALUES (5181, '1985-06-17', '13:33:13', 'Artifact activation and anomalous readings', 'Catastrophic', 'Minor', 37, NULL);
INSERT INTO Event (Event_ID, Date, Time, Description, Outcome, Severity, Location_ID, Portal_ID) VALUES (5182, '1987-02-16', '23:44:38', 'Sighting of shadow-like figure', 'Ongoing', 'Moderate', 21, 4036);
INSERT INTO Event (Event_ID, Date, Time, Description, Outcome, Severity, Location_ID, Portal_ID) VALUES (5183, '1987-06-05', '19:36:31', 'Mass hysteria reported', 'Catastrophic', 'Moderate', 32, NULL);
INSERT INTO Event (Event_ID, Date, Time, Description, Outcome, Severity, Location_ID, Portal_ID) VALUES (5184, '1987-04-23', '09:12:00', 'Temporal distortion observed', 'Contained', 'Moderate', 51, 4054);
INSERT INTO Event (Event_ID, Date, Time, Description, Outcome, Severity, Location_ID, Portal_ID) VALUES (5185, '1984-10-14', '13:02:21', 'Psychic feedback event', 'Catastrophic', 'Severe', 14, 4012);
INSERT INTO Event (Event_ID, Date, Time, Description, Outcome, Severity, Location_ID, Portal_ID) VALUES (5186, '1985-05-26', '02:19:19', 'Mass hysteria reported', 'Catastrophic', 'Minor', 1, 4021);
INSERT INTO Event (Event_ID, Date, Time, Description, Outcome, Severity, Location_ID, Portal_ID) VALUES (5187, '1985-07-24', '18:39:01', 'Localized blackout and whispers', 'Contained', 'Minor', 22, NULL);
INSERT INTO Event (Event_ID, Date, Time, Description, Outcome, Severity, Location_ID, Portal_ID) VALUES (5188, '1986-08-26', '01:41:08', 'Sensor spike with injuries', 'Contained', 'Moderate', 35, NULL);
INSERT INTO Event (Event_ID, Date, Time, Description, Outcome, Severity, Location_ID, Portal_ID) VALUES (5189, '1986-07-24', '01:53:33', 'Sighting of shadow-like figure', 'Catastrophic', 'Moderate', 21, 4001);
INSERT INTO Event (Event_ID, Date, Time, Description, Outcome, Severity, Location_ID, Portal_ID) VALUES (5190, '1984-10-22', '10:51:58', 'Psychic feedback event', 'Contained', 'Severe', 18, NULL);
INSERT INTO Event (Event_ID, Date, Time, Description, Outcome, Severity, Location_ID, Portal_ID) VALUES (5191, '1985-07-21', '17:53:10', 'Strange electromagnetic interference', 'Catastrophic', 'Minor', 39, 4050);
INSERT INTO Event (Event_ID, Date, Time, Description, Outcome, Severity, Location_ID, Portal_ID) VALUES (5192, '1985-12-28', '10:45:02', 'Sighting of shadow-like figure', 'Ongoing', 'Minor', 16, 4053);
INSERT INTO Event (Event_ID, Date, Time, Description, Outcome, Severity, Location_ID, Portal_ID) VALUES (5193, '1985-04-17', '09:11:07', 'Psychic feedback event', 'Contained', 'Moderate', 6, 4001);
INSERT INTO Event (Event_ID, Date, Time, Description, Outcome, Severity, Location_ID, Portal_ID) VALUES (5194, '1986-09-05', '06:21:59', 'Sensor spike with injuries', 'Catastrophic', 'Severe', 20, NULL);
INSERT INTO Event (Event_ID, Date, Time, Description, Outcome, Severity, Location_ID, Portal_ID) VALUES (5195, '1984-02-27', '16:43:08', 'Artifact activation and anomalous readings', 'Catastrophic', 'Minor', 25, NULL);
INSERT INTO Event (Event_ID, Date, Time, Description, Outcome, Severity, Location_ID, Portal_ID) VALUES (5196, '1987-02-01', '09:59:02', 'Strange electromagnetic interference', 'Contained', 'Minor', 3, 4049);
INSERT INTO Event (Event_ID, Date, Time, Description, Outcome, Severity, Location_ID, Portal_ID) VALUES (5197, '1985-01-19', '09:40:57', 'Artifact activation and anomalous readings', 'Ongoing', 'Minor', 19, 4020);
INSERT INTO Event (Event_ID, Date, Time, Description, Outcome, Severity, Location_ID, Portal_ID) VALUES (5198, '1986-11-04', '08:09:10', 'Sighting of shadow-like figure', 'Contained', 'Minor', 40, 4006);
INSERT INTO Event (Event_ID, Date, Time, Description, Outcome, Severity, Location_ID, Portal_ID) VALUES (5199, '1984-09-12', '17:20:17', 'Localized blackout and whispers', 'Catastrophic', 'Severe', 37, 4004);
INSERT INTO Event (Event_ID, Date, Time, Description, Outcome, Severity, Location_ID, Portal_ID) VALUES (5200, '1985-10-11', '17:28:03', 'Localized blackout and whispers', 'Contained', 'Moderate', 44, 4024);
INSERT INTO Event (Event_ID, Date, Time, Description, Outcome, Severity, Location_ID, Portal_ID) VALUES (5201, '1983-02-14', '12:11:45', 'Strange electromagnetic interference', 'Catastrophic', 'Moderate', 45, NULL);
INSERT INTO Event (Event_ID, Date, Time, Description, Outcome, Severity, Location_ID, Portal_ID) VALUES (5202, '1987-06-10', '10:52:12', 'Mass hysteria reported', 'Contained', 'Severe', 49, NULL);
INSERT INTO Event (Event_ID, Date, Time, Description, Outcome, Severity, Location_ID, Portal_ID) VALUES (5203, '1987-03-03', '22:29:06', 'Sensor spike with injuries', 'Ongoing', 'Moderate', 46, NULL);
INSERT INTO Event (Event_ID, Date, Time, Description, Outcome, Severity, Location_ID, Portal_ID) VALUES (5204, '1986-04-08', '04:55:57', 'Strange electromagnetic interference', 'Ongoing', 'Severe', 26, 4058);
INSERT INTO Event (Event_ID, Date, Time, Description, Outcome, Severity, Location_ID, Portal_ID) VALUES (5205, '1985-06-15', '15:01:04', 'Sensor spike with injuries', 'Contained', 'Minor', 30, NULL);
INSERT INTO Event (Event_ID, Date, Time, Description, Outcome, Severity, Location_ID, Portal_ID) VALUES (5206, '1985-06-20', '18:08:32', 'Temporal distortion observed', 'Ongoing', 'Severe', 51, 4035);
INSERT INTO Event (Event_ID, Date, Time, Description, Outcome, Severity, Location_ID, Portal_ID) VALUES (5207, '1983-05-18', '14:25:37', 'Containment field failure', 'Contained', 'Moderate', 36, 4030);
INSERT INTO Event (Event_ID, Date, Time, Description, Outcome, Severity, Location_ID, Portal_ID) VALUES (5208, '1986-02-11', '06:52:44', 'Strange electromagnetic interference', 'Ongoing', 'Moderate', 28, 4021);
INSERT INTO Event (Event_ID, Date, Time, Description, Outcome, Severity, Location_ID, Portal_ID) VALUES (5209, '1987-12-08', '05:42:42', 'Temporal distortion observed', 'Catastrophic', 'Severe', 37, NULL);
INSERT INTO Event (Event_ID, Date, Time, Description, Outcome, Severity, Location_ID, Portal_ID) VALUES (5210, '1983-10-20', '14:20:35', 'Temporal distortion observed', 'Ongoing', 'Minor', 26, 4006);
INSERT INTO Event (Event_ID, Date, Time, Description, Outcome, Severity, Location_ID, Portal_ID) VALUES (5211, '1987-07-11', '15:41:42', 'Rift breach and creature emerged', 'Contained', 'Minor', 9, NULL);
INSERT INTO Event (Event_ID, Date, Time, Description, Outcome, Severity, Location_ID, Portal_ID) VALUES (5212, '1983-03-22', '04:28:34', 'Sighting of shadow-like figure', 'Ongoing', 'Moderate', 29, 4043);
INSERT INTO Event (Event_ID, Date, Time, Description, Outcome, Severity, Location_ID, Portal_ID) VALUES (5213, '1985-05-19', '21:19:58', 'Containment field failure', 'Catastrophic', 'Severe', 23, NULL);
INSERT INTO Event (Event_ID, Date, Time, Description, Outcome, Severity, Location_ID, Portal_ID) VALUES (5214, '1987-01-20', '16:25:54', 'Localized blackout and whispers', 'Ongoing', 'Minor', 36, NULL);
INSERT INTO Event (Event_ID, Date, Time, Description, Outcome, Severity, Location_ID, Portal_ID) VALUES (5215, '1983-12-18', '11:07:55', 'Sighting of shadow-like figure', 'Contained', 'Minor', 45, 4040);
INSERT INTO Event (Event_ID, Date, Time, Description, Outcome, Severity, Location_ID, Portal_ID) VALUES (5216, '1985-12-13', '12:24:27', 'Mass hysteria reported', 'Contained', 'Moderate', 31, 4035);
INSERT INTO Event (Event_ID, Date, Time, Description, Outcome, Severity, Location_ID, Portal_ID) VALUES (5217, '1986-06-27', '13:09:18', 'Localized blackout and whispers', 'Contained', 'Minor', 42, 4046);
INSERT INTO Event (Event_ID, Date, Time, Description, Outcome, Severity, Location_ID, Portal_ID) VALUES (5218, '1986-11-14', '04:05:08', 'Containment field failure', 'Ongoing', 'Severe', 45, NULL);
INSERT INTO Event (Event_ID, Date, Time, Description, Outcome, Severity, Location_ID, Portal_ID) VALUES (5219, '1986-10-06', '14:32:27', 'Mass hysteria reported', 'Ongoing', 'Minor', 15, 4038);
INSERT INTO Event (Event_ID, Date, Time, Description, Outcome, Severity, Location_ID, Portal_ID) VALUES (5220, '1983-10-16', '23:15:45', 'Mass hysteria reported', 'Ongoing', 'Moderate', 35, 4002);
INSERT INTO Event (Event_ID, Date, Time, Description, Outcome, Severity, Location_ID, Portal_ID) VALUES (5221, '1983-10-16', '22:23:07', 'Strange electromagnetic interference', 'Ongoing', 'Severe', 6, 4046);
INSERT INTO Event (Event_ID, Date, Time, Description, Outcome, Severity, Location_ID, Portal_ID) VALUES (5222, '1987-05-15', '16:05:33', 'Strange electromagnetic interference', 'Contained', 'Minor', 41, NULL);
INSERT INTO Event (Event_ID, Date, Time, Description, Outcome, Severity, Location_ID, Portal_ID) VALUES (5223, '1983-11-21', '17:51:37', 'Sighting of shadow-like figure', 'Catastrophic', 'Minor', 22, 4000);
INSERT INTO Event (Event_ID, Date, Time, Description, Outcome, Severity, Location_ID, Portal_ID) VALUES (5224, '1986-08-17', '15:36:46', 'Psychic feedback event', 'Ongoing', 'Minor', 19, 4002);
INSERT INTO Event (Event_ID, Date, Time, Description, Outcome, Severity, Location_ID, Portal_ID) VALUES (5225, '1987-12-10', '23:50:36', 'Sighting of shadow-like figure', 'Contained', 'Moderate', 38, 4003);
INSERT INTO Event (Event_ID, Date, Time, Description, Outcome, Severity, Location_ID, Portal_ID) VALUES (5226, '1985-12-20', '00:18:31', 'Temporal distortion observed', 'Contained', 'Moderate', 51, 4008);
INSERT INTO Event (Event_ID, Date, Time, Description, Outcome, Severity, Location_ID, Portal_ID) VALUES (5227, '1987-05-09', '08:00:47', 'Temporal distortion observed', 'Catastrophic', 'Minor', 38, NULL);
INSERT INTO Event (Event_ID, Date, Time, Description, Outcome, Severity, Location_ID, Portal_ID) VALUES (5228, '1986-06-26', '05:16:50', 'Artifact activation and anomalous readings', 'Ongoing', 'Minor', 34, NULL);
INSERT INTO Event (Event_ID, Date, Time, Description, Outcome, Severity, Location_ID, Portal_ID) VALUES (5229, '1985-02-05', '19:59:52', 'Localized blackout and whispers', 'Ongoing', 'Moderate', 27, NULL);
INSERT INTO Event (Event_ID, Date, Time, Description, Outcome, Severity, Location_ID, Portal_ID) VALUES (5230, '1984-11-15', '23:40:10', 'Artifact activation and anomalous readings', 'Catastrophic', 'Moderate', 23, 4016);
INSERT INTO Event (Event_ID, Date, Time, Description, Outcome, Severity, Location_ID, Portal_ID) VALUES (5231, '1983-01-06', '14:25:30', 'Sighting of shadow-like figure', 'Ongoing', 'Moderate', 49, NULL);
INSERT INTO Event (Event_ID, Date, Time, Description, Outcome, Severity, Location_ID, Portal_ID) VALUES (5232, '1984-07-22', '22:24:30', 'Sighting of shadow-like figure', 'Contained', 'Moderate', 28, 4059);
INSERT INTO Event (Event_ID, Date, Time, Description, Outcome, Severity, Location_ID, Portal_ID) VALUES (5233, '1986-07-22', '10:33:43', 'Rift breach and creature emerged', 'Contained', 'Severe', 41, 4054);
INSERT INTO Event (Event_ID, Date, Time, Description, Outcome, Severity, Location_ID, Portal_ID) VALUES (5234, '1986-10-21', '08:21:17', 'Sighting of shadow-like figure', 'Contained', 'Minor', 38, 4049);
INSERT INTO Event (Event_ID, Date, Time, Description, Outcome, Severity, Location_ID, Portal_ID) VALUES (5235, '1984-12-22', '18:49:12', 'Mass hysteria reported', 'Ongoing', 'Moderate', 12, 4000);
INSERT INTO Event (Event_ID, Date, Time, Description, Outcome, Severity, Location_ID, Portal_ID) VALUES (5236, '1983-02-01', '13:06:33', 'Temporal distortion observed', 'Catastrophic', 'Moderate', 15, NULL);
INSERT INTO Event (Event_ID, Date, Time, Description, Outcome, Severity, Location_ID, Portal_ID) VALUES (5237, '1985-04-02', '00:39:05', 'Rift breach and creature emerged', 'Catastrophic', 'Moderate', 14, NULL);
INSERT INTO Event (Event_ID, Date, Time, Description, Outcome, Severity, Location_ID, Portal_ID) VALUES (5238, '1983-12-04', '02:54:38', 'Localized blackout and whispers', 'Ongoing', 'Moderate', 42, 4011);
INSERT INTO Event (Event_ID, Date, Time, Description, Outcome, Severity, Location_ID, Portal_ID) VALUES (5239, '1983-12-06', '08:18:29', 'Temporal distortion observed', 'Catastrophic', 'Moderate', 18, NULL);
INSERT INTO Event (Event_ID, Date, Time, Description, Outcome, Severity, Location_ID, Portal_ID) VALUES (5240, '1985-05-06', '02:17:49', 'Rift breach and creature emerged', 'Ongoing', 'Minor', 4, 4052);
INSERT INTO Event (Event_ID, Date, Time, Description, Outcome, Severity, Location_ID, Portal_ID) VALUES (5241, '1985-03-15', '02:31:59', 'Artifact activation and anomalous readings', 'Catastrophic', 'Minor', 42, 4009);
INSERT INTO Event (Event_ID, Date, Time, Description, Outcome, Severity, Location_ID, Portal_ID) VALUES (5242, '1987-07-07', '19:41:06', 'Sensor spike with injuries', 'Catastrophic', 'Minor', 3, 4036);
INSERT INTO Event (Event_ID, Date, Time, Description, Outcome, Severity, Location_ID, Portal_ID) VALUES (5243, '1985-08-01', '15:09:41', 'Rift breach and creature emerged', 'Contained', 'Moderate', 18, 4021);
INSERT INTO Event (Event_ID, Date, Time, Description, Outcome, Severity, Location_ID, Portal_ID) VALUES (5244, '1986-10-01', '16:45:49', 'Sensor spike with injuries', 'Ongoing', 'Moderate', 47, NULL);
INSERT INTO Event (Event_ID, Date, Time, Description, Outcome, Severity, Location_ID, Portal_ID) VALUES (5245, '1983-09-08', '00:24:44', 'Sensor spike with injuries', 'Contained', 'Moderate', 23, 4019);
INSERT INTO Event (Event_ID, Date, Time, Description, Outcome, Severity, Location_ID, Portal_ID) VALUES (5246, '1986-01-21', '20:05:23', 'Mass hysteria reported', 'Ongoing', 'Minor', 30, NULL);
INSERT INTO Event (Event_ID, Date, Time, Description, Outcome, Severity, Location_ID, Portal_ID) VALUES (5247, '1985-11-07', '05:35:02', 'Containment field failure', 'Catastrophic', 'Minor', 45, 4006);
INSERT INTO Event (Event_ID, Date, Time, Description, Outcome, Severity, Location_ID, Portal_ID) VALUES (5248, '1985-08-03', '20:28:47', 'Artifact activation and anomalous readings', 'Contained', 'Minor', 2, NULL);
INSERT INTO Event (Event_ID, Date, Time, Description, Outcome, Severity, Location_ID, Portal_ID) VALUES (5249, '1987-04-16', '12:04:50', 'Mass hysteria reported', 'Catastrophic', 'Minor', 35, NULL);
INSERT INTO Event (Event_ID, Date, Time, Description, Outcome, Severity, Location_ID, Portal_ID) VALUES (5250, '1986-01-02', '10:03:21', 'Rift breach and creature emerged', 'Ongoing', 'Minor', 42, NULL);
INSERT INTO Event (Event_ID, Date, Time, Description, Outcome, Severity, Location_ID, Portal_ID) VALUES (5251, '1986-11-28', '17:09:47', 'Strange electromagnetic interference', 'Contained', 'Severe', 3, NULL);
INSERT INTO Event (Event_ID, Date, Time, Description, Outcome, Severity, Location_ID, Portal_ID) VALUES (5252, '1986-11-01', '15:58:58', 'Strange electromagnetic interference', 'Contained', 'Minor', 42, 4011);
INSERT INTO Event (Event_ID, Date, Time, Description, Outcome, Severity, Location_ID, Portal_ID) VALUES (5253, '1983-05-27', '03:29:39', 'Localized blackout and whispers', 'Catastrophic', 'Minor', 7, 4038);
INSERT INTO Event (Event_ID, Date, Time, Description, Outcome, Severity, Location_ID, Portal_ID) VALUES (5254, '1987-04-03', '06:27:21', 'Containment field failure', 'Ongoing', 'Minor', 44, 4008);
INSERT INTO Event (Event_ID, Date, Time, Description, Outcome, Severity, Location_ID, Portal_ID) VALUES (5255, '1985-04-25', '01:37:11', 'Psychic feedback event', 'Contained', 'Minor', 10, NULL);
INSERT INTO Event (Event_ID, Date, Time, Description, Outcome, Severity, Location_ID, Portal_ID) VALUES (5256, '1984-12-12', '17:10:28', 'Artifact activation and anomalous readings', 'Catastrophic', 'Minor', 7, NULL);
INSERT INTO Event (Event_ID, Date, Time, Description, Outcome, Severity, Location_ID, Portal_ID) VALUES (5257, '1987-07-25', '05:01:56', 'Sensor spike with injuries', 'Contained', 'Minor', 12, NULL);
INSERT INTO Event (Event_ID, Date, Time, Description, Outcome, Severity, Location_ID, Portal_ID) VALUES (5258, '1987-05-14', '22:51:50', 'Sensor spike with injuries', 'Catastrophic', 'Minor', 10, NULL);
INSERT INTO Event (Event_ID, Date, Time, Description, Outcome, Severity, Location_ID, Portal_ID) VALUES (5259, '1987-08-14', '07:11:39', 'Rift breach and creature emerged', 'Catastrophic', 'Minor', 32, NULL);
INSERT INTO Event (Event_ID, Date, Time, Description, Outcome, Severity, Location_ID, Portal_ID) VALUES (5260, '1983-11-27', '09:22:26', 'Rift breach and creature emerged', 'Catastrophic', 'Minor', 8, NULL);
INSERT INTO Event (Event_ID, Date, Time, Description, Outcome, Severity, Location_ID, Portal_ID) VALUES (5261, '1983-10-12', '17:32:14', 'Sensor spike with injuries', 'Catastrophic', 'Moderate', 18, 4007);
INSERT INTO Event (Event_ID, Date, Time, Description, Outcome, Severity, Location_ID, Portal_ID) VALUES (5262, '1984-11-28', '15:31:11', 'Localized blackout and whispers', 'Catastrophic', 'Severe', 4, NULL);
INSERT INTO Event (Event_ID, Date, Time, Description, Outcome, Severity, Location_ID, Portal_ID) VALUES (5263, '1985-04-14', '08:21:39', 'Sensor spike with injuries', 'Contained', 'Minor', 4, NULL);
INSERT INTO Event (Event_ID, Date, Time, Description, Outcome, Severity, Location_ID, Portal_ID) VALUES (5264, '1984-03-26', '00:31:32', 'Temporal distortion observed', 'Contained', 'Severe', 47, 4037);
INSERT INTO Event (Event_ID, Date, Time, Description, Outcome, Severity, Location_ID, Portal_ID) VALUES (5265, '1985-07-07', '23:43:57', 'Psychic feedback event', 'Contained', 'Moderate', 21, 4015);
INSERT INTO Event (Event_ID, Date, Time, Description, Outcome, Severity, Location_ID, Portal_ID) VALUES (5266, '1986-04-13', '07:04:30', 'Strange electromagnetic interference', 'Ongoing', 'Minor', 28, 4059);
INSERT INTO Event (Event_ID, Date, Time, Description, Outcome, Severity, Location_ID, Portal_ID) VALUES (5267, '1987-08-06', '12:23:08', 'Sensor spike with injuries', 'Catastrophic', 'Minor', 23, NULL);
INSERT INTO Event (Event_ID, Date, Time, Description, Outcome, Severity, Location_ID, Portal_ID) VALUES (5268, '1984-06-05', '01:44:36', 'Rift breach and creature emerged', 'Ongoing', 'Minor', 30, 4010);
INSERT INTO Event (Event_ID, Date, Time, Description, Outcome, Severity, Location_ID, Portal_ID) VALUES (5269, '1985-04-10', '19:10:50', 'Strange electromagnetic interference', 'Contained', 'Moderate', 36, NULL);
INSERT INTO Event (Event_ID, Date, Time, Description, Outcome, Severity, Location_ID, Portal_ID) VALUES (5270, '1983-07-28', '16:31:55', 'Artifact activation and anomalous readings', 'Catastrophic', 'Moderate', 30, 4046);
INSERT INTO Event (Event_ID, Date, Time, Description, Outcome, Severity, Location_ID, Portal_ID) VALUES (5271, '1986-12-28', '07:15:20', 'Containment field failure', 'Catastrophic', 'Minor', 38, NULL);
INSERT INTO Event (Event_ID, Date, Time, Description, Outcome, Severity, Location_ID, Portal_ID) VALUES (5272, '1987-01-14', '01:02:30', 'Mass hysteria reported', 'Contained', 'Moderate', 26, 4051);
INSERT INTO Event (Event_ID, Date, Time, Description, Outcome, Severity, Location_ID, Portal_ID) VALUES (5273, '1983-08-16', '07:05:35', 'Rift breach and creature emerged', 'Catastrophic', 'Moderate', 14, 4018);
INSERT INTO Event (Event_ID, Date, Time, Description, Outcome, Severity, Location_ID, Portal_ID) VALUES (5274, '1984-11-03', '00:30:42', 'Sighting of shadow-like figure', 'Contained', 'Moderate', 37, NULL);
INSERT INTO Event (Event_ID, Date, Time, Description, Outcome, Severity, Location_ID, Portal_ID) VALUES (5275, '1983-08-15', '04:55:45', 'Containment field failure', 'Contained', 'Moderate', 24, NULL);
INSERT INTO Event (Event_ID, Date, Time, Description, Outcome, Severity, Location_ID, Portal_ID) VALUES (5276, '1983-11-03', '12:57:44', 'Psychic feedback event', 'Catastrophic', 'Minor', 28, NULL);
INSERT INTO Event (Event_ID, Date, Time, Description, Outcome, Severity, Location_ID, Portal_ID) VALUES (5277, '1987-09-19', '06:50:43', 'Temporal distortion observed', 'Catastrophic', 'Severe', 48, NULL);
INSERT INTO Event (Event_ID, Date, Time, Description, Outcome, Severity, Location_ID, Portal_ID) VALUES (5278, '1987-11-12', '01:07:24', 'Psychic feedback event', 'Ongoing', 'Moderate', 24, 4041);
INSERT INTO Event (Event_ID, Date, Time, Description, Outcome, Severity, Location_ID, Portal_ID) VALUES (5279, '1987-12-03', '17:45:49', 'Artifact activation and anomalous readings', 'Contained', 'Severe', 16, 4041);
INSERT INTO Event (Event_ID, Date, Time, Description, Outcome, Severity, Location_ID, Portal_ID) VALUES (5280, '1986-12-25', '18:55:44', 'Artifact activation and anomalous readings', 'Catastrophic', 'Moderate', 21, 4017);
INSERT INTO Event (Event_ID, Date, Time, Description, Outcome, Severity, Location_ID, Portal_ID) VALUES (5281, '1987-11-14', '08:03:04', 'Psychic feedback event', 'Ongoing', 'Moderate', 33, 4007);
INSERT INTO Event (Event_ID, Date, Time, Description, Outcome, Severity, Location_ID, Portal_ID) VALUES (5282, '1986-12-18', '21:52:34', 'Sighting of shadow-like figure', 'Ongoing', 'Moderate', 44, NULL);
INSERT INTO Event (Event_ID, Date, Time, Description, Outcome, Severity, Location_ID, Portal_ID) VALUES (5283, '1983-04-15', '02:05:25', 'Localized blackout and whispers', 'Ongoing', 'Severe', 5, 4017);
INSERT INTO Event (Event_ID, Date, Time, Description, Outcome, Severity, Location_ID, Portal_ID) VALUES (5284, '1983-12-05', '15:09:55', 'Artifact activation and anomalous readings', 'Catastrophic', 'Severe', 2, 4043);
INSERT INTO Event (Event_ID, Date, Time, Description, Outcome, Severity, Location_ID, Portal_ID) VALUES (5285, '1987-03-16', '11:26:28', 'Rift breach and creature emerged', 'Ongoing', 'Minor', 2, NULL);
INSERT INTO Event (Event_ID, Date, Time, Description, Outcome, Severity, Location_ID, Portal_ID) VALUES (5286, '1984-09-21', '10:26:37', 'Psychic feedback event', 'Catastrophic', 'Moderate', 21, 4042);
INSERT INTO Event (Event_ID, Date, Time, Description, Outcome, Severity, Location_ID, Portal_ID) VALUES (5287, '1987-09-15', '14:19:36', 'Localized blackout and whispers', 'Ongoing', 'Minor', 17, 4023);
INSERT INTO Event (Event_ID, Date, Time, Description, Outcome, Severity, Location_ID, Portal_ID) VALUES (5288, '1985-01-05', '11:18:29', 'Localized blackout and whispers', 'Catastrophic', 'Severe', 46, 4011);
INSERT INTO Event (Event_ID, Date, Time, Description, Outcome, Severity, Location_ID, Portal_ID) VALUES (5289, '1984-12-23', '21:50:09', 'Localized blackout and whispers', 'Contained', 'Minor', 21, 4028);
INSERT INTO Event (Event_ID, Date, Time, Description, Outcome, Severity, Location_ID, Portal_ID) VALUES (5290, '1985-06-06', '06:35:45', 'Rift breach and creature emerged', 'Catastrophic', 'Minor', 23, 4028);
INSERT INTO Event (Event_ID, Date, Time, Description, Outcome, Severity, Location_ID, Portal_ID) VALUES (5291, '1987-03-18', '09:07:58', 'Rift breach and creature emerged', 'Ongoing', 'Severe', 50, 4029);
INSERT INTO Event (Event_ID, Date, Time, Description, Outcome, Severity, Location_ID, Portal_ID) VALUES (5292, '1985-03-01', '23:34:32', 'Psychic feedback event', 'Catastrophic', 'Moderate', 31, NULL);
INSERT INTO Event (Event_ID, Date, Time, Description, Outcome, Severity, Location_ID, Portal_ID) VALUES (5293, '1987-11-05', '18:46:58', 'Sensor spike with injuries', 'Ongoing', 'Moderate', 47, 4002);
INSERT INTO Event (Event_ID, Date, Time, Description, Outcome, Severity, Location_ID, Portal_ID) VALUES (5294, '1984-11-18', '03:19:01', 'Containment field failure', 'Catastrophic', 'Severe', 29, 4020);
INSERT INTO Event (Event_ID, Date, Time, Description, Outcome, Severity, Location_ID, Portal_ID) VALUES (5295, '1983-10-21', '06:37:33', 'Artifact activation and anomalous readings', 'Ongoing', 'Minor', 6, 4028);
INSERT INTO Event (Event_ID, Date, Time, Description, Outcome, Severity, Location_ID, Portal_ID) VALUES (5296, '1983-09-13', '06:31:20', 'Strange electromagnetic interference', 'Catastrophic', 'Moderate', 4, NULL);
INSERT INTO Event (Event_ID, Date, Time, Description, Outcome, Severity, Location_ID, Portal_ID) VALUES (5297, '1985-07-05', '22:54:27', 'Psychic feedback event', 'Ongoing', 'Minor', 19, 4019);
INSERT INTO Event (Event_ID, Date, Time, Description, Outcome, Severity, Location_ID, Portal_ID) VALUES (5298, '1986-09-03', '06:46:56', 'Sensor spike with injuries', 'Catastrophic', 'Severe', 29, 4051);
INSERT INTO Event (Event_ID, Date, Time, Description, Outcome, Severity, Location_ID, Portal_ID) VALUES (5299, '1986-12-14', '04:53:37', 'Strange electromagnetic interference', 'Contained', 'Minor', 20, 4055);
INSERT INTO Event (Event_ID, Date, Time, Description, Outcome, Severity, Location_ID, Portal_ID) VALUES (5300, '1987-06-03', '18:48:24', 'Temporal distortion observed', 'Contained', 'Moderate', 18, 4035);
INSERT INTO Event (Event_ID, Date, Time, Description, Outcome, Severity, Location_ID, Portal_ID) VALUES (5301, '1986-12-19', '04:12:11', 'Containment field failure', 'Ongoing', 'Moderate', 3, NULL);
INSERT INTO Event (Event_ID, Date, Time, Description, Outcome, Severity, Location_ID, Portal_ID) VALUES (5302, '1985-10-10', '15:35:47', 'Sensor spike with injuries', 'Contained', 'Minor', 1, 4019);
INSERT INTO Event (Event_ID, Date, Time, Description, Outcome, Severity, Location_ID, Portal_ID) VALUES (5303, '1986-02-21', '21:57:18', 'Containment field failure', 'Contained', 'Moderate', 45, NULL);
INSERT INTO Event (Event_ID, Date, Time, Description, Outcome, Severity, Location_ID, Portal_ID) VALUES (5304, '1983-02-25', '08:31:04', 'Strange electromagnetic interference', 'Catastrophic', 'Minor', 31, 4055);
INSERT INTO Event (Event_ID, Date, Time, Description, Outcome, Severity, Location_ID, Portal_ID) VALUES (5305, '1985-11-22', '15:44:52', 'Temporal distortion observed', 'Ongoing', 'Moderate', 37, 4016);
INSERT INTO Event (Event_ID, Date, Time, Description, Outcome, Severity, Location_ID, Portal_ID) VALUES (5306, '1984-10-02', '04:20:29', 'Localized blackout and whispers', 'Ongoing', 'Minor', 18, 4040);
INSERT INTO Event (Event_ID, Date, Time, Description, Outcome, Severity, Location_ID, Portal_ID) VALUES (5307, '1985-01-10', '09:33:40', 'Temporal distortion observed', 'Catastrophic', 'Minor', 41, 4006);
INSERT INTO Event (Event_ID, Date, Time, Description, Outcome, Severity, Location_ID, Portal_ID) VALUES (5308, '1987-03-18', '10:55:20', 'Sighting of shadow-like figure', 'Ongoing', 'Moderate', 45, 4034);
INSERT INTO Event (Event_ID, Date, Time, Description, Outcome, Severity, Location_ID, Portal_ID) VALUES (5309, '1987-06-27', '04:00:08', 'Mass hysteria reported', 'Ongoing', 'Minor', 32, 4058);
INSERT INTO Event (Event_ID, Date, Time, Description, Outcome, Severity, Location_ID, Portal_ID) VALUES (5310, '1984-02-07', '04:32:14', 'Artifact activation and anomalous readings', 'Catastrophic', 'Moderate', 34, NULL);
INSERT INTO Event (Event_ID, Date, Time, Description, Outcome, Severity, Location_ID, Portal_ID) VALUES (5311, '1987-12-25', '03:26:29', 'Temporal distortion observed', 'Contained', 'Severe', 2, 4019);
INSERT INTO Event (Event_ID, Date, Time, Description, Outcome, Severity, Location_ID, Portal_ID) VALUES (5312, '1985-03-27', '14:56:38', 'Mass hysteria reported', 'Ongoing', 'Minor', 20, 4052);
INSERT INTO Event (Event_ID, Date, Time, Description, Outcome, Severity, Location_ID, Portal_ID) VALUES (5313, '1983-04-05', '22:09:44', 'Artifact activation and anomalous readings', 'Ongoing', 'Minor', 9, NULL);
INSERT INTO Event (Event_ID, Date, Time, Description, Outcome, Severity, Location_ID, Portal_ID) VALUES (5314, '1986-12-25', '03:04:01', 'Sensor spike with injuries', 'Ongoing', 'Minor', 7, 4042);
INSERT INTO Event (Event_ID, Date, Time, Description, Outcome, Severity, Location_ID, Portal_ID) VALUES (5315, '1987-10-02', '15:07:58', 'Sighting of shadow-like figure', 'Contained', 'Minor', 43, 4006);
INSERT INTO Event (Event_ID, Date, Time, Description, Outcome, Severity, Location_ID, Portal_ID) VALUES (5316, '1983-10-07', '18:57:12', 'Localized blackout and whispers', 'Catastrophic', 'Minor', 6, 4047);
INSERT INTO Event (Event_ID, Date, Time, Description, Outcome, Severity, Location_ID, Portal_ID) VALUES (5317, '1985-10-12', '11:10:54', 'Mass hysteria reported', 'Catastrophic', 'Moderate', 33, 4006);
INSERT INTO Event (Event_ID, Date, Time, Description, Outcome, Severity, Location_ID, Portal_ID) VALUES (5318, '1987-01-17', '06:45:12', 'Sighting of shadow-like figure', 'Contained', 'Severe', 35, 4046);
INSERT INTO Event (Event_ID, Date, Time, Description, Outcome, Severity, Location_ID, Portal_ID) VALUES (5319, '1983-04-17', '22:30:23', 'Strange electromagnetic interference', 'Contained', 'Moderate', 7, 4022);
INSERT INTO Event (Event_ID, Date, Time, Description, Outcome, Severity, Location_ID, Portal_ID) VALUES (5320, '1986-07-07', '16:14:26', 'Temporal distortion observed', 'Ongoing', 'Minor', 8, 4031);
INSERT INTO Event (Event_ID, Date, Time, Description, Outcome, Severity, Location_ID, Portal_ID) VALUES (5321, '1985-12-10', '17:46:02', 'Temporal distortion observed', 'Ongoing', 'Moderate', 25, 4038);
INSERT INTO Event (Event_ID, Date, Time, Description, Outcome, Severity, Location_ID, Portal_ID) VALUES (5322, '1985-11-27', '14:14:35', 'Containment field failure', 'Ongoing', 'Severe', 28, 4004);
INSERT INTO Event (Event_ID, Date, Time, Description, Outcome, Severity, Location_ID, Portal_ID) VALUES (5323, '1986-11-12', '05:00:43', 'Sensor spike with injuries', 'Catastrophic', 'Minor', 29, 4043);
INSERT INTO Event (Event_ID, Date, Time, Description, Outcome, Severity, Location_ID, Portal_ID) VALUES (5324, '1983-02-05', '12:25:44', 'Strange electromagnetic interference', 'Contained', 'Moderate', 11, 4012);
INSERT INTO Event (Event_ID, Date, Time, Description, Outcome, Severity, Location_ID, Portal_ID) VALUES (5325, '1985-04-20', '12:07:14', 'Containment field failure', 'Catastrophic', 'Moderate', 49, NULL);
INSERT INTO Event (Event_ID, Date, Time, Description, Outcome, Severity, Location_ID, Portal_ID) VALUES (5326, '1987-10-09', '20:25:22', 'Sensor spike with injuries', 'Catastrophic', 'Moderate', 26, NULL);
INSERT INTO Event (Event_ID, Date, Time, Description, Outcome, Severity, Location_ID, Portal_ID) VALUES (5327, '1987-05-05', '14:06:07', 'Sighting of shadow-like figure', 'Ongoing', 'Moderate', 41, NULL);
INSERT INTO Event (Event_ID, Date, Time, Description, Outcome, Severity, Location_ID, Portal_ID) VALUES (5328, '1983-02-24', '01:53:04', 'Sensor spike with injuries', 'Catastrophic', 'Minor', 12, 4043);
INSERT INTO Event (Event_ID, Date, Time, Description, Outcome, Severity, Location_ID, Portal_ID) VALUES (5329, '1985-03-10', '19:39:06', 'Temporal distortion observed', 'Catastrophic', 'Moderate', 50, 4029);
INSERT INTO Event (Event_ID, Date, Time, Description, Outcome, Severity, Location_ID, Portal_ID) VALUES (5330, '1984-05-22', '15:31:32', 'Sighting of shadow-like figure', 'Catastrophic', 'Minor', 35, 4048);
INSERT INTO Event (Event_ID, Date, Time, Description, Outcome, Severity, Location_ID, Portal_ID) VALUES (5331, '1983-07-04', '12:28:20', 'Containment field failure', 'Ongoing', 'Moderate', 3, 4042);
INSERT INTO Event (Event_ID, Date, Time, Description, Outcome, Severity, Location_ID, Portal_ID) VALUES (5332, '1985-12-06', '15:27:08', 'Sighting of shadow-like figure', 'Catastrophic', 'Minor', 49, 4043);
INSERT INTO Event (Event_ID, Date, Time, Description, Outcome, Severity, Location_ID, Portal_ID) VALUES (5333, '1986-11-18', '21:34:36', 'Sensor spike with injuries', 'Ongoing', 'Moderate', 11, 4025);
INSERT INTO Event (Event_ID, Date, Time, Description, Outcome, Severity, Location_ID, Portal_ID) VALUES (5334, '1985-08-19', '12:39:43', 'Psychic feedback event', 'Ongoing', 'Minor', 2, 4008);
INSERT INTO Event (Event_ID, Date, Time, Description, Outcome, Severity, Location_ID, Portal_ID) VALUES (5335, '1985-06-26', '23:37:01', 'Psychic feedback event', 'Ongoing', 'Minor', 23, NULL);
INSERT INTO Event (Event_ID, Date, Time, Description, Outcome, Severity, Location_ID, Portal_ID) VALUES (5336, '1986-06-02', '21:15:15', 'Artifact activation and anomalous readings', 'Catastrophic', 'Minor', 6, NULL);
INSERT INTO Event (Event_ID, Date, Time, Description, Outcome, Severity, Location_ID, Portal_ID) VALUES (5337, '1983-05-04', '10:10:01', 'Mass hysteria reported', 'Ongoing', 'Minor', 43, NULL);
INSERT INTO Event (Event_ID, Date, Time, Description, Outcome, Severity, Location_ID, Portal_ID) VALUES (5338, '1987-09-14', '08:01:44', 'Sensor spike with injuries', 'Catastrophic', 'Minor', 21, 4024);
INSERT INTO Event (Event_ID, Date, Time, Description, Outcome, Severity, Location_ID, Portal_ID) VALUES (5339, '1985-10-04', '15:06:44', 'Artifact activation and anomalous readings', 'Ongoing', 'Moderate', 49, NULL);
INSERT INTO Event (Event_ID, Date, Time, Description, Outcome, Severity, Location_ID, Portal_ID) VALUES (5340, '1984-10-10', '11:27:12', 'Sensor spike with injuries', 'Catastrophic', 'Severe', 51, 4054);
INSERT INTO Event (Event_ID, Date, Time, Description, Outcome, Severity, Location_ID, Portal_ID) VALUES (5341, '1987-04-10', '08:03:19', 'Strange electromagnetic interference', 'Ongoing', 'Severe', 40, NULL);
INSERT INTO Event (Event_ID, Date, Time, Description, Outcome, Severity, Location_ID, Portal_ID) VALUES (5342, '1983-12-28', '18:06:37', 'Psychic feedback event', 'Ongoing', 'Minor', 34, 4013);
INSERT INTO Event (Event_ID, Date, Time, Description, Outcome, Severity, Location_ID, Portal_ID) VALUES (5343, '1985-02-21', '09:32:51', 'Sighting of shadow-like figure', 'Ongoing', 'Moderate', 21, 4025);
INSERT INTO Event (Event_ID, Date, Time, Description, Outcome, Severity, Location_ID, Portal_ID) VALUES (5344, '1985-10-17', '14:42:48', 'Mass hysteria reported', 'Contained', 'Severe', 41, NULL);
INSERT INTO Event (Event_ID, Date, Time, Description, Outcome, Severity, Location_ID, Portal_ID) VALUES (5345, '1984-10-16', '06:42:52', 'Sensor spike with injuries', 'Ongoing', 'Severe', 35, NULL);
INSERT INTO Event (Event_ID, Date, Time, Description, Outcome, Severity, Location_ID, Portal_ID) VALUES (5346, '1986-10-24', '20:03:33', 'Artifact activation and anomalous readings', 'Ongoing', 'Moderate', 16, 4043);
INSERT INTO Event (Event_ID, Date, Time, Description, Outcome, Severity, Location_ID, Portal_ID) VALUES (5347, '1985-07-14', '10:55:53', 'Temporal distortion observed', 'Catastrophic', 'Minor', 27, 4018);
INSERT INTO Event (Event_ID, Date, Time, Description, Outcome, Severity, Location_ID, Portal_ID) VALUES (5348, '1984-05-22', '19:15:25', 'Artifact activation and anomalous readings', 'Contained', 'Minor', 2, 4052);
INSERT INTO Event (Event_ID, Date, Time, Description, Outcome, Severity, Location_ID, Portal_ID) VALUES (5349, '1985-08-16', '17:27:27', 'Rift breach and creature emerged', 'Contained', 'Minor', 9, 4050);
INSERT INTO Event (Event_ID, Date, Time, Description, Outcome, Severity, Location_ID, Portal_ID) VALUES (5350, '1985-11-18', '05:41:54', 'Rift breach and creature emerged', 'Catastrophic', 'Moderate', 2, 4057);
INSERT INTO Event (Event_ID, Date, Time, Description, Outcome, Severity, Location_ID, Portal_ID) VALUES (5351, '1983-06-20', '09:55:04', 'Containment field failure', 'Ongoing', 'Moderate', 6, 4053);
INSERT INTO Event (Event_ID, Date, Time, Description, Outcome, Severity, Location_ID, Portal_ID) VALUES (5352, '1984-04-04', '18:47:32', 'Temporal distortion observed', 'Catastrophic', 'Moderate', 38, NULL);
INSERT INTO Event (Event_ID, Date, Time, Description, Outcome, Severity, Location_ID, Portal_ID) VALUES (5353, '1987-05-16', '02:15:38', 'Temporal distortion observed', 'Ongoing', 'Minor', 38, NULL);
INSERT INTO Event (Event_ID, Date, Time, Description, Outcome, Severity, Location_ID, Portal_ID) VALUES (5354, '1984-07-07', '04:06:11', 'Artifact activation and anomalous readings', 'Ongoing', 'Moderate', 17, NULL);
INSERT INTO Event (Event_ID, Date, Time, Description, Outcome, Severity, Location_ID, Portal_ID) VALUES (5355, '1983-08-18', '11:44:07', 'Psychic feedback event', 'Catastrophic', 'Moderate', 44, 4017);
INSERT INTO Event (Event_ID, Date, Time, Description, Outcome, Severity, Location_ID, Portal_ID) VALUES (5356, '1984-06-16', '22:23:52', 'Sighting of shadow-like figure', 'Contained', 'Moderate', 39, 4047);
INSERT INTO Event (Event_ID, Date, Time, Description, Outcome, Severity, Location_ID, Portal_ID) VALUES (5357, '1983-12-26', '21:15:16', 'Mass hysteria reported', 'Ongoing', 'Minor', 45, 4051);
INSERT INTO Event (Event_ID, Date, Time, Description, Outcome, Severity, Location_ID, Portal_ID) VALUES (5358, '1983-09-28', '07:54:28', 'Containment field failure', 'Contained', 'Severe', 26, NULL);
INSERT INTO Event (Event_ID, Date, Time, Description, Outcome, Severity, Location_ID, Portal_ID) VALUES (5359, '1985-05-03', '07:19:13', 'Localized blackout and whispers', 'Ongoing', 'Moderate', 50, NULL);
INSERT INTO Event (Event_ID, Date, Time, Description, Outcome, Severity, Location_ID, Portal_ID) VALUES (5360, '1983-05-28', '02:52:49', 'Sensor spike with injuries', 'Ongoing', 'Moderate', 22, NULL);
INSERT INTO Event (Event_ID, Date, Time, Description, Outcome, Severity, Location_ID, Portal_ID) VALUES (5361, '1983-03-23', '08:32:04', 'Psychic feedback event', 'Ongoing', 'Moderate', 36, NULL);
INSERT INTO Event (Event_ID, Date, Time, Description, Outcome, Severity, Location_ID, Portal_ID) VALUES (5362, '1986-12-01', '01:41:41', 'Localized blackout and whispers', 'Catastrophic', 'Moderate', 42, 4025);
INSERT INTO Event (Event_ID, Date, Time, Description, Outcome, Severity, Location_ID, Portal_ID) VALUES (5363, '1984-11-10', '10:36:05', 'Temporal distortion observed', 'Contained', 'Minor', 46, NULL);
INSERT INTO Event (Event_ID, Date, Time, Description, Outcome, Severity, Location_ID, Portal_ID) VALUES (5364, '1984-10-22', '13:50:20', 'Sensor spike with injuries', 'Ongoing', 'Severe', 9, 4043);
INSERT INTO Event (Event_ID, Date, Time, Description, Outcome, Severity, Location_ID, Portal_ID) VALUES (5365, '1987-06-26', '09:12:05', 'Containment field failure', 'Ongoing', 'Minor', 25, NULL);
INSERT INTO Event (Event_ID, Date, Time, Description, Outcome, Severity, Location_ID, Portal_ID) VALUES (5366, '1987-04-01', '00:59:35', 'Strange electromagnetic interference', 'Catastrophic', 'Minor', 6, NULL);
INSERT INTO Event (Event_ID, Date, Time, Description, Outcome, Severity, Location_ID, Portal_ID) VALUES (5367, '1984-05-23', '05:03:25', 'Strange electromagnetic interference', 'Ongoing', 'Moderate', 10, 4023);
INSERT INTO Event (Event_ID, Date, Time, Description, Outcome, Severity, Location_ID, Portal_ID) VALUES (5368, '1984-10-04', '00:45:33', 'Containment field failure', 'Ongoing', 'Severe', 32, 4045);
INSERT INTO Event (Event_ID, Date, Time, Description, Outcome, Severity, Location_ID, Portal_ID) VALUES (5369, '1984-04-28', '08:18:47', 'Sensor spike with injuries', 'Ongoing', 'Minor', 14, NULL);
INSERT INTO Event (Event_ID, Date, Time, Description, Outcome, Severity, Location_ID, Portal_ID) VALUES (5370, '1985-12-22', '06:26:11', 'Containment field failure', 'Contained', 'Minor', 17, 4028);
INSERT INTO Event (Event_ID, Date, Time, Description, Outcome, Severity, Location_ID, Portal_ID) VALUES (5371, '1984-06-19', '21:41:29', 'Temporal distortion observed', 'Contained', 'Moderate', 21, NULL);
INSERT INTO Event (Event_ID, Date, Time, Description, Outcome, Severity, Location_ID, Portal_ID) VALUES (5372, '1986-11-07', '22:24:45', 'Containment field failure', 'Catastrophic', 'Moderate', 5, 4003);
INSERT INTO Event (Event_ID, Date, Time, Description, Outcome, Severity, Location_ID, Portal_ID) VALUES (5373, '1983-06-08', '15:58:22', 'Strange electromagnetic interference', 'Catastrophic', 'Severe', 39, NULL);
INSERT INTO Event (Event_ID, Date, Time, Description, Outcome, Severity, Location_ID, Portal_ID) VALUES (5374, '1983-01-09', '16:39:24', 'Sighting of shadow-like figure', 'Ongoing', 'Moderate', 9, NULL);
INSERT INTO Event (Event_ID, Date, Time, Description, Outcome, Severity, Location_ID, Portal_ID) VALUES (5375, '1987-01-19', '05:16:10', 'Mass hysteria reported', 'Ongoing', 'Severe', 30, 4020);
INSERT INTO Event (Event_ID, Date, Time, Description, Outcome, Severity, Location_ID, Portal_ID) VALUES (5376, '1987-07-05', '08:07:20', 'Rift breach and creature emerged', 'Contained', 'Moderate', 18, NULL);
INSERT INTO Event (Event_ID, Date, Time, Description, Outcome, Severity, Location_ID, Portal_ID) VALUES (5377, '1986-05-09', '19:53:48', 'Sighting of shadow-like figure', 'Catastrophic', 'Minor', 11, 4031);
INSERT INTO Event (Event_ID, Date, Time, Description, Outcome, Severity, Location_ID, Portal_ID) VALUES (5378, '1984-09-28', '21:40:51', 'Sensor spike with injuries', 'Contained', 'Minor', 4, 4002);
INSERT INTO Event (Event_ID, Date, Time, Description, Outcome, Severity, Location_ID, Portal_ID) VALUES (5379, '1986-05-06', '22:29:27', 'Temporal distortion observed', 'Ongoing', 'Minor', 23, NULL);
INSERT INTO Event (Event_ID, Date, Time, Description, Outcome, Severity, Location_ID, Portal_ID) VALUES (5380, '1987-08-15', '15:07:54', 'Localized blackout and whispers', 'Contained', 'Minor', 14, NULL);
INSERT INTO Event (Event_ID, Date, Time, Description, Outcome, Severity, Location_ID, Portal_ID) VALUES (5381, '1984-03-24', '16:52:17', 'Strange electromagnetic interference', 'Catastrophic', 'Moderate', 38, NULL);
INSERT INTO Event (Event_ID, Date, Time, Description, Outcome, Severity, Location_ID, Portal_ID) VALUES (5382, '1983-09-25', '18:11:26', 'Temporal distortion observed', 'Contained', 'Moderate', 44, 4021);
INSERT INTO Event (Event_ID, Date, Time, Description, Outcome, Severity, Location_ID, Portal_ID) VALUES (5383, '1983-05-22', '21:07:25', 'Psychic feedback event', 'Catastrophic', 'Severe', 7, NULL);
INSERT INTO Event (Event_ID, Date, Time, Description, Outcome, Severity, Location_ID, Portal_ID) VALUES (5384, '1984-01-03', '14:53:45', 'Sensor spike with injuries', 'Ongoing', 'Moderate', 18, 4000);
INSERT INTO Event (Event_ID, Date, Time, Description, Outcome, Severity, Location_ID, Portal_ID) VALUES (5385, '1985-01-21', '19:28:20', 'Strange electromagnetic interference', 'Contained', 'Minor', 4, NULL);
INSERT INTO Event (Event_ID, Date, Time, Description, Outcome, Severity, Location_ID, Portal_ID) VALUES (5386, '1985-06-26', '01:47:04', 'Mass hysteria reported', 'Catastrophic', 'Minor', 26, 4015);
INSERT INTO Event (Event_ID, Date, Time, Description, Outcome, Severity, Location_ID, Portal_ID) VALUES (5387, '1986-02-01', '06:10:24', 'Containment field failure', 'Ongoing', 'Moderate', 42, 4019);
INSERT INTO Event (Event_ID, Date, Time, Description, Outcome, Severity, Location_ID, Portal_ID) VALUES (5388, '1986-07-24', '09:57:43', 'Strange electromagnetic interference', 'Contained', 'Minor', 7, NULL);
INSERT INTO Event (Event_ID, Date, Time, Description, Outcome, Severity, Location_ID, Portal_ID) VALUES (5389, '1987-04-16', '14:56:24', 'Sensor spike with injuries', 'Ongoing', 'Moderate', 28, 4027);
INSERT INTO Event (Event_ID, Date, Time, Description, Outcome, Severity, Location_ID, Portal_ID) VALUES (5390, '1985-10-06', '13:40:27', 'Temporal distortion observed', 'Contained', 'Moderate', 30, NULL);
INSERT INTO Event (Event_ID, Date, Time, Description, Outcome, Severity, Location_ID, Portal_ID) VALUES (5391, '1984-08-17', '20:41:33', 'Temporal distortion observed', 'Ongoing', 'Moderate', 6, NULL);
INSERT INTO Event (Event_ID, Date, Time, Description, Outcome, Severity, Location_ID, Portal_ID) VALUES (5392, '1986-05-05', '04:43:57', 'Sighting of shadow-like figure', 'Contained', 'Moderate', 19, 4035);
INSERT INTO Event (Event_ID, Date, Time, Description, Outcome, Severity, Location_ID, Portal_ID) VALUES (5393, '1983-01-17', '03:32:27', 'Containment field failure', 'Contained', 'Moderate', 47, 4016);
INSERT INTO Event (Event_ID, Date, Time, Description, Outcome, Severity, Location_ID, Portal_ID) VALUES (5394, '1985-05-19', '02:49:32', 'Rift breach and creature emerged', 'Contained', 'Moderate', 30, 4011);
INSERT INTO Event (Event_ID, Date, Time, Description, Outcome, Severity, Location_ID, Portal_ID) VALUES (5395, '1986-01-03', '13:56:45', 'Sighting of shadow-like figure', 'Ongoing', 'Moderate', 30, NULL);
INSERT INTO Event (Event_ID, Date, Time, Description, Outcome, Severity, Location_ID, Portal_ID) VALUES (5396, '1986-10-26', '08:21:58', 'Localized blackout and whispers', 'Contained', 'Minor', 48, NULL);
INSERT INTO Event (Event_ID, Date, Time, Description, Outcome, Severity, Location_ID, Portal_ID) VALUES (5397, '1985-11-04', '13:34:01', 'Rift breach and creature emerged', 'Ongoing', 'Minor', 11, NULL);
INSERT INTO Event (Event_ID, Date, Time, Description, Outcome, Severity, Location_ID, Portal_ID) VALUES (5398, '1986-12-13', '21:47:38', 'Sensor spike with injuries', 'Ongoing', 'Moderate', 40, 4043);
INSERT INTO Event (Event_ID, Date, Time, Description, Outcome, Severity, Location_ID, Portal_ID) VALUES (5399, '1986-05-03', '04:08:00', 'Artifact activation and anomalous readings', 'Contained', 'Severe', 45, NULL);
INSERT INTO Event (Event_ID, Date, Time, Description, Outcome, Severity, Location_ID, Portal_ID) VALUES (5400, '1983-04-16', '20:09:41', 'Artifact activation and anomalous readings', 'Ongoing', 'Severe', 51, 4005);
INSERT INTO Event (Event_ID, Date, Time, Description, Outcome, Severity, Location_ID, Portal_ID) VALUES (5401, '1985-08-05', '15:27:01', 'Temporal distortion observed', 'Contained', 'Severe', 48, NULL);
INSERT INTO Event (Event_ID, Date, Time, Description, Outcome, Severity, Location_ID, Portal_ID) VALUES (5402, '1986-08-01', '14:37:15', 'Artifact activation and anomalous readings', 'Ongoing', 'Moderate', 26, 4000);
INSERT INTO Event (Event_ID, Date, Time, Description, Outcome, Severity, Location_ID, Portal_ID) VALUES (5403, '1983-11-28', '22:27:26', 'Sensor spike with injuries', 'Catastrophic', 'Moderate', 47, 4018);
INSERT INTO Event (Event_ID, Date, Time, Description, Outcome, Severity, Location_ID, Portal_ID) VALUES (5404, '1983-08-13', '15:32:37', 'Strange electromagnetic interference', 'Catastrophic', 'Severe', 32, 4003);
INSERT INTO Event (Event_ID, Date, Time, Description, Outcome, Severity, Location_ID, Portal_ID) VALUES (5405, '1987-01-14', '18:20:35', 'Temporal distortion observed', 'Ongoing', 'Severe', 27, NULL);
INSERT INTO Event (Event_ID, Date, Time, Description, Outcome, Severity, Location_ID, Portal_ID) VALUES (5406, '1983-08-20', '20:22:28', 'Containment field failure', 'Contained', 'Minor', 47, 4022);
INSERT INTO Event (Event_ID, Date, Time, Description, Outcome, Severity, Location_ID, Portal_ID) VALUES (5407, '1986-04-17', '07:37:58', 'Psychic feedback event', 'Catastrophic', 'Severe', 46, NULL);
INSERT INTO Event (Event_ID, Date, Time, Description, Outcome, Severity, Location_ID, Portal_ID) VALUES (5408, '1984-05-24', '22:24:26', 'Psychic feedback event', 'Ongoing', 'Moderate', 11, NULL);
INSERT INTO Event (Event_ID, Date, Time, Description, Outcome, Severity, Location_ID, Portal_ID) VALUES (5409, '1985-12-24', '02:42:30', 'Localized blackout and whispers', 'Contained', 'Minor', 39, 4050);
INSERT INTO Event (Event_ID, Date, Time, Description, Outcome, Severity, Location_ID, Portal_ID) VALUES (5410, '1986-08-10', '07:13:35', 'Rift breach and creature emerged', 'Contained', 'Minor', 17, 4010);
INSERT INTO Event (Event_ID, Date, Time, Description, Outcome, Severity, Location_ID, Portal_ID) VALUES (5411, '1984-09-02', '02:21:27', 'Temporal distortion observed', 'Catastrophic', 'Minor', 36, 4016);
INSERT INTO Event (Event_ID, Date, Time, Description, Outcome, Severity, Location_ID, Portal_ID) VALUES (5412, '1985-06-25', '01:49:56', 'Mass hysteria reported', 'Ongoing', 'Severe', 45, NULL);
INSERT INTO Event (Event_ID, Date, Time, Description, Outcome, Severity, Location_ID, Portal_ID) VALUES (5413, '1987-11-04', '22:03:59', 'Sensor spike with injuries', 'Ongoing', 'Severe', 49, 4006);
INSERT INTO Event (Event_ID, Date, Time, Description, Outcome, Severity, Location_ID, Portal_ID) VALUES (5414, '1987-10-26', '03:52:35', 'Rift breach and creature emerged', 'Catastrophic', 'Minor', 41, 4013);
INSERT INTO Event (Event_ID, Date, Time, Description, Outcome, Severity, Location_ID, Portal_ID) VALUES (5415, '1985-03-24', '09:45:28', 'Mass hysteria reported', 'Ongoing', 'Moderate', 7, 4023);
INSERT INTO Event (Event_ID, Date, Time, Description, Outcome, Severity, Location_ID, Portal_ID) VALUES (5416, '1985-03-04', '06:28:26', 'Rift breach and creature emerged', 'Contained', 'Severe', 31, 4032);
INSERT INTO Event (Event_ID, Date, Time, Description, Outcome, Severity, Location_ID, Portal_ID) VALUES (5417, '1984-02-09', '11:45:48', 'Containment field failure', 'Ongoing', 'Moderate', 16, 4048);
INSERT INTO Event (Event_ID, Date, Time, Description, Outcome, Severity, Location_ID, Portal_ID) VALUES (5418, '1987-07-26', '07:08:51', 'Containment field failure', 'Ongoing', 'Severe', 30, NULL);
INSERT INTO Event (Event_ID, Date, Time, Description, Outcome, Severity, Location_ID, Portal_ID) VALUES (5419, '1987-11-12', '00:28:09', 'Rift breach and creature emerged', 'Catastrophic', 'Severe', 5, 4020);
INSERT INTO Event (Event_ID, Date, Time, Description, Outcome, Severity, Location_ID, Portal_ID) VALUES (5420, '1986-03-14', '01:25:48', 'Rift breach and creature emerged', 'Catastrophic', 'Severe', 10, NULL);
INSERT INTO Event (Event_ID, Date, Time, Description, Outcome, Severity, Location_ID, Portal_ID) VALUES (5421, '1983-11-23', '21:56:33', 'Sighting of shadow-like figure', 'Ongoing', 'Moderate', 44, NULL);
INSERT INTO Event (Event_ID, Date, Time, Description, Outcome, Severity, Location_ID, Portal_ID) VALUES (5422, '1985-12-24', '10:58:22', 'Rift breach and creature emerged', 'Ongoing', 'Severe', 40, NULL);
INSERT INTO Event (Event_ID, Date, Time, Description, Outcome, Severity, Location_ID, Portal_ID) VALUES (5423, '1986-08-21', '06:56:34', 'Strange electromagnetic interference', 'Catastrophic', 'Moderate', 45, 4051);
INSERT INTO Event (Event_ID, Date, Time, Description, Outcome, Severity, Location_ID, Portal_ID) VALUES (5424, '1986-04-10', '02:02:34', 'Psychic feedback event', 'Ongoing', 'Moderate', 48, NULL);
INSERT INTO Event (Event_ID, Date, Time, Description, Outcome, Severity, Location_ID, Portal_ID) VALUES (5425, '1987-09-10', '06:05:32', 'Mass hysteria reported', 'Ongoing', 'Moderate', 49, NULL);
INSERT INTO Event (Event_ID, Date, Time, Description, Outcome, Severity, Location_ID, Portal_ID) VALUES (5426, '1983-01-26', '17:37:16', 'Artifact activation and anomalous readings', 'Ongoing', 'Moderate', 33, 4003);
INSERT INTO Event (Event_ID, Date, Time, Description, Outcome, Severity, Location_ID, Portal_ID) VALUES (5427, '1985-05-21', '16:22:07', 'Rift breach and creature emerged', 'Catastrophic', 'Severe', 29, 4047);
INSERT INTO Event (Event_ID, Date, Time, Description, Outcome, Severity, Location_ID, Portal_ID) VALUES (5428, '1983-08-11', '07:51:47', 'Strange electromagnetic interference', 'Catastrophic', 'Moderate', 41, NULL);
INSERT INTO Event (Event_ID, Date, Time, Description, Outcome, Severity, Location_ID, Portal_ID) VALUES (5429, '1987-04-12', '09:18:42', 'Strange electromagnetic interference', 'Catastrophic', 'Minor', 25, 4015);
INSERT INTO Event (Event_ID, Date, Time, Description, Outcome, Severity, Location_ID, Portal_ID) VALUES (5430, '1983-06-17', '18:12:52', 'Psychic feedback event', 'Ongoing', 'Minor', 46, 4026);
INSERT INTO Event (Event_ID, Date, Time, Description, Outcome, Severity, Location_ID, Portal_ID) VALUES (5431, '1983-02-02', '13:56:08', 'Sensor spike with injuries', 'Contained', 'Moderate', 24, NULL);
INSERT INTO Event (Event_ID, Date, Time, Description, Outcome, Severity, Location_ID, Portal_ID) VALUES (5432, '1986-10-18', '16:49:25', 'Sighting of shadow-like figure', 'Catastrophic', 'Moderate', 28, NULL);
INSERT INTO Event (Event_ID, Date, Time, Description, Outcome, Severity, Location_ID, Portal_ID) VALUES (5433, '1986-12-14', '05:09:32', 'Localized blackout and whispers', 'Ongoing', 'Moderate', 9, NULL);
INSERT INTO Event (Event_ID, Date, Time, Description, Outcome, Severity, Location_ID, Portal_ID) VALUES (5434, '1987-09-04', '22:13:29', 'Sensor spike with injuries', 'Contained', 'Moderate', 36, 4007);
INSERT INTO Event (Event_ID, Date, Time, Description, Outcome, Severity, Location_ID, Portal_ID) VALUES (5435, '1987-07-04', '03:23:36', 'Sighting of shadow-like figure', 'Contained', 'Moderate', 8, 4023);
INSERT INTO Event (Event_ID, Date, Time, Description, Outcome, Severity, Location_ID, Portal_ID) VALUES (5436, '1985-05-16', '00:50:09', 'Localized blackout and whispers', 'Catastrophic', 'Moderate', 20, NULL);
INSERT INTO Event (Event_ID, Date, Time, Description, Outcome, Severity, Location_ID, Portal_ID) VALUES (5437, '1984-03-27', '23:31:00', 'Temporal distortion observed', 'Catastrophic', 'Minor', 3, 4036);
INSERT INTO Event (Event_ID, Date, Time, Description, Outcome, Severity, Location_ID, Portal_ID) VALUES (5438, '1985-10-15', '10:50:24', 'Sensor spike with injuries', 'Catastrophic', 'Severe', 9, NULL);
INSERT INTO Event (Event_ID, Date, Time, Description, Outcome, Severity, Location_ID, Portal_ID) VALUES (5439, '1987-11-15', '14:42:28', 'Localized blackout and whispers', 'Catastrophic', 'Minor', 40, NULL);
INSERT INTO Event (Event_ID, Date, Time, Description, Outcome, Severity, Location_ID, Portal_ID) VALUES (5440, '1986-07-08', '12:21:34', 'Rift breach and creature emerged', 'Catastrophic', 'Severe', 48, 4005);
INSERT INTO Event (Event_ID, Date, Time, Description, Outcome, Severity, Location_ID, Portal_ID) VALUES (5441, '1984-12-01', '18:40:50', 'Sighting of shadow-like figure', 'Catastrophic', 'Moderate', 42, 4012);
INSERT INTO Event (Event_ID, Date, Time, Description, Outcome, Severity, Location_ID, Portal_ID) VALUES (5442, '1987-09-19', '01:36:33', 'Artifact activation and anomalous readings', 'Ongoing', 'Moderate', 2, 4059);
INSERT INTO Event (Event_ID, Date, Time, Description, Outcome, Severity, Location_ID, Portal_ID) VALUES (5443, '1987-03-01', '08:50:13', 'Artifact activation and anomalous readings', 'Catastrophic', 'Severe', 38, 4051);
INSERT INTO Event (Event_ID, Date, Time, Description, Outcome, Severity, Location_ID, Portal_ID) VALUES (5444, '1987-10-11', '12:37:02', 'Sensor spike with injuries', 'Contained', 'Minor', 12, 4055);
INSERT INTO Event (Event_ID, Date, Time, Description, Outcome, Severity, Location_ID, Portal_ID) VALUES (5445, '1987-06-13', '08:05:07', 'Temporal distortion observed', 'Catastrophic', 'Minor', 10, 4049);
INSERT INTO Event (Event_ID, Date, Time, Description, Outcome, Severity, Location_ID, Portal_ID) VALUES (5446, '1983-03-10', '13:43:10', 'Rift breach and creature emerged', 'Catastrophic', 'Severe', 12, 4003);
INSERT INTO Event (Event_ID, Date, Time, Description, Outcome, Severity, Location_ID, Portal_ID) VALUES (5447, '1985-07-04', '10:09:26', 'Psychic feedback event', 'Ongoing', 'Minor', 8, 4015);
INSERT INTO Event (Event_ID, Date, Time, Description, Outcome, Severity, Location_ID, Portal_ID) VALUES (5448, '1987-10-08', '15:32:48', 'Mass hysteria reported', 'Ongoing', 'Severe', 18, 4029);
INSERT INTO Event (Event_ID, Date, Time, Description, Outcome, Severity, Location_ID, Portal_ID) VALUES (5449, '1987-07-03', '15:01:26', 'Artifact activation and anomalous readings', 'Contained', 'Minor', 38, NULL);
INSERT INTO Entity_Appearance (Appearance_ID, Entity_ID, Event_ID, Start_Time, End_Time) VALUES (8000, 2031, 5390, '1985-10-06 13:57:27', '1985-10-06 14:18:27');
INSERT INTO Entity_Appearance (Appearance_ID, Entity_ID, Event_ID, Start_Time, End_Time) VALUES (8001, 2038, 5290, '1985-06-06 06:48:45', '1985-06-06 07:50:45');
INSERT INTO Entity_Appearance (Appearance_ID, Entity_ID, Event_ID, Start_Time, End_Time) VALUES (8002, 2010, 5433, '1986-12-14 05:29:32', '1986-12-14 06:38:32');
INSERT INTO Entity_Appearance (Appearance_ID, Entity_ID, Event_ID, Start_Time, End_Time) VALUES (8003, 2026, 5400, '1983-04-16 20:39:41', '1983-04-16 21:02:41');
INSERT INTO Entity_Appearance (Appearance_ID, Entity_ID, Event_ID, Start_Time, End_Time) VALUES (8004, 2047, 5276, '1983-11-03 13:02:44', '1983-11-03 13:38:44');
INSERT INTO Entity_Appearance (Appearance_ID, Entity_ID, Event_ID, Start_Time, End_Time) VALUES (8005, 2068, 5216, '1985-12-13 12:54:27', '1985-12-13 14:10:27');
INSERT INTO Entity_Appearance (Appearance_ID, Entity_ID, Event_ID, Start_Time, End_Time) VALUES (8006, 2057, 5021, '1987-11-10 15:50:36', '1987-11-10 16:54:36');
INSERT INTO Entity_Appearance (Appearance_ID, Entity_ID, Event_ID, Start_Time, End_Time) VALUES (8007, 2106, 5317, '1985-10-12 11:19:54', '1985-10-12 11:45:54');
INSERT INTO Entity_Appearance (Appearance_ID, Entity_ID, Event_ID, Start_Time, End_Time) VALUES (8008, 2000, 5030, '1987-04-09 13:53:28', '1987-04-09 14:59:28');
INSERT INTO Entity_Appearance (Appearance_ID, Entity_ID, Event_ID, Start_Time, End_Time) VALUES (8009, 2034, 5306, '1984-10-02 04:28:29', '1984-10-02 05:21:29');
INSERT INTO Entity_Appearance (Appearance_ID, Entity_ID, Event_ID, Start_Time, End_Time) VALUES (8010, 2044, 5431, '1983-02-02 14:16:08', '1983-02-02 14:48:08');
INSERT INTO Entity_Appearance (Appearance_ID, Entity_ID, Event_ID, Start_Time, End_Time) VALUES (8011, 2074, 5430, '1983-06-17 18:28:52', '1983-06-17 19:09:52');
INSERT INTO Entity_Appearance (Appearance_ID, Entity_ID, Event_ID, Start_Time, End_Time) VALUES (8012, 2005, 5082, '1986-10-01 17:25:54', '1986-10-01 18:38:54');
INSERT INTO Entity_Appearance (Appearance_ID, Entity_ID, Event_ID, Start_Time, End_Time) VALUES (8013, 2072, 5035, '1985-04-25 00:06:46', '1985-04-25 00:22:46');
INSERT INTO Entity_Appearance (Appearance_ID, Entity_ID, Event_ID, Start_Time, End_Time) VALUES (8014, 2050, 5357, '1983-12-26 21:18:16', '1983-12-26 21:40:16');
INSERT INTO Entity_Appearance (Appearance_ID, Entity_ID, Event_ID, Start_Time, End_Time) VALUES (8015, 2092, 5284, '1983-12-05 15:17:55', '1983-12-05 16:17:55');
INSERT INTO Entity_Appearance (Appearance_ID, Entity_ID, Event_ID, Start_Time, End_Time) VALUES (8016, 2026, 5312, '1985-03-27 15:12:38', '1985-03-27 15:57:38');
INSERT INTO Entity_Appearance (Appearance_ID, Entity_ID, Event_ID, Start_Time, End_Time) VALUES (8017, 2113, 5349, '1985-08-16 17:57:27', '1985-08-16 18:45:27');
INSERT INTO Entity_Appearance (Appearance_ID, Entity_ID, Event_ID, Start_Time, End_Time) VALUES (8018, 2081, 5133, '1985-06-15 14:49:00', '1985-06-15 15:51:00');
INSERT INTO Entity_Appearance (Appearance_ID, Entity_ID, Event_ID, Start_Time, End_Time) VALUES (8019, 2034, 5125, '1983-01-19 21:14:24', '1983-01-19 22:00:24');
INSERT INTO Entity_Appearance (Appearance_ID, Entity_ID, Event_ID, Start_Time, End_Time) VALUES (8020, 2043, 5107, '1985-05-21 23:48:51', '1985-05-22 00:35:51');
INSERT INTO Entity_Appearance (Appearance_ID, Entity_ID, Event_ID, Start_Time, End_Time) VALUES (8021, 2002, 5354, '1984-07-07 04:10:11', '1984-07-07 04:15:11');
INSERT INTO Entity_Appearance (Appearance_ID, Entity_ID, Event_ID, Start_Time, End_Time) VALUES (8022, 2077, 5243, '1985-08-01 15:09:41', '1985-08-01 15:15:41');
INSERT INTO Entity_Appearance (Appearance_ID, Entity_ID, Event_ID, Start_Time, End_Time) VALUES (8023, 2086, 5088, '1984-02-24 09:04:15', '1984-02-24 10:20:15');
INSERT INTO Entity_Appearance (Appearance_ID, Entity_ID, Event_ID, Start_Time, End_Time) VALUES (8024, 2114, 5356, '1984-06-16 22:45:52', '1984-06-16 23:52:52');
INSERT INTO Entity_Appearance (Appearance_ID, Entity_ID, Event_ID, Start_Time, End_Time) VALUES (8025, 2097, 5201, '1983-02-14 12:28:45', '1983-02-14 12:43:45');
INSERT INTO Entity_Appearance (Appearance_ID, Entity_ID, Event_ID, Start_Time, End_Time) VALUES (8026, 2100, 5448, '1987-10-08 15:52:48', '1987-10-08 16:06:48');
INSERT INTO Entity_Appearance (Appearance_ID, Entity_ID, Event_ID, Start_Time, End_Time) VALUES (8027, 2068, 5015, '1984-09-02 12:20:28', '1984-09-02 13:21:28');
INSERT INTO Entity_Appearance (Appearance_ID, Entity_ID, Event_ID, Start_Time, End_Time) VALUES (8028, 2086, 5063, '1983-05-20 17:37:16', '1983-05-20 18:30:16');
INSERT INTO Entity_Appearance (Appearance_ID, Entity_ID, Event_ID, Start_Time, End_Time) VALUES (8029, 2105, 5307, '1985-01-10 09:44:40', '1985-01-10 10:38:40');
INSERT INTO Entity_Appearance (Appearance_ID, Entity_ID, Event_ID, Start_Time, End_Time) VALUES (8030, 2022, 5429, '1987-04-12 09:42:42', '1987-04-12 09:48:42');
INSERT INTO Entity_Appearance (Appearance_ID, Entity_ID, Event_ID, Start_Time, End_Time) VALUES (8031, 2015, 5236, '1983-02-01 13:17:33', '1983-02-01 13:46:33');
INSERT INTO Entity_Appearance (Appearance_ID, Entity_ID, Event_ID, Start_Time, End_Time) VALUES (8032, 2056, 5004, '1985-09-17 11:51:06', '1985-09-17 11:58:06');
INSERT INTO Entity_Appearance (Appearance_ID, Entity_ID, Event_ID, Start_Time, End_Time) VALUES (8033, 2097, 5143, '1984-03-16 17:33:31', '1984-03-16 18:23:31');
INSERT INTO Entity_Appearance (Appearance_ID, Entity_ID, Event_ID, Start_Time, End_Time) VALUES (8034, 2024, 5046, '1984-10-22 06:14:32', '1984-10-22 06:57:32');
INSERT INTO Entity_Appearance (Appearance_ID, Entity_ID, Event_ID, Start_Time, End_Time) VALUES (8035, 2103, 5367, '1984-05-23 05:10:25', '1984-05-23 05:44:25');
INSERT INTO Entity_Appearance (Appearance_ID, Entity_ID, Event_ID, Start_Time, End_Time) VALUES (8036, 2063, 5185, '1984-10-14 13:03:21', '1984-10-14 13:43:21');
INSERT INTO Entity_Appearance (Appearance_ID, Entity_ID, Event_ID, Start_Time, End_Time) VALUES (8037, 2063, 5360, '1983-05-28 03:14:49', '1983-05-28 03:45:49');
INSERT INTO Entity_Appearance (Appearance_ID, Entity_ID, Event_ID, Start_Time, End_Time) VALUES (8038, 2000, 5100, '1983-01-22 12:21:58', '1983-01-22 13:16:58');
INSERT INTO Entity_Appearance (Appearance_ID, Entity_ID, Event_ID, Start_Time, End_Time) VALUES (8039, 2014, 5445, '1987-06-13 08:13:07', '1987-06-13 09:30:07');
INSERT INTO Entity_Appearance (Appearance_ID, Entity_ID, Event_ID, Start_Time, End_Time) VALUES (8040, 2064, 5252, '1986-11-01 16:03:58', '1986-11-01 17:18:58');
INSERT INTO Entity_Appearance (Appearance_ID, Entity_ID, Event_ID, Start_Time, End_Time) VALUES (8041, 2024, 5337, '1983-05-04 10:33:01', '1983-05-04 11:50:01');
INSERT INTO Entity_Appearance (Appearance_ID, Entity_ID, Event_ID, Start_Time, End_Time) VALUES (8042, 2086, 5349, '1985-08-16 17:46:27', '1985-08-16 19:03:27');
INSERT INTO Entity_Appearance (Appearance_ID, Entity_ID, Event_ID, Start_Time, End_Time) VALUES (8043, 2022, 5033, '1983-08-06 17:32:08', '1983-08-06 17:53:08');
INSERT INTO Entity_Appearance (Appearance_ID, Entity_ID, Event_ID, Start_Time, End_Time) VALUES (8044, 2095, 5033, '1983-08-06 17:18:08', '1983-08-06 17:56:08');
INSERT INTO Entity_Appearance (Appearance_ID, Entity_ID, Event_ID, Start_Time, End_Time) VALUES (8045, 2119, 5291, '1987-03-18 09:34:58', '1987-03-18 10:08:58');
INSERT INTO Entity_Appearance (Appearance_ID, Entity_ID, Event_ID, Start_Time, End_Time) VALUES (8046, 2112, 5267, '1987-08-06 12:46:08', '1987-08-06 13:26:08');
INSERT INTO Entity_Appearance (Appearance_ID, Entity_ID, Event_ID, Start_Time, End_Time) VALUES (8047, 2024, 5434, '1987-09-04 22:34:29', '1987-09-04 22:41:29');
INSERT INTO Entity_Appearance (Appearance_ID, Entity_ID, Event_ID, Start_Time, End_Time) VALUES (8048, 2088, 5347, '1985-07-14 11:12:53', '1985-07-14 11:49:53');
INSERT INTO Entity_Appearance (Appearance_ID, Entity_ID, Event_ID, Start_Time, End_Time) VALUES (8049, 2087, 5286, '1984-09-21 10:54:37', '1984-09-21 11:57:37');
INSERT INTO Entity_Appearance (Appearance_ID, Entity_ID, Event_ID, Start_Time, End_Time) VALUES (8050, 2000, 5218, '1986-11-14 04:25:08', '1986-11-14 04:36:08');
INSERT INTO Entity_Appearance (Appearance_ID, Entity_ID, Event_ID, Start_Time, End_Time) VALUES (8051, 2109, 5165, '1986-07-25 01:51:47', '1986-07-25 02:48:47');
INSERT INTO Entity_Appearance (Appearance_ID, Entity_ID, Event_ID, Start_Time, End_Time) VALUES (8052, 2035, 5062, '1986-06-20 00:19:48', '1986-06-20 01:30:48');
INSERT INTO Entity_Appearance (Appearance_ID, Entity_ID, Event_ID, Start_Time, End_Time) VALUES (8053, 2059, 5253, '1983-05-27 03:40:39', '1983-05-27 04:51:39');
INSERT INTO Entity_Appearance (Appearance_ID, Entity_ID, Event_ID, Start_Time, End_Time) VALUES (8054, 2097, 5022, '1984-09-03 16:38:26', '1984-09-03 17:11:26');
INSERT INTO Entity_Appearance (Appearance_ID, Entity_ID, Event_ID, Start_Time, End_Time) VALUES (8055, 2006, 5142, '1985-02-16 19:16:03', '1985-02-16 20:14:03');
INSERT INTO Entity_Appearance (Appearance_ID, Entity_ID, Event_ID, Start_Time, End_Time) VALUES (8056, 2068, 5229, '1985-02-05 20:09:52', '1985-02-05 20:14:52');
INSERT INTO Entity_Appearance (Appearance_ID, Entity_ID, Event_ID, Start_Time, End_Time) VALUES (8057, 2050, 5099, '1986-05-08 07:57:18', '1986-05-08 08:12:18');
INSERT INTO Entity_Appearance (Appearance_ID, Entity_ID, Event_ID, Start_Time, End_Time) VALUES (8058, 2112, 5292, '1985-03-01 23:59:32', '1985-03-02 00:07:32');
INSERT INTO Entity_Appearance (Appearance_ID, Entity_ID, Event_ID, Start_Time, End_Time) VALUES (8059, 2094, 5115, '1984-02-08 20:49:20', '1984-02-08 21:48:20');
INSERT INTO Entity_Appearance (Appearance_ID, Entity_ID, Event_ID, Start_Time, End_Time) VALUES (8060, 2009, 5127, '1983-06-19 00:02:26', '1983-06-19 00:28:26');
INSERT INTO Entity_Appearance (Appearance_ID, Entity_ID, Event_ID, Start_Time, End_Time) VALUES (8061, 2042, 5159, '1985-02-18 17:48:07', '1985-02-18 18:05:07');
INSERT INTO Entity_Appearance (Appearance_ID, Entity_ID, Event_ID, Start_Time, End_Time) VALUES (8062, 2003, 5245, '1983-09-08 00:37:44', '1983-09-08 00:45:44');
INSERT INTO Entity_Appearance (Appearance_ID, Entity_ID, Event_ID, Start_Time, End_Time) VALUES (8063, 2075, 5408, '1984-05-24 22:44:26', '1984-05-24 23:31:26');
INSERT INTO Entity_Appearance (Appearance_ID, Entity_ID, Event_ID, Start_Time, End_Time) VALUES (8064, 2107, 5128, '1983-05-03 06:40:06', '1983-05-03 06:58:06');
INSERT INTO Entity_Appearance (Appearance_ID, Entity_ID, Event_ID, Start_Time, End_Time) VALUES (8065, 2060, 5122, '1987-07-24 06:26:01', '1987-07-24 07:14:01');
INSERT INTO Entity_Appearance (Appearance_ID, Entity_ID, Event_ID, Start_Time, End_Time) VALUES (8066, 2106, 5027, '1983-03-25 18:00:00', '1983-03-25 18:47:00');
INSERT INTO Entity_Appearance (Appearance_ID, Entity_ID, Event_ID, Start_Time, End_Time) VALUES (8067, 2066, 5406, '1983-08-20 20:29:28', '1983-08-20 20:43:28');
INSERT INTO Entity_Appearance (Appearance_ID, Entity_ID, Event_ID, Start_Time, End_Time) VALUES (8068, 2099, 5307, '1985-01-10 09:52:40', '1985-01-10 10:53:40');
INSERT INTO Entity_Appearance (Appearance_ID, Entity_ID, Event_ID, Start_Time, End_Time) VALUES (8069, 2097, 5048, '1984-09-26 11:44:30', '1984-09-26 12:46:30');
INSERT INTO Entity_Appearance (Appearance_ID, Entity_ID, Event_ID, Start_Time, End_Time) VALUES (8070, 2074, 5063, '1983-05-20 17:28:16', '1983-05-20 17:40:16');
INSERT INTO Entity_Appearance (Appearance_ID, Entity_ID, Event_ID, Start_Time, End_Time) VALUES (8071, 2117, 5017, '1985-09-02 00:59:16', '1985-09-02 01:44:16');
INSERT INTO Entity_Appearance (Appearance_ID, Entity_ID, Event_ID, Start_Time, End_Time) VALUES (8072, 2113, 5434, '1987-09-04 22:35:29', '1987-09-04 22:48:29');
INSERT INTO Entity_Appearance (Appearance_ID, Entity_ID, Event_ID, Start_Time, End_Time) VALUES (8073, 2100, 5065, '1985-05-28 17:28:36', '1985-05-28 18:29:36');
INSERT INTO Entity_Appearance (Appearance_ID, Entity_ID, Event_ID, Start_Time, End_Time) VALUES (8074, 2007, 5154, '1983-06-22 11:41:40', '1983-06-22 12:41:40');
INSERT INTO Entity_Appearance (Appearance_ID, Entity_ID, Event_ID, Start_Time, End_Time) VALUES (8075, 2008, 5052, '1987-11-09 06:30:11', '1987-11-09 06:42:11');
INSERT INTO Entity_Appearance (Appearance_ID, Entity_ID, Event_ID, Start_Time, End_Time) VALUES (8076, 2071, 5026, '1985-09-26 16:37:31', '1985-09-26 17:30:31');
INSERT INTO Entity_Appearance (Appearance_ID, Entity_ID, Event_ID, Start_Time, End_Time) VALUES (8077, 2051, 5049, '1987-11-27 09:12:47', '1987-11-27 10:09:47');
INSERT INTO Entity_Appearance (Appearance_ID, Entity_ID, Event_ID, Start_Time, End_Time) VALUES (8078, 2029, 5442, '1987-09-19 01:55:33', '1987-09-19 02:01:33');
INSERT INTO Entity_Appearance (Appearance_ID, Entity_ID, Event_ID, Start_Time, End_Time) VALUES (8079, 2058, 5196, '1987-02-01 10:13:02', '1987-02-01 11:12:02');
INSERT INTO Entity_Appearance (Appearance_ID, Entity_ID, Event_ID, Start_Time, End_Time) VALUES (8080, 2112, 5317, '1985-10-12 11:29:54', '1985-10-12 11:46:54');
INSERT INTO Entity_Appearance (Appearance_ID, Entity_ID, Event_ID, Start_Time, End_Time) VALUES (8081, 2043, 5333, '1986-11-18 22:04:36', '1986-11-18 22:12:36');
INSERT INTO Entity_Appearance (Appearance_ID, Entity_ID, Event_ID, Start_Time, End_Time) VALUES (8082, 2058, 5264, '1984-03-26 00:41:32', '1984-03-26 02:01:32');
INSERT INTO Entity_Appearance (Appearance_ID, Entity_ID, Event_ID, Start_Time, End_Time) VALUES (8083, 2024, 5055, '1984-01-06 09:02:11', '1984-01-06 09:08:11');
INSERT INTO Entity_Appearance (Appearance_ID, Entity_ID, Event_ID, Start_Time, End_Time) VALUES (8084, 2076, 5365, '1987-06-26 09:14:05', '1987-06-26 10:34:05');
INSERT INTO Entity_Appearance (Appearance_ID, Entity_ID, Event_ID, Start_Time, End_Time) VALUES (8085, 2101, 5430, '1983-06-17 18:18:52', '1983-06-17 19:36:52');
INSERT INTO Entity_Appearance (Appearance_ID, Entity_ID, Event_ID, Start_Time, End_Time) VALUES (8086, 2016, 5326, '1987-10-09 20:41:22', '1987-10-09 21:18:22');
INSERT INTO Entity_Appearance (Appearance_ID, Entity_ID, Event_ID, Start_Time, End_Time) VALUES (8087, 2045, 5215, '1983-12-18 11:22:55', '1983-12-18 12:23:55');
INSERT INTO Entity_Appearance (Appearance_ID, Entity_ID, Event_ID, Start_Time, End_Time) VALUES (8088, 2023, 5124, '1983-02-17 21:08:02', '1983-02-17 21:18:02');
INSERT INTO Entity_Appearance (Appearance_ID, Entity_ID, Event_ID, Start_Time, End_Time) VALUES (8089, 2007, 5065, '1985-05-28 17:36:36', '1985-05-28 18:55:36');
INSERT INTO Entity_Appearance (Appearance_ID, Entity_ID, Event_ID, Start_Time, End_Time) VALUES (8090, 2055, 5262, '1984-11-28 16:01:11', '1984-11-28 16:51:11');
INSERT INTO Entity_Appearance (Appearance_ID, Entity_ID, Event_ID, Start_Time, End_Time) VALUES (8091, 2039, 5298, '1986-09-03 07:14:56', '1986-09-03 08:28:56');
INSERT INTO Entity_Appearance (Appearance_ID, Entity_ID, Event_ID, Start_Time, End_Time) VALUES (8092, 2099, 5074, '1983-02-18 09:50:53', '1983-02-18 10:55:53');
INSERT INTO Entity_Appearance (Appearance_ID, Entity_ID, Event_ID, Start_Time, End_Time) VALUES (8093, 2039, 5308, '1987-03-18 11:05:20', '1987-03-18 11:47:20');
INSERT INTO Entity_Appearance (Appearance_ID, Entity_ID, Event_ID, Start_Time, End_Time) VALUES (8094, 2047, 5004, '1985-09-17 12:00:06', '1985-09-17 13:20:06');
INSERT INTO Entity_Appearance (Appearance_ID, Entity_ID, Event_ID, Start_Time, End_Time) VALUES (8095, 2084, 5347, '1985-07-14 10:59:53', '1985-07-14 11:11:53');
INSERT INTO Entity_Appearance (Appearance_ID, Entity_ID, Event_ID, Start_Time, End_Time) VALUES (8096, 2030, 5259, '1987-08-14 07:37:39', '1987-08-14 08:53:39');
INSERT INTO Entity_Appearance (Appearance_ID, Entity_ID, Event_ID, Start_Time, End_Time) VALUES (8097, 2109, 5027, '1983-03-25 17:47:00', '1983-03-25 18:36:00');
INSERT INTO Entity_Appearance (Appearance_ID, Entity_ID, Event_ID, Start_Time, End_Time) VALUES (8098, 2025, 5102, '1987-07-17 21:00:34', '1987-07-17 21:30:34');
INSERT INTO Entity_Appearance (Appearance_ID, Entity_ID, Event_ID, Start_Time, End_Time) VALUES (8099, 2100, 5035, '1985-04-25 00:07:46', '1985-04-25 00:36:46');
INSERT INTO Entity_Appearance (Appearance_ID, Entity_ID, Event_ID, Start_Time, End_Time) VALUES (8100, 2085, 5243, '1985-08-01 15:31:41', '1985-08-01 16:35:41');
INSERT INTO Entity_Appearance (Appearance_ID, Entity_ID, Event_ID, Start_Time, End_Time) VALUES (8101, 2076, 5354, '1984-07-07 04:16:11', '1984-07-07 05:35:11');
INSERT INTO Entity_Appearance (Appearance_ID, Entity_ID, Event_ID, Start_Time, End_Time) VALUES (8102, 2072, 5171, '1986-02-09 11:03:41', '1986-02-09 11:46:41');
INSERT INTO Entity_Appearance (Appearance_ID, Entity_ID, Event_ID, Start_Time, End_Time) VALUES (8103, 2053, 5168, '1983-04-10 14:30:56', '1983-04-10 14:48:56');
INSERT INTO Entity_Appearance (Appearance_ID, Entity_ID, Event_ID, Start_Time, End_Time) VALUES (8104, 2058, 5448, '1987-10-08 15:57:48', '1987-10-08 16:07:48');
INSERT INTO Entity_Appearance (Appearance_ID, Entity_ID, Event_ID, Start_Time, End_Time) VALUES (8105, 2063, 5112, '1983-02-25 22:44:24', '1983-02-25 22:49:24');
INSERT INTO Entity_Appearance (Appearance_ID, Entity_ID, Event_ID, Start_Time, End_Time) VALUES (8106, 2081, 5114, '1987-09-04 08:52:40', '1987-09-04 09:26:40');
INSERT INTO Entity_Appearance (Appearance_ID, Entity_ID, Event_ID, Start_Time, End_Time) VALUES (8107, 2059, 5319, '1983-04-17 22:36:23', '1983-04-17 23:11:23');
INSERT INTO Entity_Appearance (Appearance_ID, Entity_ID, Event_ID, Start_Time, End_Time) VALUES (8108, 2061, 5376, '1987-07-05 08:31:20', '1987-07-05 09:18:20');
INSERT INTO Entity_Appearance (Appearance_ID, Entity_ID, Event_ID, Start_Time, End_Time) VALUES (8109, 2103, 5378, '1984-09-28 21:52:51', '1984-09-28 22:23:51');
INSERT INTO Entity_Appearance (Appearance_ID, Entity_ID, Event_ID, Start_Time, End_Time) VALUES (8110, 2051, 5094, '1986-11-05 06:06:51', '1986-11-05 06:11:51');
INSERT INTO Entity_Appearance (Appearance_ID, Entity_ID, Event_ID, Start_Time, End_Time) VALUES (8111, 2046, 5005, '1986-02-09 19:14:12', '1986-02-09 20:04:12');
INSERT INTO Entity_Appearance (Appearance_ID, Entity_ID, Event_ID, Start_Time, End_Time) VALUES (8112, 2003, 5284, '1983-12-05 15:12:55', '1983-12-05 15:35:55');
INSERT INTO Entity_Appearance (Appearance_ID, Entity_ID, Event_ID, Start_Time, End_Time) VALUES (8113, 2037, 5225, '1987-12-10 23:56:36', '1987-12-11 01:15:36');
INSERT INTO Entity_Appearance (Appearance_ID, Entity_ID, Event_ID, Start_Time, End_Time) VALUES (8114, 2116, 5391, '1984-08-17 20:52:33', '1984-08-17 21:02:33');
INSERT INTO Entity_Appearance (Appearance_ID, Entity_ID, Event_ID, Start_Time, End_Time) VALUES (8115, 2003, 5101, '1987-08-05 22:40:11', '1987-08-05 23:21:11');
INSERT INTO Entity_Appearance (Appearance_ID, Entity_ID, Event_ID, Start_Time, End_Time) VALUES (8116, 2022, 5112, '1983-02-25 22:43:24', '1983-02-25 23:21:24');
INSERT INTO Entity_Appearance (Appearance_ID, Entity_ID, Event_ID, Start_Time, End_Time) VALUES (8117, 2092, 5089, '1984-08-26 00:21:26', '1984-08-26 01:36:26');
INSERT INTO Entity_Appearance (Appearance_ID, Entity_ID, Event_ID, Start_Time, End_Time) VALUES (8118, 2031, 5091, '1985-08-27 20:12:28', '1985-08-27 20:19:28');
INSERT INTO Entity_Appearance (Appearance_ID, Entity_ID, Event_ID, Start_Time, End_Time) VALUES (8119, 2022, 5431, '1983-02-02 14:04:08', '1983-02-02 14:21:08');
INSERT INTO Entity_Appearance (Appearance_ID, Entity_ID, Event_ID, Start_Time, End_Time) VALUES (8120, 2002, 5425, '1987-09-10 06:26:32', '1987-09-10 06:48:32');
INSERT INTO Entity_Appearance (Appearance_ID, Entity_ID, Event_ID, Start_Time, End_Time) VALUES (8121, 2048, 5335, '1985-06-27 00:02:01', '1985-06-27 00:21:01');
INSERT INTO Entity_Appearance (Appearance_ID, Entity_ID, Event_ID, Start_Time, End_Time) VALUES (8122, 2043, 5107, '1985-05-21 23:43:51', '1985-05-22 00:46:51');
INSERT INTO Entity_Appearance (Appearance_ID, Entity_ID, Event_ID, Start_Time, End_Time) VALUES (8123, 2030, 5189, '1986-07-24 02:18:33', '1986-07-24 03:10:33');
INSERT INTO Entity_Appearance (Appearance_ID, Entity_ID, Event_ID, Start_Time, End_Time) VALUES (8124, 2084, 5087, '1986-12-25 11:53:54', '1986-12-25 13:05:54');
INSERT INTO Entity_Appearance (Appearance_ID, Entity_ID, Event_ID, Start_Time, End_Time) VALUES (8125, 2102, 5319, '1983-04-17 22:58:23', '1983-04-17 23:58:23');
INSERT INTO Entity_Appearance (Appearance_ID, Entity_ID, Event_ID, Start_Time, End_Time) VALUES (8126, 2112, 5364, '1984-10-22 13:52:20', '1984-10-22 14:12:20');
INSERT INTO Entity_Appearance (Appearance_ID, Entity_ID, Event_ID, Start_Time, End_Time) VALUES (8127, 2018, 5066, '1986-09-26 17:55:11', '1986-09-26 18:24:11');
INSERT INTO Entity_Appearance (Appearance_ID, Entity_ID, Event_ID, Start_Time, End_Time) VALUES (8128, 2024, 5272, '1987-01-14 01:14:30', '1987-01-14 02:06:30');
INSERT INTO Entity_Appearance (Appearance_ID, Entity_ID, Event_ID, Start_Time, End_Time) VALUES (8129, 2040, 5306, '1984-10-02 04:33:29', '1984-10-02 05:09:29');
INSERT INTO Entity_Appearance (Appearance_ID, Entity_ID, Event_ID, Start_Time, End_Time) VALUES (8130, 2117, 5023, '1985-06-12 09:37:48', '1985-06-12 10:57:48');
INSERT INTO Entity_Appearance (Appearance_ID, Entity_ID, Event_ID, Start_Time, End_Time) VALUES (8131, 2024, 5437, '1984-03-27 23:48:00', '1984-03-28 00:30:00');
INSERT INTO Entity_Appearance (Appearance_ID, Entity_ID, Event_ID, Start_Time, End_Time) VALUES (8132, 2101, 5076, '1983-09-09 18:02:50', '1983-09-09 18:38:50');
INSERT INTO Entity_Appearance (Appearance_ID, Entity_ID, Event_ID, Start_Time, End_Time) VALUES (8133, 2006, 5322, '1985-11-27 14:39:35', '1985-11-27 15:19:35');
INSERT INTO Entity_Appearance (Appearance_ID, Entity_ID, Event_ID, Start_Time, End_Time) VALUES (8134, 2111, 5064, '1983-09-01 13:08:13', '1983-09-01 14:18:13');
INSERT INTO Entity_Appearance (Appearance_ID, Entity_ID, Event_ID, Start_Time, End_Time) VALUES (8135, 2074, 5250, '1986-01-02 10:09:21', '1986-01-02 10:24:21');
INSERT INTO Entity_Appearance (Appearance_ID, Entity_ID, Event_ID, Start_Time, End_Time) VALUES (8136, 2100, 5240, '1985-05-06 02:42:49', '1985-05-06 02:55:49');
INSERT INTO Entity_Appearance (Appearance_ID, Entity_ID, Event_ID, Start_Time, End_Time) VALUES (8137, 2021, 5260, '1983-11-27 09:34:26', '1983-11-27 10:44:26');
INSERT INTO Entity_Appearance (Appearance_ID, Entity_ID, Event_ID, Start_Time, End_Time) VALUES (8138, 2047, 5255, '1985-04-25 01:53:11', '1985-04-25 02:57:11');
INSERT INTO Entity_Appearance (Appearance_ID, Entity_ID, Event_ID, Start_Time, End_Time) VALUES (8139, 2022, 5164, '1984-02-06 15:17:39', '1984-02-06 16:09:39');
INSERT INTO Entity_Appearance (Appearance_ID, Entity_ID, Event_ID, Start_Time, End_Time) VALUES (8140, 2067, 5355, '1983-08-18 11:59:07', '1983-08-18 13:07:07');
INSERT INTO Entity_Appearance (Appearance_ID, Entity_ID, Event_ID, Start_Time, End_Time) VALUES (8141, 2060, 5137, '1983-12-11 15:29:31', '1983-12-11 16:25:31');
INSERT INTO Entity_Appearance (Appearance_ID, Entity_ID, Event_ID, Start_Time, End_Time) VALUES (8142, 2081, 5404, '1983-08-13 15:50:37', '1983-08-13 15:59:37');
INSERT INTO Entity_Appearance (Appearance_ID, Entity_ID, Event_ID, Start_Time, End_Time) VALUES (8143, 2026, 5112, '1983-02-25 22:43:24', '1983-02-25 23:13:24');
INSERT INTO Entity_Appearance (Appearance_ID, Entity_ID, Event_ID, Start_Time, End_Time) VALUES (8144, 2057, 5441, '1984-12-01 18:47:50', '1984-12-01 19:42:50');
INSERT INTO Entity_Appearance (Appearance_ID, Entity_ID, Event_ID, Start_Time, End_Time) VALUES (8145, 2027, 5156, '1983-12-13 16:56:39', '1983-12-13 17:49:39');
INSERT INTO Entity_Appearance (Appearance_ID, Entity_ID, Event_ID, Start_Time, End_Time) VALUES (8146, 2073, 5080, '1984-10-09 06:16:43', '1984-10-09 07:08:43');
INSERT INTO Entity_Appearance (Appearance_ID, Entity_ID, Event_ID, Start_Time, End_Time) VALUES (8147, 2032, 5281, '1987-11-14 08:05:04', '1987-11-14 08:27:04');
INSERT INTO Entity_Appearance (Appearance_ID, Entity_ID, Event_ID, Start_Time, End_Time) VALUES (8148, 2096, 5043, '1983-12-03 01:03:32', '1983-12-03 02:04:32');
INSERT INTO Entity_Appearance (Appearance_ID, Entity_ID, Event_ID, Start_Time, End_Time) VALUES (8149, 2066, 5180, '1985-06-13 02:55:27', '1985-06-13 04:14:27');
INSERT INTO Entity_Appearance (Appearance_ID, Entity_ID, Event_ID, Start_Time, End_Time) VALUES (8150, 2005, 5238, '1983-12-04 03:10:38', '1983-12-04 03:58:38');
INSERT INTO Entity_Appearance (Appearance_ID, Entity_ID, Event_ID, Start_Time, End_Time) VALUES (8151, 2054, 5230, '1984-11-15 23:54:10', '1984-11-16 00:54:10');
INSERT INTO Entity_Appearance (Appearance_ID, Entity_ID, Event_ID, Start_Time, End_Time) VALUES (8152, 2052, 5188, '1986-08-26 02:06:08', '1986-08-26 03:14:08');
INSERT INTO Entity_Appearance (Appearance_ID, Entity_ID, Event_ID, Start_Time, End_Time) VALUES (8153, 2040, 5139, '1983-04-24 21:06:38', '1983-04-24 21:14:38');
INSERT INTO Entity_Appearance (Appearance_ID, Entity_ID, Event_ID, Start_Time, End_Time) VALUES (8154, 2022, 5226, '1985-12-20 00:25:31', '1985-12-20 01:03:31');
INSERT INTO Entity_Appearance (Appearance_ID, Entity_ID, Event_ID, Start_Time, End_Time) VALUES (8155, 2082, 5038, '1986-06-12 04:53:41', '1986-06-12 05:08:41');
INSERT INTO Entity_Appearance (Appearance_ID, Entity_ID, Event_ID, Start_Time, End_Time) VALUES (8156, 2037, 5431, '1983-02-02 14:12:08', '1983-02-02 15:22:08');
INSERT INTO Entity_Appearance (Appearance_ID, Entity_ID, Event_ID, Start_Time, End_Time) VALUES (8157, 2069, 5329, '1985-03-10 19:41:06', '1985-03-10 20:21:06');
INSERT INTO Entity_Appearance (Appearance_ID, Entity_ID, Event_ID, Start_Time, End_Time) VALUES (8158, 2118, 5116, '1984-01-02 18:53:44', '1984-01-02 19:13:44');
INSERT INTO Entity_Appearance (Appearance_ID, Entity_ID, Event_ID, Start_Time, End_Time) VALUES (8159, 2009, 5184, '1987-04-23 09:13:00', '1987-04-23 10:27:00');
INSERT INTO Entity_Appearance (Appearance_ID, Entity_ID, Event_ID, Start_Time, End_Time) VALUES (8160, 2025, 5170, '1987-03-13 13:26:28', '1987-03-13 14:13:28');
INSERT INTO Entity_Appearance (Appearance_ID, Entity_ID, Event_ID, Start_Time, End_Time) VALUES (8161, 2032, 5154, '1983-06-22 11:45:40', '1983-06-22 12:25:40');
INSERT INTO Entity_Appearance (Appearance_ID, Entity_ID, Event_ID, Start_Time, End_Time) VALUES (8162, 2024, 5361, '1983-03-23 08:51:04', '1983-03-23 09:13:04');
INSERT INTO Entity_Appearance (Appearance_ID, Entity_ID, Event_ID, Start_Time, End_Time) VALUES (8163, 2109, 5385, '1985-01-21 19:50:20', '1985-01-21 21:04:20');
INSERT INTO Entity_Appearance (Appearance_ID, Entity_ID, Event_ID, Start_Time, End_Time) VALUES (8164, 2116, 5133, '1985-06-15 14:25:00', '1985-06-15 15:08:00');
INSERT INTO Entity_Appearance (Appearance_ID, Entity_ID, Event_ID, Start_Time, End_Time) VALUES (8165, 2036, 5421, '1983-11-23 22:07:33', '1983-11-23 23:03:33');
INSERT INTO Entity_Appearance (Appearance_ID, Entity_ID, Event_ID, Start_Time, End_Time) VALUES (8166, 2051, 5420, '1986-03-14 01:43:48', '1986-03-14 01:49:48');
INSERT INTO Entity_Appearance (Appearance_ID, Entity_ID, Event_ID, Start_Time, End_Time) VALUES (8167, 2060, 5334, '1985-08-19 12:55:43', '1985-08-19 13:19:43');
INSERT INTO Entity_Appearance (Appearance_ID, Entity_ID, Event_ID, Start_Time, End_Time) VALUES (8168, 2110, 5203, '1987-03-03 22:36:06', '1987-03-03 23:10:06');
INSERT INTO Entity_Appearance (Appearance_ID, Entity_ID, Event_ID, Start_Time, End_Time) VALUES (8169, 2092, 5383, '1983-05-22 21:13:25', '1983-05-22 22:18:25');
INSERT INTO Entity_Appearance (Appearance_ID, Entity_ID, Event_ID, Start_Time, End_Time) VALUES (8170, 2029, 5264, '1984-03-26 00:49:32', '1984-03-26 02:04:32');
INSERT INTO Entity_Appearance (Appearance_ID, Entity_ID, Event_ID, Start_Time, End_Time) VALUES (8171, 2096, 5239, '1983-12-06 08:41:29', '1983-12-06 09:45:29');
INSERT INTO Entity_Appearance (Appearance_ID, Entity_ID, Event_ID, Start_Time, End_Time) VALUES (8172, 2043, 5405, '1987-01-14 18:22:35', '1987-01-14 19:07:35');
INSERT INTO Entity_Appearance (Appearance_ID, Entity_ID, Event_ID, Start_Time, End_Time) VALUES (8173, 2108, 5096, '1986-05-15 12:00:37', '1986-05-15 12:58:37');
INSERT INTO Entity_Appearance (Appearance_ID, Entity_ID, Event_ID, Start_Time, End_Time) VALUES (8174, 2026, 5224, '1986-08-17 15:50:46', '1986-08-17 17:06:46');
INSERT INTO Entity_Appearance (Appearance_ID, Entity_ID, Event_ID, Start_Time, End_Time) VALUES (8175, 2003, 5191, '1985-07-21 17:57:10', '1985-07-21 19:15:10');
INSERT INTO Entity_Appearance (Appearance_ID, Entity_ID, Event_ID, Start_Time, End_Time) VALUES (8176, 2111, 5065, '1985-05-28 17:36:36', '1985-05-28 17:42:36');
INSERT INTO Entity_Appearance (Appearance_ID, Entity_ID, Event_ID, Start_Time, End_Time) VALUES (8177, 2063, 5414, '1987-10-26 04:13:35', '1987-10-26 05:03:35');
INSERT INTO Entity_Appearance (Appearance_ID, Entity_ID, Event_ID, Start_Time, End_Time) VALUES (8178, 2043, 5115, '1984-02-08 20:40:20', '1984-02-08 21:39:20');
INSERT INTO Entity_Appearance (Appearance_ID, Entity_ID, Event_ID, Start_Time, End_Time) VALUES (8179, 2087, 5385, '1985-01-21 19:40:20', '1985-01-21 20:53:20');
INSERT INTO Entity_Appearance (Appearance_ID, Entity_ID, Event_ID, Start_Time, End_Time) VALUES (8180, 2038, 5166, '1987-10-18 16:59:56', '1987-10-18 17:06:56');
INSERT INTO Entity_Appearance (Appearance_ID, Entity_ID, Event_ID, Start_Time, End_Time) VALUES (8181, 2072, 5402, '1986-08-01 14:38:15', '1986-08-01 15:00:15');
INSERT INTO Entity_Appearance (Appearance_ID, Entity_ID, Event_ID, Start_Time, End_Time) VALUES (8182, 2019, 5169, '1983-12-17 04:47:53', '1983-12-17 06:05:53');
INSERT INTO Entity_Appearance (Appearance_ID, Entity_ID, Event_ID, Start_Time, End_Time) VALUES (8183, 2110, 5200, '1985-10-11 17:40:03', '1985-10-11 18:11:03');
INSERT INTO Entity_Appearance (Appearance_ID, Entity_ID, Event_ID, Start_Time, End_Time) VALUES (8184, 2050, 5032, '1983-05-26 21:36:38', '1983-05-26 22:30:38');
INSERT INTO Entity_Appearance (Appearance_ID, Entity_ID, Event_ID, Start_Time, End_Time) VALUES (8185, 2024, 5243, '1985-08-01 15:12:41', '1985-08-01 15:59:41');
INSERT INTO Entity_Appearance (Appearance_ID, Entity_ID, Event_ID, Start_Time, End_Time) VALUES (8186, 2072, 5231, '1983-01-06 14:45:30', '1983-01-06 15:28:30');
INSERT INTO Entity_Appearance (Appearance_ID, Entity_ID, Event_ID, Start_Time, End_Time) VALUES (8187, 2011, 5087, '1986-12-25 11:26:54', '1986-12-25 12:41:54');
INSERT INTO Entity_Appearance (Appearance_ID, Entity_ID, Event_ID, Start_Time, End_Time) VALUES (8188, 2022, 5016, '1987-07-08 17:16:50', '1987-07-08 18:23:50');
INSERT INTO Entity_Appearance (Appearance_ID, Entity_ID, Event_ID, Start_Time, End_Time) VALUES (8189, 2003, 5095, '1983-02-06 10:20:20', '1983-02-06 10:33:20');
INSERT INTO Entity_Appearance (Appearance_ID, Entity_ID, Event_ID, Start_Time, End_Time) VALUES (8190, 2116, 5197, '1985-01-19 09:49:57', '1985-01-19 10:20:57');
INSERT INTO Entity_Appearance (Appearance_ID, Entity_ID, Event_ID, Start_Time, End_Time) VALUES (8191, 2029, 5149, '1987-08-20 23:30:44', '1987-08-21 00:42:44');
INSERT INTO Entity_Appearance (Appearance_ID, Entity_ID, Event_ID, Start_Time, End_Time) VALUES (8192, 2008, 5232, '1984-07-22 22:25:30', '1984-07-22 23:17:30');
INSERT INTO Entity_Appearance (Appearance_ID, Entity_ID, Event_ID, Start_Time, End_Time) VALUES (8193, 2066, 5005, '1986-02-09 19:17:12', '1986-02-09 20:03:12');
INSERT INTO Entity_Appearance (Appearance_ID, Entity_ID, Event_ID, Start_Time, End_Time) VALUES (8194, 2110, 5210, '1983-10-20 14:32:35', '1983-10-20 14:57:35');
INSERT INTO Entity_Appearance (Appearance_ID, Entity_ID, Event_ID, Start_Time, End_Time) VALUES (8195, 2014, 5066, '1986-09-26 17:47:11', '1986-09-26 18:45:11');
INSERT INTO Entity_Appearance (Appearance_ID, Entity_ID, Event_ID, Start_Time, End_Time) VALUES (8196, 2061, 5380, '1987-08-15 15:09:54', '1987-08-15 16:03:54');
INSERT INTO Entity_Appearance (Appearance_ID, Entity_ID, Event_ID, Start_Time, End_Time) VALUES (8197, 2115, 5443, '1987-03-01 08:56:13', '1987-03-01 09:17:13');
INSERT INTO Entity_Appearance (Appearance_ID, Entity_ID, Event_ID, Start_Time, End_Time) VALUES (8198, 2111, 5105, '1987-04-26 00:44:23', '1987-04-26 01:44:23');
INSERT INTO Entity_Appearance (Appearance_ID, Entity_ID, Event_ID, Start_Time, End_Time) VALUES (8199, 2104, 5363, '1984-11-10 10:57:05', '1984-11-10 12:02:05');
INSERT INTO Entity_Appearance (Appearance_ID, Entity_ID, Event_ID, Start_Time, End_Time) VALUES (8200, 2020, 5309, '1987-06-27 04:18:08', '1987-06-27 05:02:08');
INSERT INTO Entity_Appearance (Appearance_ID, Entity_ID, Event_ID, Start_Time, End_Time) VALUES (8201, 2075, 5103, '1986-05-12 13:32:09', '1986-05-12 14:35:09');
INSERT INTO Entity_Appearance (Appearance_ID, Entity_ID, Event_ID, Start_Time, End_Time) VALUES (8202, 2035, 5103, '1986-05-12 13:16:09', '1986-05-12 13:39:09');
INSERT INTO Entity_Appearance (Appearance_ID, Entity_ID, Event_ID, Start_Time, End_Time) VALUES (8203, 2057, 5032, '1983-05-26 21:45:38', '1983-05-26 22:41:38');
INSERT INTO Entity_Appearance (Appearance_ID, Entity_ID, Event_ID, Start_Time, End_Time) VALUES (8204, 2077, 5413, '1987-11-04 22:10:59', '1987-11-04 23:22:59');
INSERT INTO Entity_Appearance (Appearance_ID, Entity_ID, Event_ID, Start_Time, End_Time) VALUES (8205, 2042, 5291, '1987-03-18 09:35:58', '1987-03-18 10:42:58');
INSERT INTO Entity_Appearance (Appearance_ID, Entity_ID, Event_ID, Start_Time, End_Time) VALUES (8206, 2058, 5236, '1983-02-01 13:24:33', '1983-02-01 13:34:33');
INSERT INTO Entity_Appearance (Appearance_ID, Entity_ID, Event_ID, Start_Time, End_Time) VALUES (8207, 2094, 5046, '1984-10-22 05:57:32', '1984-10-22 07:00:32');
INSERT INTO Entity_Appearance (Appearance_ID, Entity_ID, Event_ID, Start_Time, End_Time) VALUES (8208, 2044, 5358, '1983-09-28 08:20:28', '1983-09-28 09:03:28');
INSERT INTO Entity_Appearance (Appearance_ID, Entity_ID, Event_ID, Start_Time, End_Time) VALUES (8209, 2050, 5313, '1983-04-05 22:35:44', '1983-04-05 23:02:44');
INSERT INTO Entity_Appearance (Appearance_ID, Entity_ID, Event_ID, Start_Time, End_Time) VALUES (8210, 2053, 5127, '1983-06-19 00:01:26', '1983-06-19 01:01:26');
INSERT INTO Entity_Appearance (Appearance_ID, Entity_ID, Event_ID, Start_Time, End_Time) VALUES (8211, 2058, 5196, '1987-02-01 10:28:02', '1987-02-01 10:56:02');
INSERT INTO Entity_Appearance (Appearance_ID, Entity_ID, Event_ID, Start_Time, End_Time) VALUES (8212, 2089, 5291, '1987-03-18 09:10:58', '1987-03-18 10:05:58');
INSERT INTO Entity_Appearance (Appearance_ID, Entity_ID, Event_ID, Start_Time, End_Time) VALUES (8213, 2089, 5022, '1984-09-03 16:17:26', '1984-09-03 16:42:26');
INSERT INTO Entity_Appearance (Appearance_ID, Entity_ID, Event_ID, Start_Time, End_Time) VALUES (8214, 2035, 5321, '1985-12-10 18:03:02', '1985-12-10 18:45:02');
INSERT INTO Entity_Appearance (Appearance_ID, Entity_ID, Event_ID, Start_Time, End_Time) VALUES (8215, 2085, 5034, '1985-01-18 17:31:07', '1985-01-18 18:03:07');
INSERT INTO Entity_Appearance (Appearance_ID, Entity_ID, Event_ID, Start_Time, End_Time) VALUES (8216, 2116, 5252, '1986-11-01 16:11:58', '1986-11-01 17:26:58');
INSERT INTO Entity_Appearance (Appearance_ID, Entity_ID, Event_ID, Start_Time, End_Time) VALUES (8217, 2015, 5188, '1986-08-26 01:43:08', '1986-08-26 02:01:08');
INSERT INTO Entity_Appearance (Appearance_ID, Entity_ID, Event_ID, Start_Time, End_Time) VALUES (8218, 2064, 5392, '1986-05-05 05:07:57', '1986-05-05 05:53:57');
INSERT INTO Entity_Appearance (Appearance_ID, Entity_ID, Event_ID, Start_Time, End_Time) VALUES (8219, 2052, 5230, '1984-11-15 23:45:10', '1984-11-16 00:22:10');
INSERT INTO Entity_Appearance (Appearance_ID, Entity_ID, Event_ID, Start_Time, End_Time) VALUES (8220, 2026, 5259, '1987-08-14 07:12:39', '1987-08-14 08:16:39');
INSERT INTO Entity_Appearance (Appearance_ID, Entity_ID, Event_ID, Start_Time, End_Time) VALUES (8221, 2003, 5037, '1983-09-15 20:55:04', '1983-09-15 21:59:04');
INSERT INTO Entity_Appearance (Appearance_ID, Entity_ID, Event_ID, Start_Time, End_Time) VALUES (8222, 2048, 5175, '1985-01-15 16:17:31', '1985-01-15 17:13:31');
INSERT INTO Entity_Appearance (Appearance_ID, Entity_ID, Event_ID, Start_Time, End_Time) VALUES (8223, 2109, 5099, '1986-05-08 07:59:18', '1986-05-08 08:08:18');
INSERT INTO Entity_Appearance (Appearance_ID, Entity_ID, Event_ID, Start_Time, End_Time) VALUES (8224, 2001, 5128, '1983-05-03 06:36:06', '1983-05-03 06:58:06');
INSERT INTO Entity_Appearance (Appearance_ID, Entity_ID, Event_ID, Start_Time, End_Time) VALUES (8225, 2041, 5343, '1985-02-21 09:55:51', '1985-02-21 10:59:51');
INSERT INTO Entity_Appearance (Appearance_ID, Entity_ID, Event_ID, Start_Time, End_Time) VALUES (8226, 2062, 5236, '1983-02-01 13:08:33', '1983-02-01 13:23:33');
INSERT INTO Entity_Appearance (Appearance_ID, Entity_ID, Event_ID, Start_Time, End_Time) VALUES (8227, 2070, 5336, '1986-06-02 21:22:15', '1986-06-02 22:23:15');
INSERT INTO Entity_Appearance (Appearance_ID, Entity_ID, Event_ID, Start_Time, End_Time) VALUES (8228, 2017, 5241, '1985-03-15 02:57:59', '1985-03-15 03:37:59');
INSERT INTO Entity_Appearance (Appearance_ID, Entity_ID, Event_ID, Start_Time, End_Time) VALUES (8229, 2107, 5082, '1986-10-01 17:07:54', '1986-10-01 17:14:54');
INSERT INTO Entity_Appearance (Appearance_ID, Entity_ID, Event_ID, Start_Time, End_Time) VALUES (8230, 2077, 5051, '1985-08-26 16:01:38', '1985-08-26 16:43:38');
INSERT INTO Entity_Appearance (Appearance_ID, Entity_ID, Event_ID, Start_Time, End_Time) VALUES (8231, 2015, 5273, '1983-08-16 07:28:35', '1983-08-16 08:23:35');
INSERT INTO Entity_Appearance (Appearance_ID, Entity_ID, Event_ID, Start_Time, End_Time) VALUES (8232, 2021, 5039, '1985-08-15 11:00:42', '1985-08-15 11:06:42');
INSERT INTO Entity_Appearance (Appearance_ID, Entity_ID, Event_ID, Start_Time, End_Time) VALUES (8233, 2086, 5139, '1983-04-24 20:58:38', '1983-04-24 21:59:38');
INSERT INTO Entity_Appearance (Appearance_ID, Entity_ID, Event_ID, Start_Time, End_Time) VALUES (8234, 2045, 5091, '1985-08-27 20:12:28', '1985-08-27 20:21:28');
INSERT INTO Entity_Appearance (Appearance_ID, Entity_ID, Event_ID, Start_Time, End_Time) VALUES (8235, 2114, 5345, '1984-10-16 06:59:52', '1984-10-16 07:31:52');
INSERT INTO Entity_Appearance (Appearance_ID, Entity_ID, Event_ID, Start_Time, End_Time) VALUES (8236, 2056, 5356, '1984-06-16 22:24:52', '1984-06-16 23:35:52');
INSERT INTO Entity_Appearance (Appearance_ID, Entity_ID, Event_ID, Start_Time, End_Time) VALUES (8237, 2082, 5339, '1985-10-04 15:28:44', '1985-10-04 15:46:44');
INSERT INTO Entity_Appearance (Appearance_ID, Entity_ID, Event_ID, Start_Time, End_Time) VALUES (8238, 2049, 5353, '1987-05-16 02:24:38', '1987-05-16 03:25:38');
INSERT INTO Entity_Appearance (Appearance_ID, Entity_ID, Event_ID, Start_Time, End_Time) VALUES (8239, 2006, 5306, '1984-10-02 04:20:29', '1984-10-02 04:31:29');
INSERT INTO Entity_Appearance (Appearance_ID, Entity_ID, Event_ID, Start_Time, End_Time) VALUES (8240, 2098, 5193, '1985-04-17 09:35:07', '1985-04-17 10:05:07');
INSERT INTO Entity_Appearance (Appearance_ID, Entity_ID, Event_ID, Start_Time, End_Time) VALUES (8241, 2118, 5127, '1983-06-19 00:07:26', '1983-06-19 00:42:26');
INSERT INTO Entity_Appearance (Appearance_ID, Entity_ID, Event_ID, Start_Time, End_Time) VALUES (8242, 2025, 5046, '1984-10-22 05:48:32', '1984-10-22 06:46:32');
INSERT INTO Entity_Appearance (Appearance_ID, Entity_ID, Event_ID, Start_Time, End_Time) VALUES (8243, 2003, 5007, '1987-03-16 00:43:47', '1987-03-16 01:12:47');
INSERT INTO Entity_Appearance (Appearance_ID, Entity_ID, Event_ID, Start_Time, End_Time) VALUES (8244, 2087, 5342, '1983-12-28 18:08:37', '1983-12-28 18:41:37');
INSERT INTO Entity_Appearance (Appearance_ID, Entity_ID, Event_ID, Start_Time, End_Time) VALUES (8245, 2112, 5049, '1987-11-27 09:18:47', '1987-11-27 09:44:47');
INSERT INTO Entity_Appearance (Appearance_ID, Entity_ID, Event_ID, Start_Time, End_Time) VALUES (8246, 2092, 5085, '1987-08-11 22:01:00', '1987-08-11 22:59:00');
INSERT INTO Entity_Appearance (Appearance_ID, Entity_ID, Event_ID, Start_Time, End_Time) VALUES (8247, 2065, 5055, '1984-01-06 09:25:11', '1984-01-06 10:11:11');
INSERT INTO Entity_Appearance (Appearance_ID, Entity_ID, Event_ID, Start_Time, End_Time) VALUES (8248, 2041, 5287, '1987-09-15 14:39:36', '1987-09-15 15:08:36');
INSERT INTO Entity_Appearance (Appearance_ID, Entity_ID, Event_ID, Start_Time, End_Time) VALUES (8249, 2079, 5106, '1986-07-08 08:34:27', '1986-07-08 09:48:27');
INSERT INTO Entity_Appearance (Appearance_ID, Entity_ID, Event_ID, Start_Time, End_Time) VALUES (8250, 2050, 5219, '1986-10-06 14:35:27', '1986-10-06 15:09:27');
INSERT INTO Entity_Appearance (Appearance_ID, Entity_ID, Event_ID, Start_Time, End_Time) VALUES (8251, 2027, 5054, '1986-01-08 01:19:36', '1986-01-08 02:05:36');
INSERT INTO Entity_Appearance (Appearance_ID, Entity_ID, Event_ID, Start_Time, End_Time) VALUES (8252, 2022, 5007, '1987-03-16 00:45:47', '1987-03-16 01:30:47');
INSERT INTO Entity_Appearance (Appearance_ID, Entity_ID, Event_ID, Start_Time, End_Time) VALUES (8253, 2001, 5199, '1984-09-12 17:26:17', '1984-09-12 18:29:17');
INSERT INTO Entity_Appearance (Appearance_ID, Entity_ID, Event_ID, Start_Time, End_Time) VALUES (8254, 2028, 5033, '1983-08-06 17:35:08', '1983-08-06 18:15:08');
INSERT INTO Entity_Appearance (Appearance_ID, Entity_ID, Event_ID, Start_Time, End_Time) VALUES (8255, 2083, 5319, '1983-04-17 22:41:23', '1983-04-17 22:51:23');
INSERT INTO Entity_Appearance (Appearance_ID, Entity_ID, Event_ID, Start_Time, End_Time) VALUES (8256, 2008, 5111, '1984-01-09 12:17:34', '1984-01-09 13:00:34');
INSERT INTO Entity_Appearance (Appearance_ID, Entity_ID, Event_ID, Start_Time, End_Time) VALUES (8257, 2098, 5306, '1984-10-02 04:35:29', '1984-10-02 04:53:29');
INSERT INTO Entity_Appearance (Appearance_ID, Entity_ID, Event_ID, Start_Time, End_Time) VALUES (8258, 2091, 5274, '1984-11-03 00:55:42', '1984-11-03 02:12:42');
INSERT INTO Entity_Appearance (Appearance_ID, Entity_ID, Event_ID, Start_Time, End_Time) VALUES (8259, 2021, 5128, '1983-05-03 07:03:06', '1983-05-03 07:20:06');
INSERT INTO Entity_Appearance (Appearance_ID, Entity_ID, Event_ID, Start_Time, End_Time) VALUES (8260, 2076, 5166, '1987-10-18 17:01:56', '1987-10-18 17:55:56');
INSERT INTO Entity_Appearance (Appearance_ID, Entity_ID, Event_ID, Start_Time, End_Time) VALUES (8261, 2086, 5394, '1985-05-19 03:11:32', '1985-05-19 03:33:32');
INSERT INTO Entity_Appearance (Appearance_ID, Entity_ID, Event_ID, Start_Time, End_Time) VALUES (8262, 2042, 5089, '1984-08-26 00:31:26', '1984-08-26 01:16:26');
INSERT INTO Entity_Appearance (Appearance_ID, Entity_ID, Event_ID, Start_Time, End_Time) VALUES (8263, 2108, 5341, '1987-04-10 08:18:19', '1987-04-10 08:31:19');
INSERT INTO Entity_Appearance (Appearance_ID, Entity_ID, Event_ID, Start_Time, End_Time) VALUES (8264, 2042, 5009, '1985-09-13 13:57:58', '1985-09-13 15:16:58');
INSERT INTO Entity_Appearance (Appearance_ID, Entity_ID, Event_ID, Start_Time, End_Time) VALUES (8265, 2057, 5195, '1984-02-27 16:59:08', '1984-02-27 17:33:08');
INSERT INTO Entity_Appearance (Appearance_ID, Entity_ID, Event_ID, Start_Time, End_Time) VALUES (8266, 2064, 5300, '1987-06-03 19:10:24', '1987-06-03 19:16:24');
INSERT INTO Entity_Appearance (Appearance_ID, Entity_ID, Event_ID, Start_Time, End_Time) VALUES (8267, 2029, 5010, '1986-03-05 13:57:44', '1986-03-05 14:17:44');
INSERT INTO Entity_Appearance (Appearance_ID, Entity_ID, Event_ID, Start_Time, End_Time) VALUES (8268, 2039, 5121, '1987-03-03 16:32:28', '1987-03-03 17:31:28');
INSERT INTO Entity_Appearance (Appearance_ID, Entity_ID, Event_ID, Start_Time, End_Time) VALUES (8269, 2096, 5124, '1983-02-17 21:23:02', '1983-02-17 21:38:02');
INSERT INTO Entity_Appearance (Appearance_ID, Entity_ID, Event_ID, Start_Time, End_Time) VALUES (8270, 2007, 5070, '1984-06-03 19:13:46', '1984-06-03 20:21:46');
INSERT INTO Entity_Appearance (Appearance_ID, Entity_ID, Event_ID, Start_Time, End_Time) VALUES (8271, 2037, 5103, '1986-05-12 13:20:09', '1986-05-12 14:13:09');
INSERT INTO Entity_Appearance (Appearance_ID, Entity_ID, Event_ID, Start_Time, End_Time) VALUES (8272, 2026, 5328, '1983-02-24 01:54:04', '1983-02-24 02:29:04');
INSERT INTO Entity_Appearance (Appearance_ID, Entity_ID, Event_ID, Start_Time, End_Time) VALUES (8273, 2118, 5371, '1984-06-19 22:00:29', '1984-06-19 23:01:29');
INSERT INTO Entity_Appearance (Appearance_ID, Entity_ID, Event_ID, Start_Time, End_Time) VALUES (8274, 2094, 5449, '1987-07-03 15:11:26', '1987-07-03 15:33:26');
INSERT INTO Entity_Appearance (Appearance_ID, Entity_ID, Event_ID, Start_Time, End_Time) VALUES (8275, 2035, 5162, '1986-03-17 19:50:45', '1986-03-17 20:00:45');
INSERT INTO Entity_Appearance (Appearance_ID, Entity_ID, Event_ID, Start_Time, End_Time) VALUES (8276, 2066, 5405, '1987-01-14 18:33:35', '1987-01-14 19:14:35');
INSERT INTO Entity_Appearance (Appearance_ID, Entity_ID, Event_ID, Start_Time, End_Time) VALUES (8277, 2096, 5012, '1984-09-18 22:47:20', '1984-09-18 23:34:20');
INSERT INTO Entity_Appearance (Appearance_ID, Entity_ID, Event_ID, Start_Time, End_Time) VALUES (8278, 2043, 5124, '1983-02-17 21:10:02', '1983-02-17 22:24:02');
INSERT INTO Entity_Appearance (Appearance_ID, Entity_ID, Event_ID, Start_Time, End_Time) VALUES (8279, 2006, 5340, '1984-10-10 11:34:12', '1984-10-10 12:07:12');
INSERT INTO Entity_Appearance (Appearance_ID, Entity_ID, Event_ID, Start_Time, End_Time) VALUES (8280, 2077, 5446, '1983-03-10 13:55:10', '1983-03-10 15:06:10');
INSERT INTO Entity_Appearance (Appearance_ID, Entity_ID, Event_ID, Start_Time, End_Time) VALUES (8281, 2041, 5093, '1984-05-12 10:57:32', '1984-05-12 11:02:32');
INSERT INTO Entity_Appearance (Appearance_ID, Entity_ID, Event_ID, Start_Time, End_Time) VALUES (8282, 2008, 5445, '1987-06-13 08:20:07', '1987-06-13 08:33:07');
INSERT INTO Entity_Appearance (Appearance_ID, Entity_ID, Event_ID, Start_Time, End_Time) VALUES (8283, 2024, 5026, '1985-09-26 16:48:31', '1985-09-26 17:11:31');
INSERT INTO Entity_Appearance (Appearance_ID, Entity_ID, Event_ID, Start_Time, End_Time) VALUES (8284, 2026, 5064, '1983-09-01 12:43:13', '1983-09-01 13:10:13');
INSERT INTO Entity_Appearance (Appearance_ID, Entity_ID, Event_ID, Start_Time, End_Time) VALUES (8285, 2075, 5281, '1987-11-14 08:29:04', '1987-11-14 09:00:04');
INSERT INTO Entity_Appearance (Appearance_ID, Entity_ID, Event_ID, Start_Time, End_Time) VALUES (8286, 2030, 5259, '1987-08-14 07:13:39', '1987-08-14 08:12:39');
INSERT INTO Entity_Appearance (Appearance_ID, Entity_ID, Event_ID, Start_Time, End_Time) VALUES (8287, 2092, 5239, '1983-12-06 08:27:29', '1983-12-06 08:53:29');
INSERT INTO Entity_Appearance (Appearance_ID, Entity_ID, Event_ID, Start_Time, End_Time) VALUES (8288, 2092, 5101, '1987-08-05 22:41:11', '1987-08-05 23:40:11');
INSERT INTO Entity_Appearance (Appearance_ID, Entity_ID, Event_ID, Start_Time, End_Time) VALUES (8289, 2022, 5310, '1984-02-07 04:39:14', '1984-02-07 05:22:14');
INSERT INTO Entity_Appearance (Appearance_ID, Entity_ID, Event_ID, Start_Time, End_Time) VALUES (8290, 2036, 5295, '1983-10-21 06:51:33', '1983-10-21 07:21:33');
INSERT INTO Entity_Appearance (Appearance_ID, Entity_ID, Event_ID, Start_Time, End_Time) VALUES (8291, 2034, 5441, '1984-12-01 19:05:50', '1984-12-01 20:11:50');
INSERT INTO Entity_Appearance (Appearance_ID, Entity_ID, Event_ID, Start_Time, End_Time) VALUES (8292, 2010, 5184, '1987-04-23 09:24:00', '1987-04-23 10:17:00');
INSERT INTO Entity_Appearance (Appearance_ID, Entity_ID, Event_ID, Start_Time, End_Time) VALUES (8293, 2021, 5241, '1985-03-15 02:45:59', '1985-03-15 03:44:59');
INSERT INTO Entity_Appearance (Appearance_ID, Entity_ID, Event_ID, Start_Time, End_Time) VALUES (8294, 2064, 5312, '1985-03-27 15:19:38', '1985-03-27 16:19:38');
INSERT INTO Entity_Appearance (Appearance_ID, Entity_ID, Event_ID, Start_Time, End_Time) VALUES (8295, 2097, 5079, '1985-04-10 02:51:43', '1985-04-10 03:57:43');
INSERT INTO Entity_Appearance (Appearance_ID, Entity_ID, Event_ID, Start_Time, End_Time) VALUES (8296, 2002, 5390, '1985-10-06 13:52:27', '1985-10-06 14:51:27');
INSERT INTO Entity_Appearance (Appearance_ID, Entity_ID, Event_ID, Start_Time, End_Time) VALUES (8297, 2109, 5042, '1984-11-20 03:17:17', '1984-11-20 04:00:17');
INSERT INTO Entity_Appearance (Appearance_ID, Entity_ID, Event_ID, Start_Time, End_Time) VALUES (8298, 2076, 5275, '1983-08-15 04:59:45', '1983-08-15 06:14:45');
INSERT INTO Entity_Appearance (Appearance_ID, Entity_ID, Event_ID, Start_Time, End_Time) VALUES (8299, 2093, 5089, '1984-08-26 00:19:26', '1984-08-26 01:12:26');
INSERT INTO Entity_Appearance (Appearance_ID, Entity_ID, Event_ID, Start_Time, End_Time) VALUES (8300, 2059, 5156, '1983-12-13 16:57:39', '1983-12-13 17:38:39');
INSERT INTO Entity_Appearance (Appearance_ID, Entity_ID, Event_ID, Start_Time, End_Time) VALUES (8301, 2048, 5287, '1987-09-15 14:38:36', '1987-09-15 15:44:36');
INSERT INTO Entity_Appearance (Appearance_ID, Entity_ID, Event_ID, Start_Time, End_Time) VALUES (8302, 2009, 5170, '1987-03-13 13:24:28', '1987-03-13 14:29:28');
INSERT INTO Entity_Appearance (Appearance_ID, Entity_ID, Event_ID, Start_Time, End_Time) VALUES (8303, 2025, 5079, '1985-04-10 02:54:43', '1985-04-10 03:23:43');
INSERT INTO Entity_Appearance (Appearance_ID, Entity_ID, Event_ID, Start_Time, End_Time) VALUES (8304, 2000, 5006, '1983-07-02 21:20:43', '1983-07-02 22:29:43');
INSERT INTO Entity_Appearance (Appearance_ID, Entity_ID, Event_ID, Start_Time, End_Time) VALUES (8305, 2093, 5371, '1984-06-19 21:52:29', '1984-06-19 22:59:29');
INSERT INTO Entity_Appearance (Appearance_ID, Entity_ID, Event_ID, Start_Time, End_Time) VALUES (8306, 2051, 5212, '1983-03-22 04:58:34', '1983-03-22 05:53:34');
INSERT INTO Entity_Appearance (Appearance_ID, Entity_ID, Event_ID, Start_Time, End_Time) VALUES (8307, 2095, 5191, '1985-07-21 18:05:10', '1985-07-21 19:12:10');
INSERT INTO Entity_Appearance (Appearance_ID, Entity_ID, Event_ID, Start_Time, End_Time) VALUES (8308, 2039, 5328, '1983-02-24 02:11:04', '1983-02-24 02:25:04');
INSERT INTO Entity_Appearance (Appearance_ID, Entity_ID, Event_ID, Start_Time, End_Time) VALUES (8309, 2052, 5019, '1987-02-13 01:56:17', '1987-02-13 02:16:17');
INSERT INTO Entity_Appearance (Appearance_ID, Entity_ID, Event_ID, Start_Time, End_Time) VALUES (8310, 2049, 5289, '1984-12-23 21:55:09', '1984-12-23 22:24:09');
INSERT INTO Entity_Appearance (Appearance_ID, Entity_ID, Event_ID, Start_Time, End_Time) VALUES (8311, 2097, 5223, '1983-11-21 18:21:37', '1983-11-21 18:58:37');
INSERT INTO Entity_Appearance (Appearance_ID, Entity_ID, Event_ID, Start_Time, End_Time) VALUES (8312, 2098, 5384, '1984-01-03 15:16:45', '1984-01-03 16:05:45');
INSERT INTO Entity_Appearance (Appearance_ID, Entity_ID, Event_ID, Start_Time, End_Time) VALUES (8313, 2065, 5363, '1984-11-10 10:51:05', '1984-11-10 11:43:05');
INSERT INTO Entity_Appearance (Appearance_ID, Entity_ID, Event_ID, Start_Time, End_Time) VALUES (8314, 2089, 5029, '1984-01-15 22:41:02', '1984-01-15 23:35:02');
INSERT INTO Entity_Appearance (Appearance_ID, Entity_ID, Event_ID, Start_Time, End_Time) VALUES (8315, 2118, 5217, '1986-06-27 13:32:18', '1986-06-27 14:08:18');
INSERT INTO Entity_Appearance (Appearance_ID, Entity_ID, Event_ID, Start_Time, End_Time) VALUES (8316, 2031, 5244, '1986-10-01 16:46:49', '1986-10-01 17:37:49');
INSERT INTO Entity_Appearance (Appearance_ID, Entity_ID, Event_ID, Start_Time, End_Time) VALUES (8317, 2080, 5361, '1983-03-23 08:53:04', '1983-03-23 09:01:04');
INSERT INTO Entity_Appearance (Appearance_ID, Entity_ID, Event_ID, Start_Time, End_Time) VALUES (8318, 2089, 5340, '1984-10-10 11:47:12', '1984-10-10 12:10:12');
INSERT INTO Entity_Appearance (Appearance_ID, Entity_ID, Event_ID, Start_Time, End_Time) VALUES (8319, 2033, 5309, '1987-06-27 04:14:08', '1987-06-27 04:37:08');
INSERT INTO Entity_Appearance (Appearance_ID, Entity_ID, Event_ID, Start_Time, End_Time) VALUES (8320, 2032, 5126, '1984-10-23 02:19:59', '1984-10-23 03:38:59');
INSERT INTO Entity_Appearance (Appearance_ID, Entity_ID, Event_ID, Start_Time, End_Time) VALUES (8321, 2084, 5430, '1983-06-17 18:17:52', '1983-06-17 18:23:52');
INSERT INTO Entity_Appearance (Appearance_ID, Entity_ID, Event_ID, Start_Time, End_Time) VALUES (8322, 2014, 5394, '1985-05-19 02:51:32', '1985-05-19 03:45:32');
INSERT INTO Entity_Appearance (Appearance_ID, Entity_ID, Event_ID, Start_Time, End_Time) VALUES (8323, 2050, 5361, '1983-03-23 08:50:04', '1983-03-23 09:05:04');
INSERT INTO Entity_Appearance (Appearance_ID, Entity_ID, Event_ID, Start_Time, End_Time) VALUES (8324, 2066, 5096, '1986-05-15 12:15:37', '1986-05-15 13:14:37');
INSERT INTO Entity_Appearance (Appearance_ID, Entity_ID, Event_ID, Start_Time, End_Time) VALUES (8325, 2021, 5424, '1986-04-10 02:15:34', '1986-04-10 02:52:34');
INSERT INTO Entity_Appearance (Appearance_ID, Entity_ID, Event_ID, Start_Time, End_Time) VALUES (8326, 2088, 5154, '1983-06-22 11:38:40', '1983-06-22 12:51:40');
INSERT INTO Entity_Appearance (Appearance_ID, Entity_ID, Event_ID, Start_Time, End_Time) VALUES (8327, 2084, 5195, '1984-02-27 17:01:08', '1984-02-27 17:45:08');
INSERT INTO Entity_Appearance (Appearance_ID, Entity_ID, Event_ID, Start_Time, End_Time) VALUES (8328, 2093, 5210, '1983-10-20 14:44:35', '1983-10-20 15:00:35');
INSERT INTO Entity_Appearance (Appearance_ID, Entity_ID, Event_ID, Start_Time, End_Time) VALUES (8329, 2013, 5325, '1985-04-20 12:25:14', '1985-04-20 13:14:14');
INSERT INTO Entity_Appearance (Appearance_ID, Entity_ID, Event_ID, Start_Time, End_Time) VALUES (8330, 2104, 5073, '1984-02-09 12:30:42', '1984-02-09 13:01:42');
INSERT INTO Entity_Appearance (Appearance_ID, Entity_ID, Event_ID, Start_Time, End_Time) VALUES (8331, 2119, 5383, '1983-05-22 21:19:25', '1983-05-22 22:03:25');
INSERT INTO Entity_Appearance (Appearance_ID, Entity_ID, Event_ID, Start_Time, End_Time) VALUES (8332, 2000, 5086, '1985-03-18 08:41:17', '1985-03-18 09:48:17');
INSERT INTO Entity_Appearance (Appearance_ID, Entity_ID, Event_ID, Start_Time, End_Time) VALUES (8333, 2000, 5049, '1987-11-27 08:55:47', '1987-11-27 09:53:47');
INSERT INTO Entity_Appearance (Appearance_ID, Entity_ID, Event_ID, Start_Time, End_Time) VALUES (8334, 2067, 5213, '1985-05-19 21:39:58', '1985-05-19 22:20:58');
INSERT INTO Entity_Appearance (Appearance_ID, Entity_ID, Event_ID, Start_Time, End_Time) VALUES (8335, 2093, 5220, '1983-10-16 23:20:45', '1983-10-16 23:47:45');
INSERT INTO Entity_Appearance (Appearance_ID, Entity_ID, Event_ID, Start_Time, End_Time) VALUES (8336, 2047, 5095, '1983-02-06 10:36:20', '1983-02-06 10:58:20');
INSERT INTO Entity_Appearance (Appearance_ID, Entity_ID, Event_ID, Start_Time, End_Time) VALUES (8337, 2025, 5249, '1987-04-16 12:09:50', '1987-04-16 13:18:50');
INSERT INTO Entity_Appearance (Appearance_ID, Entity_ID, Event_ID, Start_Time, End_Time) VALUES (8338, 2014, 5230, '1984-11-15 23:58:10', '1984-11-16 00:30:10');
INSERT INTO Entity_Appearance (Appearance_ID, Entity_ID, Event_ID, Start_Time, End_Time) VALUES (8339, 2023, 5102, '1987-07-17 20:41:34', '1987-07-17 21:09:34');
INSERT INTO Entity_Appearance (Appearance_ID, Entity_ID, Event_ID, Start_Time, End_Time) VALUES (8340, 2103, 5388, '1986-07-24 10:03:43', '1986-07-24 10:41:43');
INSERT INTO Entity_Appearance (Appearance_ID, Entity_ID, Event_ID, Start_Time, End_Time) VALUES (8341, 2115, 5446, '1983-03-10 13:56:10', '1983-03-10 14:57:10');
INSERT INTO Entity_Appearance (Appearance_ID, Entity_ID, Event_ID, Start_Time, End_Time) VALUES (8342, 2080, 5319, '1983-04-17 22:33:23', '1983-04-17 22:59:23');
INSERT INTO Entity_Appearance (Appearance_ID, Entity_ID, Event_ID, Start_Time, End_Time) VALUES (8343, 2010, 5150, '1984-01-10 06:52:44', '1984-01-10 07:45:44');
INSERT INTO Entity_Appearance (Appearance_ID, Entity_ID, Event_ID, Start_Time, End_Time) VALUES (8344, 2015, 5141, '1986-08-25 19:38:32', '1986-08-25 20:26:32');
INSERT INTO Entity_Appearance (Appearance_ID, Entity_ID, Event_ID, Start_Time, End_Time) VALUES (8345, 2003, 5299, '1986-12-14 05:00:37', '1986-12-14 06:06:37');
INSERT INTO Entity_Appearance (Appearance_ID, Entity_ID, Event_ID, Start_Time, End_Time) VALUES (8346, 2062, 5344, '1985-10-17 15:06:48', '1985-10-17 15:23:48');
INSERT INTO Entity_Appearance (Appearance_ID, Entity_ID, Event_ID, Start_Time, End_Time) VALUES (8347, 2001, 5031, '1987-01-21 23:47:04', '1987-01-21 23:52:04');
INSERT INTO Entity_Appearance (Appearance_ID, Entity_ID, Event_ID, Start_Time, End_Time) VALUES (8348, 2085, 5298, '1986-09-03 07:11:56', '1986-09-03 07:21:56');
INSERT INTO Entity_Appearance (Appearance_ID, Entity_ID, Event_ID, Start_Time, End_Time) VALUES (8349, 2012, 5108, '1983-11-15 19:44:17', '1983-11-15 19:49:17');
INSERT INTO Entity_Appearance (Appearance_ID, Entity_ID, Event_ID, Start_Time, End_Time) VALUES (8350, 2048, 5308, '1987-03-18 11:11:20', '1987-03-18 11:50:20');
INSERT INTO Entity_Appearance (Appearance_ID, Entity_ID, Event_ID, Start_Time, End_Time) VALUES (8351, 2119, 5248, '1985-08-03 20:43:47', '1985-08-03 21:31:47');
INSERT INTO Entity_Appearance (Appearance_ID, Entity_ID, Event_ID, Start_Time, End_Time) VALUES (8352, 2077, 5219, '1986-10-06 14:42:27', '1986-10-06 15:34:27');
INSERT INTO Entity_Appearance (Appearance_ID, Entity_ID, Event_ID, Start_Time, End_Time) VALUES (8353, 2087, 5175, '1985-01-15 16:04:31', '1985-01-15 16:39:31');
INSERT INTO Entity_Appearance (Appearance_ID, Entity_ID, Event_ID, Start_Time, End_Time) VALUES (8354, 2046, 5340, '1984-10-10 11:39:12', '1984-10-10 12:32:12');
INSERT INTO Entity_Appearance (Appearance_ID, Entity_ID, Event_ID, Start_Time, End_Time) VALUES (8355, 2078, 5029, '1984-01-15 22:32:02', '1984-01-15 23:19:02');
INSERT INTO Entity_Appearance (Appearance_ID, Entity_ID, Event_ID, Start_Time, End_Time) VALUES (8356, 2103, 5051, '1985-08-26 15:56:38', '1985-08-26 16:59:38');
INSERT INTO Entity_Appearance (Appearance_ID, Entity_ID, Event_ID, Start_Time, End_Time) VALUES (8357, 2111, 5357, '1983-12-26 21:27:16', '1983-12-26 21:49:16');
INSERT INTO Entity_Appearance (Appearance_ID, Entity_ID, Event_ID, Start_Time, End_Time) VALUES (8358, 2003, 5308, '1987-03-18 10:58:20', '1987-03-18 12:10:20');
INSERT INTO Entity_Appearance (Appearance_ID, Entity_ID, Event_ID, Start_Time, End_Time) VALUES (8359, 2035, 5358, '1983-09-28 08:18:28', '1983-09-28 08:54:28');
INSERT INTO Entity_Appearance (Appearance_ID, Entity_ID, Event_ID, Start_Time, End_Time) VALUES (8360, 2047, 5231, '1983-01-06 14:44:30', '1983-01-06 15:49:30');
INSERT INTO Entity_Appearance (Appearance_ID, Entity_ID, Event_ID, Start_Time, End_Time) VALUES (8361, 2065, 5211, '1987-07-11 16:02:42', '1987-07-11 16:31:42');
INSERT INTO Entity_Appearance (Appearance_ID, Entity_ID, Event_ID, Start_Time, End_Time) VALUES (8362, 2000, 5326, '1987-10-09 20:55:22', '1987-10-09 21:41:22');
INSERT INTO Entity_Appearance (Appearance_ID, Entity_ID, Event_ID, Start_Time, End_Time) VALUES (8363, 2002, 5324, '1983-02-05 12:36:44', '1983-02-05 12:46:44');
INSERT INTO Entity_Appearance (Appearance_ID, Entity_ID, Event_ID, Start_Time, End_Time) VALUES (8364, 2103, 5376, '1987-07-05 08:17:20', '1987-07-05 09:18:20');
INSERT INTO Entity_Appearance (Appearance_ID, Entity_ID, Event_ID, Start_Time, End_Time) VALUES (8365, 2029, 5310, '1984-02-07 04:47:14', '1984-02-07 05:43:14');
INSERT INTO Entity_Appearance (Appearance_ID, Entity_ID, Event_ID, Start_Time, End_Time) VALUES (8366, 2094, 5313, '1983-04-05 22:34:44', '1983-04-05 22:49:44');
INSERT INTO Entity_Appearance (Appearance_ID, Entity_ID, Event_ID, Start_Time, End_Time) VALUES (8367, 2044, 5219, '1986-10-06 15:02:27', '1986-10-06 16:07:27');
INSERT INTO Entity_Appearance (Appearance_ID, Entity_ID, Event_ID, Start_Time, End_Time) VALUES (8368, 2084, 5438, '1985-10-15 11:12:24', '1985-10-15 11:29:24');
INSERT INTO Entity_Appearance (Appearance_ID, Entity_ID, Event_ID, Start_Time, End_Time) VALUES (8369, 2093, 5197, '1985-01-19 09:49:57', '1985-01-19 10:18:57');
INSERT INTO Entity_Appearance (Appearance_ID, Entity_ID, Event_ID, Start_Time, End_Time) VALUES (8370, 2091, 5073, '1984-02-09 12:49:42', '1984-02-09 14:00:42');
INSERT INTO Entity_Appearance (Appearance_ID, Entity_ID, Event_ID, Start_Time, End_Time) VALUES (8371, 2112, 5292, '1985-03-01 23:59:32', '1985-03-02 01:08:32');
INSERT INTO Entity_Appearance (Appearance_ID, Entity_ID, Event_ID, Start_Time, End_Time) VALUES (8372, 2004, 5065, '1985-05-28 17:42:36', '1985-05-28 17:58:36');
INSERT INTO Entity_Appearance (Appearance_ID, Entity_ID, Event_ID, Start_Time, End_Time) VALUES (8373, 2038, 5426, '1983-01-26 17:58:16', '1983-01-26 19:13:16');
INSERT INTO Entity_Appearance (Appearance_ID, Entity_ID, Event_ID, Start_Time, End_Time) VALUES (8374, 2111, 5239, '1983-12-06 08:23:29', '1983-12-06 09:25:29');
INSERT INTO Entity_Appearance (Appearance_ID, Entity_ID, Event_ID, Start_Time, End_Time) VALUES (8375, 2014, 5246, '1986-01-21 20:26:23', '1986-01-21 21:40:23');
INSERT INTO Entity_Appearance (Appearance_ID, Entity_ID, Event_ID, Start_Time, End_Time) VALUES (8376, 2030, 5124, '1983-02-17 21:10:02', '1983-02-17 21:36:02');
INSERT INTO Entity_Appearance (Appearance_ID, Entity_ID, Event_ID, Start_Time, End_Time) VALUES (8377, 2096, 5337, '1983-05-04 10:32:01', '1983-05-04 10:48:01');
INSERT INTO Entity_Appearance (Appearance_ID, Entity_ID, Event_ID, Start_Time, End_Time) VALUES (8378, 2013, 5222, '1987-05-15 16:27:33', '1987-05-15 16:35:33');
INSERT INTO Entity_Appearance (Appearance_ID, Entity_ID, Event_ID, Start_Time, End_Time) VALUES (8379, 2020, 5167, '1983-04-17 17:53:47', '1983-04-17 18:47:47');
INSERT INTO Entity_Appearance (Appearance_ID, Entity_ID, Event_ID, Start_Time, End_Time) VALUES (8380, 2098, 5143, '1984-03-16 17:19:31', '1984-03-16 17:56:31');
INSERT INTO Entity_Appearance (Appearance_ID, Entity_ID, Event_ID, Start_Time, End_Time) VALUES (8381, 2085, 5243, '1985-08-01 15:39:41', '1985-08-01 15:59:41');
INSERT INTO Entity_Appearance (Appearance_ID, Entity_ID, Event_ID, Start_Time, End_Time) VALUES (8382, 2085, 5069, '1984-07-21 01:20:05', '1984-07-21 02:33:05');
INSERT INTO Entity_Appearance (Appearance_ID, Entity_ID, Event_ID, Start_Time, End_Time) VALUES (8383, 2081, 5371, '1984-06-19 21:56:29', '1984-06-19 22:12:29');
INSERT INTO Entity_Appearance (Appearance_ID, Entity_ID, Event_ID, Start_Time, End_Time) VALUES (8384, 2101, 5354, '1984-07-07 04:16:11', '1984-07-07 04:49:11');
INSERT INTO Entity_Appearance (Appearance_ID, Entity_ID, Event_ID, Start_Time, End_Time) VALUES (8385, 2119, 5294, '1984-11-18 03:43:01', '1984-11-18 03:56:01');
INSERT INTO Entity_Appearance (Appearance_ID, Entity_ID, Event_ID, Start_Time, End_Time) VALUES (8386, 2082, 5175, '1985-01-15 16:06:31', '1985-01-15 16:59:31');
INSERT INTO Entity_Appearance (Appearance_ID, Entity_ID, Event_ID, Start_Time, End_Time) VALUES (8387, 2083, 5328, '1983-02-24 02:18:04', '1983-02-24 03:34:04');
INSERT INTO Entity_Appearance (Appearance_ID, Entity_ID, Event_ID, Start_Time, End_Time) VALUES (8388, 2109, 5223, '1983-11-21 18:16:37', '1983-11-21 18:50:37');
INSERT INTO Entity_Appearance (Appearance_ID, Entity_ID, Event_ID, Start_Time, End_Time) VALUES (8389, 2028, 5132, '1986-11-14 23:23:38', '1986-11-15 00:05:38');
INSERT INTO Entity_Appearance (Appearance_ID, Entity_ID, Event_ID, Start_Time, End_Time) VALUES (8390, 2011, 5057, '1987-03-20 21:34:16', '1987-03-20 22:22:16');
INSERT INTO Entity_Appearance (Appearance_ID, Entity_ID, Event_ID, Start_Time, End_Time) VALUES (8391, 2094, 5303, '1986-02-21 22:26:18', '1986-02-21 22:55:18');
INSERT INTO Entity_Appearance (Appearance_ID, Entity_ID, Event_ID, Start_Time, End_Time) VALUES (8392, 2095, 5059, '1984-10-04 05:48:57', '1984-10-04 06:40:57');
INSERT INTO Entity_Appearance (Appearance_ID, Entity_ID, Event_ID, Start_Time, End_Time) VALUES (8393, 2016, 5436, '1985-05-16 01:00:09', '1985-05-16 01:53:09');
INSERT INTO Entity_Appearance (Appearance_ID, Entity_ID, Event_ID, Start_Time, End_Time) VALUES (8394, 2073, 5377, '1986-05-09 19:53:48', '1986-05-09 20:37:48');
INSERT INTO Entity_Appearance (Appearance_ID, Entity_ID, Event_ID, Start_Time, End_Time) VALUES (8395, 2007, 5302, '1985-10-10 15:52:47', '1985-10-10 16:21:47');
INSERT INTO Entity_Appearance (Appearance_ID, Entity_ID, Event_ID, Start_Time, End_Time) VALUES (8396, 2108, 5198, '1986-11-04 08:22:10', '1986-11-04 09:07:10');
INSERT INTO Entity_Appearance (Appearance_ID, Entity_ID, Event_ID, Start_Time, End_Time) VALUES (8397, 2098, 5186, '1985-05-26 02:44:19', '1985-05-26 03:05:19');
INSERT INTO Entity_Appearance (Appearance_ID, Entity_ID, Event_ID, Start_Time, End_Time) VALUES (8398, 2066, 5339, '1985-10-04 15:25:44', '1985-10-04 16:45:44');
INSERT INTO Entity_Appearance (Appearance_ID, Entity_ID, Event_ID, Start_Time, End_Time) VALUES (8399, 2028, 5054, '1986-01-08 01:20:36', '1986-01-08 01:26:36');
INSERT INTO Entity_Appearance (Appearance_ID, Entity_ID, Event_ID, Start_Time, End_Time) VALUES (8400, 2068, 5436, '1985-05-16 01:04:09', '1985-05-16 01:49:09');
INSERT INTO Entity_Appearance (Appearance_ID, Entity_ID, Event_ID, Start_Time, End_Time) VALUES (8401, 2018, 5417, '1984-02-09 12:15:48', '1984-02-09 12:57:48');
INSERT INTO Entity_Appearance (Appearance_ID, Entity_ID, Event_ID, Start_Time, End_Time) VALUES (8402, 2107, 5112, '1983-02-25 22:30:24', '1983-02-25 23:33:24');
INSERT INTO Entity_Appearance (Appearance_ID, Entity_ID, Event_ID, Start_Time, End_Time) VALUES (8403, 2018, 5307, '1985-01-10 09:42:40', '1985-01-10 10:05:40');
INSERT INTO Entity_Appearance (Appearance_ID, Entity_ID, Event_ID, Start_Time, End_Time) VALUES (8404, 2095, 5340, '1984-10-10 11:54:12', '1984-10-10 12:03:12');
INSERT INTO Entity_Appearance (Appearance_ID, Entity_ID, Event_ID, Start_Time, End_Time) VALUES (8405, 2076, 5163, '1984-04-02 13:57:00', '1984-04-02 15:06:00');
INSERT INTO Entity_Appearance (Appearance_ID, Entity_ID, Event_ID, Start_Time, End_Time) VALUES (8406, 2088, 5063, '1983-05-20 17:34:16', '1983-05-20 18:52:16');
INSERT INTO Entity_Appearance (Appearance_ID, Entity_ID, Event_ID, Start_Time, End_Time) VALUES (8407, 2061, 5323, '1986-11-12 05:26:43', '1986-11-12 05:58:43');
INSERT INTO Entity_Appearance (Appearance_ID, Entity_ID, Event_ID, Start_Time, End_Time) VALUES (8408, 2063, 5149, '1987-08-20 23:31:44', '1987-08-21 00:24:44');
INSERT INTO Entity_Appearance (Appearance_ID, Entity_ID, Event_ID, Start_Time, End_Time) VALUES (8409, 2007, 5414, '1987-10-26 04:02:35', '1987-10-26 04:26:35');
INSERT INTO Entity_Appearance (Appearance_ID, Entity_ID, Event_ID, Start_Time, End_Time) VALUES (8410, 2105, 5366, '1987-04-01 01:05:35', '1987-04-01 01:38:35');
INSERT INTO Entity_Appearance (Appearance_ID, Entity_ID, Event_ID, Start_Time, End_Time) VALUES (8411, 2089, 5376, '1987-07-05 08:08:20', '1987-07-05 08:35:20');
INSERT INTO Entity_Appearance (Appearance_ID, Entity_ID, Event_ID, Start_Time, End_Time) VALUES (8412, 2109, 5249, '1987-04-16 12:27:50', '1987-04-16 13:22:50');
INSERT INTO Entity_Appearance (Appearance_ID, Entity_ID, Event_ID, Start_Time, End_Time) VALUES (8413, 2038, 5417, '1984-02-09 12:06:48', '1984-02-09 12:31:48');
INSERT INTO Entity_Appearance (Appearance_ID, Entity_ID, Event_ID, Start_Time, End_Time) VALUES (8414, 2002, 5280, '1986-12-25 19:07:44', '1986-12-25 19:55:44');
INSERT INTO Entity_Appearance (Appearance_ID, Entity_ID, Event_ID, Start_Time, End_Time) VALUES (8415, 2054, 5347, '1985-07-14 11:10:53', '1985-07-14 11:59:53');
INSERT INTO Entity_Appearance (Appearance_ID, Entity_ID, Event_ID, Start_Time, End_Time) VALUES (8416, 2096, 5200, '1985-10-11 17:40:03', '1985-10-11 17:54:03');
INSERT INTO Entity_Appearance (Appearance_ID, Entity_ID, Event_ID, Start_Time, End_Time) VALUES (8417, 2067, 5372, '1986-11-07 22:33:45', '1986-11-07 23:14:45');
INSERT INTO Entity_Appearance (Appearance_ID, Entity_ID, Event_ID, Start_Time, End_Time) VALUES (8418, 2089, 5099, '1986-05-08 08:09:18', '1986-05-08 09:24:18');
INSERT INTO Entity_Appearance (Appearance_ID, Entity_ID, Event_ID, Start_Time, End_Time) VALUES (8419, 2050, 5049, '1987-11-27 08:57:47', '1987-11-27 09:43:47');
INSERT INTO Entity_Appearance (Appearance_ID, Entity_ID, Event_ID, Start_Time, End_Time) VALUES (8420, 2096, 5405, '1987-01-14 18:38:35', '1987-01-14 18:49:35');
INSERT INTO Entity_Appearance (Appearance_ID, Entity_ID, Event_ID, Start_Time, End_Time) VALUES (8421, 2108, 5363, '1984-11-10 10:45:05', '1984-11-10 11:48:05');
INSERT INTO Entity_Appearance (Appearance_ID, Entity_ID, Event_ID, Start_Time, End_Time) VALUES (8422, 2083, 5083, '1987-05-16 06:06:58', '1987-05-16 06:28:58');
INSERT INTO Entity_Appearance (Appearance_ID, Entity_ID, Event_ID, Start_Time, End_Time) VALUES (8423, 2056, 5356, '1984-06-16 22:38:52', '1984-06-16 23:20:52');
INSERT INTO Entity_Appearance (Appearance_ID, Entity_ID, Event_ID, Start_Time, End_Time) VALUES (8424, 2114, 5074, '1983-02-18 09:52:53', '1983-02-18 10:24:53');
INSERT INTO Entity_Appearance (Appearance_ID, Entity_ID, Event_ID, Start_Time, End_Time) VALUES (8425, 2102, 5383, '1983-05-22 21:13:25', '1983-05-22 21:19:25');
INSERT INTO Entity_Appearance (Appearance_ID, Entity_ID, Event_ID, Start_Time, End_Time) VALUES (8426, 2046, 5371, '1984-06-19 22:08:29', '1984-06-19 23:26:29');
INSERT INTO Entity_Appearance (Appearance_ID, Entity_ID, Event_ID, Start_Time, End_Time) VALUES (8427, 2013, 5347, '1985-07-14 11:20:53', '1985-07-14 11:43:53');
INSERT INTO Entity_Appearance (Appearance_ID, Entity_ID, Event_ID, Start_Time, End_Time) VALUES (8428, 2048, 5218, '1986-11-14 04:26:08', '1986-11-14 04:52:08');
INSERT INTO Entity_Appearance (Appearance_ID, Entity_ID, Event_ID, Start_Time, End_Time) VALUES (8429, 2118, 5028, '1986-02-07 17:56:44', '1986-02-07 18:46:44');
INSERT INTO Entity_Appearance (Appearance_ID, Entity_ID, Event_ID, Start_Time, End_Time) VALUES (8430, 2060, 5091, '1985-08-27 20:36:28', '1985-08-27 20:47:28');
INSERT INTO Entity_Appearance (Appearance_ID, Entity_ID, Event_ID, Start_Time, End_Time) VALUES (8431, 2015, 5263, '1985-04-14 08:41:39', '1985-04-14 09:29:39');
INSERT INTO Entity_Appearance (Appearance_ID, Entity_ID, Event_ID, Start_Time, End_Time) VALUES (8432, 2075, 5222, '1987-05-15 16:09:33', '1987-05-15 17:05:33');
INSERT INTO Entity_Appearance (Appearance_ID, Entity_ID, Event_ID, Start_Time, End_Time) VALUES (8433, 2031, 5017, '1985-09-02 00:50:16', '1985-09-02 01:25:16');
INSERT INTO Entity_Appearance (Appearance_ID, Entity_ID, Event_ID, Start_Time, End_Time) VALUES (8434, 2050, 5250, '1986-01-02 10:12:21', '1986-01-02 10:39:21');
INSERT INTO Entity_Appearance (Appearance_ID, Entity_ID, Event_ID, Start_Time, End_Time) VALUES (8435, 2083, 5381, '1984-03-24 17:04:17', '1984-03-24 17:20:17');
INSERT INTO Entity_Appearance (Appearance_ID, Entity_ID, Event_ID, Start_Time, End_Time) VALUES (8436, 2099, 5237, '1985-04-02 01:06:05', '1985-04-02 01:59:05');
INSERT INTO Entity_Appearance (Appearance_ID, Entity_ID, Event_ID, Start_Time, End_Time) VALUES (8437, 2035, 5323, '1986-11-12 05:20:43', '1986-11-12 06:21:43');
INSERT INTO Entity_Appearance (Appearance_ID, Entity_ID, Event_ID, Start_Time, End_Time) VALUES (8438, 2047, 5005, '1986-02-09 19:15:12', '1986-02-09 19:34:12');
INSERT INTO Entity_Appearance (Appearance_ID, Entity_ID, Event_ID, Start_Time, End_Time) VALUES (8439, 2010, 5062, '1986-06-20 00:13:48', '1986-06-20 01:23:48');
INSERT INTO Entity_Appearance (Appearance_ID, Entity_ID, Event_ID, Start_Time, End_Time) VALUES (8440, 2028, 5011, '1987-11-07 06:31:39', '1987-11-07 07:49:39');
INSERT INTO Entity_Appearance (Appearance_ID, Entity_ID, Event_ID, Start_Time, End_Time) VALUES (8441, 2073, 5245, '1983-09-08 00:32:44', '1983-09-08 00:49:44');
INSERT INTO Entity_Appearance (Appearance_ID, Entity_ID, Event_ID, Start_Time, End_Time) VALUES (8442, 2101, 5303, '1986-02-21 22:02:18', '1986-02-21 22:56:18');
INSERT INTO Entity_Appearance (Appearance_ID, Entity_ID, Event_ID, Start_Time, End_Time) VALUES (8443, 2061, 5330, '1984-05-22 15:53:32', '1984-05-22 16:53:32');
INSERT INTO Entity_Appearance (Appearance_ID, Entity_ID, Event_ID, Start_Time, End_Time) VALUES (8444, 2038, 5292, '1985-03-01 23:38:32', '1985-03-01 23:55:32');
INSERT INTO Entity_Appearance (Appearance_ID, Entity_ID, Event_ID, Start_Time, End_Time) VALUES (8445, 2041, 5032, '1983-05-26 21:41:38', '1983-05-26 22:54:38');
INSERT INTO Entity_Appearance (Appearance_ID, Entity_ID, Event_ID, Start_Time, End_Time) VALUES (8446, 2023, 5207, '1983-05-18 14:51:37', '1983-05-18 14:58:37');
INSERT INTO Entity_Appearance (Appearance_ID, Entity_ID, Event_ID, Start_Time, End_Time) VALUES (8447, 2050, 5284, '1983-12-05 15:35:55', '1983-12-05 16:48:55');
INSERT INTO Entity_Appearance (Appearance_ID, Entity_ID, Event_ID, Start_Time, End_Time) VALUES (8448, 2100, 5415, '1985-03-24 10:01:28', '1985-03-24 11:08:28');
INSERT INTO Entity_Appearance (Appearance_ID, Entity_ID, Event_ID, Start_Time, End_Time) VALUES (8449, 2008, 5265, '1985-07-08 00:09:57', '1985-07-08 01:28:57');
INSERT INTO Entity_Appearance (Appearance_ID, Entity_ID, Event_ID, Start_Time, End_Time) VALUES (8450, 2068, 5365, '1987-06-26 09:38:05', '1987-06-26 09:58:05');
INSERT INTO Entity_Appearance (Appearance_ID, Entity_ID, Event_ID, Start_Time, End_Time) VALUES (8451, 2096, 5385, '1985-01-21 19:34:20', '1985-01-21 19:54:20');
INSERT INTO Entity_Appearance (Appearance_ID, Entity_ID, Event_ID, Start_Time, End_Time) VALUES (8452, 2023, 5441, '1984-12-01 18:59:50', '1984-12-01 19:27:50');
INSERT INTO Entity_Appearance (Appearance_ID, Entity_ID, Event_ID, Start_Time, End_Time) VALUES (8453, 2000, 5284, '1983-12-05 15:23:55', '1983-12-05 16:08:55');
INSERT INTO Entity_Appearance (Appearance_ID, Entity_ID, Event_ID, Start_Time, End_Time) VALUES (8454, 2015, 5020, '1983-06-15 23:03:09', '1983-06-16 00:21:09');
INSERT INTO Entity_Appearance (Appearance_ID, Entity_ID, Event_ID, Start_Time, End_Time) VALUES (8455, 2026, 5334, '1985-08-19 12:44:43', '1985-08-19 13:00:43');
INSERT INTO Entity_Appearance (Appearance_ID, Entity_ID, Event_ID, Start_Time, End_Time) VALUES (8456, 2071, 5131, '1984-09-20 15:26:22', '1984-09-20 15:35:22');
INSERT INTO Entity_Appearance (Appearance_ID, Entity_ID, Event_ID, Start_Time, End_Time) VALUES (8457, 2010, 5063, '1983-05-20 17:42:16', '1983-05-20 18:25:16');
INSERT INTO Entity_Appearance (Appearance_ID, Entity_ID, Event_ID, Start_Time, End_Time) VALUES (8458, 2046, 5278, '1987-11-12 01:12:24', '1987-11-12 02:11:24');
INSERT INTO Entity_Appearance (Appearance_ID, Entity_ID, Event_ID, Start_Time, End_Time) VALUES (8459, 2084, 5000, '1986-06-04 15:54:41', '1986-06-04 16:37:41');
INSERT INTO Entity_Appearance (Appearance_ID, Entity_ID, Event_ID, Start_Time, End_Time) VALUES (8460, 2005, 5265, '1985-07-08 00:11:57', '1985-07-08 00:53:57');
INSERT INTO Entity_Appearance (Appearance_ID, Entity_ID, Event_ID, Start_Time, End_Time) VALUES (8461, 2084, 5273, '1983-08-16 07:19:35', '1983-08-16 07:41:35');
INSERT INTO Entity_Appearance (Appearance_ID, Entity_ID, Event_ID, Start_Time, End_Time) VALUES (8462, 2073, 5251, '1986-11-28 17:31:47', '1986-11-28 18:16:47');
INSERT INTO Entity_Appearance (Appearance_ID, Entity_ID, Event_ID, Start_Time, End_Time) VALUES (8463, 2066, 5180, '1985-06-13 03:07:27', '1985-06-13 04:20:27');
INSERT INTO Entity_Appearance (Appearance_ID, Entity_ID, Event_ID, Start_Time, End_Time) VALUES (8464, 2065, 5107, '1985-05-21 23:56:51', '1985-05-22 00:13:51');
INSERT INTO Entity_Appearance (Appearance_ID, Entity_ID, Event_ID, Start_Time, End_Time) VALUES (8465, 2084, 5419, '1987-11-12 00:29:09', '1987-11-12 01:04:09');
INSERT INTO Entity_Appearance (Appearance_ID, Entity_ID, Event_ID, Start_Time, End_Time) VALUES (8466, 2004, 5096, '1986-05-15 11:51:37', '1986-05-15 12:34:37');
INSERT INTO Entity_Appearance (Appearance_ID, Entity_ID, Event_ID, Start_Time, End_Time) VALUES (8467, 2109, 5426, '1983-01-26 17:43:16', '1983-01-26 18:05:16');
INSERT INTO Entity_Appearance (Appearance_ID, Entity_ID, Event_ID, Start_Time, End_Time) VALUES (8468, 2077, 5282, '1986-12-18 21:58:34', '1986-12-18 23:18:34');
INSERT INTO Entity_Appearance (Appearance_ID, Entity_ID, Event_ID, Start_Time, End_Time) VALUES (8469, 2045, 5142, '1985-02-16 18:51:03', '1985-02-16 19:50:03');
INSERT INTO Entity_Appearance (Appearance_ID, Entity_ID, Event_ID, Start_Time, End_Time) VALUES (8470, 2009, 5281, '1987-11-14 08:11:04', '1987-11-14 08:49:04');
INSERT INTO Entity_Appearance (Appearance_ID, Entity_ID, Event_ID, Start_Time, End_Time) VALUES (8471, 2048, 5332, '1985-12-06 15:55:08', '1985-12-06 16:20:08');
INSERT INTO Entity_Appearance (Appearance_ID, Entity_ID, Event_ID, Start_Time, End_Time) VALUES (8472, 2051, 5233, '1986-07-22 10:35:43', '1986-07-22 11:12:43');
INSERT INTO Entity_Appearance (Appearance_ID, Entity_ID, Event_ID, Start_Time, End_Time) VALUES (8473, 2086, 5217, '1986-06-27 13:39:18', '1986-06-27 14:02:18');
INSERT INTO Entity_Appearance (Appearance_ID, Entity_ID, Event_ID, Start_Time, End_Time) VALUES (8474, 2068, 5104, '1985-05-16 17:02:44', '1985-05-16 17:41:44');
INSERT INTO Entity_Appearance (Appearance_ID, Entity_ID, Event_ID, Start_Time, End_Time) VALUES (8475, 2081, 5356, '1984-06-16 22:43:52', '1984-06-16 23:12:52');
INSERT INTO Entity_Appearance (Appearance_ID, Entity_ID, Event_ID, Start_Time, End_Time) VALUES (8476, 2091, 5190, '1984-10-22 11:09:58', '1984-10-22 12:19:58');
INSERT INTO Entity_Appearance (Appearance_ID, Entity_ID, Event_ID, Start_Time, End_Time) VALUES (8477, 2077, 5083, '1987-05-16 06:01:58', '1987-05-16 06:25:58');
INSERT INTO Entity_Appearance (Appearance_ID, Entity_ID, Event_ID, Start_Time, End_Time) VALUES (8478, 2040, 5403, '1983-11-28 22:40:26', '1983-11-28 23:33:26');
INSERT INTO Entity_Appearance (Appearance_ID, Entity_ID, Event_ID, Start_Time, End_Time) VALUES (8479, 2003, 5309, '1987-06-27 04:07:08', '1987-06-27 04:21:08');
INSERT INTO Entity_Appearance (Appearance_ID, Entity_ID, Event_ID, Start_Time, End_Time) VALUES (8480, 2034, 5063, '1983-05-20 17:43:16', '1983-05-20 18:02:16');
INSERT INTO Entity_Appearance (Appearance_ID, Entity_ID, Event_ID, Start_Time, End_Time) VALUES (8481, 2087, 5280, '1986-12-25 19:08:44', '1986-12-25 19:21:44');
INSERT INTO Entity_Appearance (Appearance_ID, Entity_ID, Event_ID, Start_Time, End_Time) VALUES (8482, 2042, 5327, '1987-05-05 14:08:07', '1987-05-05 14:59:07');
INSERT INTO Entity_Appearance (Appearance_ID, Entity_ID, Event_ID, Start_Time, End_Time) VALUES (8483, 2116, 5170, '1987-03-13 13:44:28', '1987-03-13 14:23:28');
INSERT INTO Entity_Appearance (Appearance_ID, Entity_ID, Event_ID, Start_Time, End_Time) VALUES (8484, 2018, 5444, '1987-10-11 13:02:02', '1987-10-11 13:35:02');
INSERT INTO Entity_Appearance (Appearance_ID, Entity_ID, Event_ID, Start_Time, End_Time) VALUES (8485, 2035, 5005, '1986-02-09 19:15:12', '1986-02-09 20:08:12');
INSERT INTO Entity_Appearance (Appearance_ID, Entity_ID, Event_ID, Start_Time, End_Time) VALUES (8486, 2028, 5193, '1985-04-17 09:41:07', '1985-04-17 09:59:07');
INSERT INTO Entity_Appearance (Appearance_ID, Entity_ID, Event_ID, Start_Time, End_Time) VALUES (8487, 2100, 5063, '1983-05-20 17:31:16', '1983-05-20 18:43:16');
INSERT INTO Entity_Appearance (Appearance_ID, Entity_ID, Event_ID, Start_Time, End_Time) VALUES (8488, 2093, 5448, '1987-10-08 15:41:48', '1987-10-08 17:01:48');
INSERT INTO Entity_Appearance (Appearance_ID, Entity_ID, Event_ID, Start_Time, End_Time) VALUES (8489, 2105, 5413, '1987-11-04 22:18:59', '1987-11-04 22:35:59');
INSERT INTO Entity_Appearance (Appearance_ID, Entity_ID, Event_ID, Start_Time, End_Time) VALUES (8490, 2067, 5178, '1987-05-11 02:25:06', '1987-05-11 03:43:06');
INSERT INTO Entity_Appearance (Appearance_ID, Entity_ID, Event_ID, Start_Time, End_Time) VALUES (8491, 2110, 5144, '1987-04-08 02:34:49', '1987-04-08 03:13:49');
INSERT INTO Entity_Appearance (Appearance_ID, Entity_ID, Event_ID, Start_Time, End_Time) VALUES (8492, 2077, 5050, '1985-10-21 03:01:16', '1985-10-21 03:12:16');
INSERT INTO Entity_Appearance (Appearance_ID, Entity_ID, Event_ID, Start_Time, End_Time) VALUES (8493, 2021, 5162, '1986-03-17 20:00:45', '1986-03-17 20:54:45');
INSERT INTO Entity_Appearance (Appearance_ID, Entity_ID, Event_ID, Start_Time, End_Time) VALUES (8494, 2023, 5176, '1986-08-14 14:30:38', '1986-08-14 15:43:38');
INSERT INTO Entity_Appearance (Appearance_ID, Entity_ID, Event_ID, Start_Time, End_Time) VALUES (8495, 2070, 5304, '1983-02-25 08:59:04', '1983-02-25 09:55:04');
INSERT INTO Entity_Appearance (Appearance_ID, Entity_ID, Event_ID, Start_Time, End_Time) VALUES (8496, 2061, 5303, '1986-02-21 22:01:18', '1986-02-21 22:39:18');
INSERT INTO Entity_Appearance (Appearance_ID, Entity_ID, Event_ID, Start_Time, End_Time) VALUES (8497, 2001, 5351, '1983-06-20 10:11:04', '1983-06-20 10:35:04');
INSERT INTO Entity_Appearance (Appearance_ID, Entity_ID, Event_ID, Start_Time, End_Time) VALUES (8498, 2084, 5064, '1983-09-01 12:45:13', '1983-09-01 13:38:13');
INSERT INTO Entity_Appearance (Appearance_ID, Entity_ID, Event_ID, Start_Time, End_Time) VALUES (8499, 2072, 5376, '1987-07-05 08:15:20', '1987-07-05 08:26:20');
INSERT INTO Entity_Appearance (Appearance_ID, Entity_ID, Event_ID, Start_Time, End_Time) VALUES (8500, 2117, 5371, '1984-06-19 22:01:29', '1984-06-19 22:53:29');
INSERT INTO Entity_Appearance (Appearance_ID, Entity_ID, Event_ID, Start_Time, End_Time) VALUES (8501, 2090, 5398, '1986-12-13 21:54:38', '1986-12-13 22:52:38');
INSERT INTO Entity_Appearance (Appearance_ID, Entity_ID, Event_ID, Start_Time, End_Time) VALUES (8502, 2090, 5234, '1986-10-21 08:26:17', '1986-10-21 09:27:17');
INSERT INTO Entity_Appearance (Appearance_ID, Entity_ID, Event_ID, Start_Time, End_Time) VALUES (8503, 2045, 5408, '1984-05-24 22:38:26', '1984-05-24 23:47:26');
INSERT INTO Entity_Appearance (Appearance_ID, Entity_ID, Event_ID, Start_Time, End_Time) VALUES (8504, 2036, 5141, '1986-08-25 20:06:32', '1986-08-25 21:05:32');
INSERT INTO Entity_Appearance (Appearance_ID, Entity_ID, Event_ID, Start_Time, End_Time) VALUES (8505, 2066, 5367, '1984-05-23 05:31:25', '1984-05-23 06:05:25');
INSERT INTO Entity_Appearance (Appearance_ID, Entity_ID, Event_ID, Start_Time, End_Time) VALUES (8506, 2039, 5325, '1985-04-20 12:34:14', '1985-04-20 12:50:14');
INSERT INTO Entity_Appearance (Appearance_ID, Entity_ID, Event_ID, Start_Time, End_Time) VALUES (8507, 2039, 5208, '1986-02-11 07:16:44', '1986-02-11 08:01:44');
INSERT INTO Entity_Appearance (Appearance_ID, Entity_ID, Event_ID, Start_Time, End_Time) VALUES (8508, 2108, 5046, '1984-10-22 06:08:32', '1984-10-22 06:23:32');
INSERT INTO Entity_Appearance (Appearance_ID, Entity_ID, Event_ID, Start_Time, End_Time) VALUES (8509, 2009, 5373, '1983-06-08 16:05:22', '1983-06-08 16:21:22');
INSERT INTO Entity_Appearance (Appearance_ID, Entity_ID, Event_ID, Start_Time, End_Time) VALUES (8510, 2021, 5294, '1984-11-18 03:20:01', '1984-11-18 03:35:01');
INSERT INTO Entity_Appearance (Appearance_ID, Entity_ID, Event_ID, Start_Time, End_Time) VALUES (8511, 2095, 5146, '1987-08-20 04:45:02', '1987-08-20 05:53:02');
INSERT INTO Entity_Appearance (Appearance_ID, Entity_ID, Event_ID, Start_Time, End_Time) VALUES (8512, 2103, 5447, '1985-07-04 10:09:26', '1985-07-04 11:08:26');
INSERT INTO Entity_Appearance (Appearance_ID, Entity_ID, Event_ID, Start_Time, End_Time) VALUES (8513, 2086, 5260, '1983-11-27 09:51:26', '1983-11-27 10:13:26');
INSERT INTO Entity_Appearance (Appearance_ID, Entity_ID, Event_ID, Start_Time, End_Time) VALUES (8514, 2061, 5254, '1987-04-03 06:43:21', '1987-04-03 07:56:21');
INSERT INTO Entity_Appearance (Appearance_ID, Entity_ID, Event_ID, Start_Time, End_Time) VALUES (8515, 2089, 5063, '1983-05-20 17:38:16', '1983-05-20 17:44:16');
INSERT INTO Entity_Appearance (Appearance_ID, Entity_ID, Event_ID, Start_Time, End_Time) VALUES (8516, 2078, 5097, '1984-12-08 21:45:47', '1984-12-08 21:50:47');
INSERT INTO Entity_Appearance (Appearance_ID, Entity_ID, Event_ID, Start_Time, End_Time) VALUES (8517, 2091, 5217, '1986-06-27 13:31:18', '1986-06-27 14:44:18');
INSERT INTO Entity_Appearance (Appearance_ID, Entity_ID, Event_ID, Start_Time, End_Time) VALUES (8518, 2095, 5176, '1986-08-14 14:12:38', '1986-08-14 15:24:38');
INSERT INTO Entity_Appearance (Appearance_ID, Entity_ID, Event_ID, Start_Time, End_Time) VALUES (8519, 2087, 5311, '1987-12-25 03:27:29', '1987-12-25 04:29:29');
INSERT INTO Entity_Appearance (Appearance_ID, Entity_ID, Event_ID, Start_Time, End_Time) VALUES (8520, 2021, 5345, '1984-10-16 07:11:52', '1984-10-16 08:23:52');
INSERT INTO Entity_Appearance (Appearance_ID, Entity_ID, Event_ID, Start_Time, End_Time) VALUES (8521, 2115, 5115, '1984-02-08 20:32:20', '1984-02-08 20:46:20');
INSERT INTO Entity_Appearance (Appearance_ID, Entity_ID, Event_ID, Start_Time, End_Time) VALUES (8522, 2046, 5429, '1987-04-12 09:22:42', '1987-04-12 10:32:42');
INSERT INTO Entity_Appearance (Appearance_ID, Entity_ID, Event_ID, Start_Time, End_Time) VALUES (8523, 2045, 5026, '1985-09-26 16:41:31', '1985-09-26 17:49:31');
INSERT INTO Entity_Appearance (Appearance_ID, Entity_ID, Event_ID, Start_Time, End_Time) VALUES (8524, 2048, 5087, '1986-12-25 11:34:54', '1986-12-25 11:53:54');
INSERT INTO Entity_Appearance (Appearance_ID, Entity_ID, Event_ID, Start_Time, End_Time) VALUES (8525, 2043, 5347, '1985-07-14 11:02:53', '1985-07-14 12:16:53');
INSERT INTO Entity_Appearance (Appearance_ID, Entity_ID, Event_ID, Start_Time, End_Time) VALUES (8526, 2108, 5392, '1986-05-05 05:10:57', '1986-05-05 05:30:57');
INSERT INTO Entity_Appearance (Appearance_ID, Entity_ID, Event_ID, Start_Time, End_Time) VALUES (8527, 2037, 5153, '1987-12-01 01:30:59', '1987-12-01 02:12:59');
INSERT INTO Entity_Appearance (Appearance_ID, Entity_ID, Event_ID, Start_Time, End_Time) VALUES (8528, 2033, 5109, '1983-03-04 09:17:08', '1983-03-04 10:34:08');
INSERT INTO Entity_Appearance (Appearance_ID, Entity_ID, Event_ID, Start_Time, End_Time) VALUES (8529, 2050, 5111, '1984-01-09 12:33:34', '1984-01-09 13:17:34');
INSERT INTO Entity_Appearance (Appearance_ID, Entity_ID, Event_ID, Start_Time, End_Time) VALUES (8530, 2118, 5329, '1985-03-10 19:55:06', '1985-03-10 20:04:06');
INSERT INTO Entity_Appearance (Appearance_ID, Entity_ID, Event_ID, Start_Time, End_Time) VALUES (8531, 2119, 5237, '1985-04-02 01:07:05', '1985-04-02 02:14:05');
INSERT INTO Entity_Appearance (Appearance_ID, Entity_ID, Event_ID, Start_Time, End_Time) VALUES (8532, 2007, 5182, '1987-02-16 23:44:38', '1987-02-17 00:47:38');
INSERT INTO Entity_Appearance (Appearance_ID, Entity_ID, Event_ID, Start_Time, End_Time) VALUES (8533, 2042, 5152, '1987-12-04 10:42:55', '1987-12-04 11:00:55');
INSERT INTO Entity_Appearance (Appearance_ID, Entity_ID, Event_ID, Start_Time, End_Time) VALUES (8534, 2000, 5179, '1987-10-26 17:39:29', '1987-10-26 18:07:29');
INSERT INTO Entity_Appearance (Appearance_ID, Entity_ID, Event_ID, Start_Time, End_Time) VALUES (8535, 2051, 5181, '1985-06-17 13:33:13', '1985-06-17 13:50:13');
INSERT INTO Entity_Appearance (Appearance_ID, Entity_ID, Event_ID, Start_Time, End_Time) VALUES (8536, 2055, 5251, '1986-11-28 17:15:47', '1986-11-28 17:30:47');
INSERT INTO Entity_Appearance (Appearance_ID, Entity_ID, Event_ID, Start_Time, End_Time) VALUES (8537, 2067, 5263, '1985-04-14 08:49:39', '1985-04-14 09:13:39');
INSERT INTO Entity_Appearance (Appearance_ID, Entity_ID, Event_ID, Start_Time, End_Time) VALUES (8538, 2052, 5063, '1983-05-20 17:55:16', '1983-05-20 19:02:16');
INSERT INTO Entity_Appearance (Appearance_ID, Entity_ID, Event_ID, Start_Time, End_Time) VALUES (8539, 2000, 5079, '1985-04-10 02:49:43', '1985-04-10 03:26:43');
INSERT INTO Entity_Appearance (Appearance_ID, Entity_ID, Event_ID, Start_Time, End_Time) VALUES (8540, 2028, 5240, '1985-05-06 02:29:49', '1985-05-06 03:21:49');
INSERT INTO Entity_Appearance (Appearance_ID, Entity_ID, Event_ID, Start_Time, End_Time) VALUES (8541, 2038, 5186, '1985-05-26 02:32:19', '1985-05-26 03:00:19');
INSERT INTO Entity_Appearance (Appearance_ID, Entity_ID, Event_ID, Start_Time, End_Time) VALUES (8542, 2068, 5415, '1985-03-24 09:53:28', '1985-03-24 10:11:28');
INSERT INTO Entity_Appearance (Appearance_ID, Entity_ID, Event_ID, Start_Time, End_Time) VALUES (8543, 2056, 5336, '1986-06-02 21:41:15', '1986-06-02 22:42:15');
INSERT INTO Entity_Appearance (Appearance_ID, Entity_ID, Event_ID, Start_Time, End_Time) VALUES (8544, 2020, 5071, '1983-03-21 15:39:00', '1983-03-21 16:39:00');
INSERT INTO Entity_Appearance (Appearance_ID, Entity_ID, Event_ID, Start_Time, End_Time) VALUES (8545, 2000, 5183, '1987-06-05 20:04:31', '1987-06-05 20:34:31');
INSERT INTO Entity_Appearance (Appearance_ID, Entity_ID, Event_ID, Start_Time, End_Time) VALUES (8546, 2014, 5097, '1984-12-08 21:25:47', '1984-12-08 21:35:47');
INSERT INTO Entity_Appearance (Appearance_ID, Entity_ID, Event_ID, Start_Time, End_Time) VALUES (8547, 2017, 5202, '1987-06-10 11:05:12', '1987-06-10 11:52:12');
INSERT INTO Entity_Appearance (Appearance_ID, Entity_ID, Event_ID, Start_Time, End_Time) VALUES (8548, 2115, 5016, '1987-07-08 16:55:50', '1987-07-08 17:25:50');
INSERT INTO Entity_Appearance (Appearance_ID, Entity_ID, Event_ID, Start_Time, End_Time) VALUES (8549, 2061, 5340, '1984-10-10 11:35:12', '1984-10-10 11:55:12');
INSERT INTO Entity_Appearance (Appearance_ID, Entity_ID, Event_ID, Start_Time, End_Time) VALUES (8550, 2053, 5250, '1986-01-02 10:20:21', '1986-01-02 11:28:21');
INSERT INTO Entity_Appearance (Appearance_ID, Entity_ID, Event_ID, Start_Time, End_Time) VALUES (8551, 2102, 5349, '1985-08-16 17:49:27', '1985-08-16 18:10:27');
INSERT INTO Entity_Appearance (Appearance_ID, Entity_ID, Event_ID, Start_Time, End_Time) VALUES (8552, 2041, 5384, '1984-01-03 15:17:45', '1984-01-03 16:13:45');
INSERT INTO Entity_Appearance (Appearance_ID, Entity_ID, Event_ID, Start_Time, End_Time) VALUES (8553, 2064, 5371, '1984-06-19 22:10:29', '1984-06-19 23:04:29');
INSERT INTO Entity_Appearance (Appearance_ID, Entity_ID, Event_ID, Start_Time, End_Time) VALUES (8554, 2016, 5056, '1985-02-07 15:08:30', '1985-02-07 15:26:30');
INSERT INTO Entity_Appearance (Appearance_ID, Entity_ID, Event_ID, Start_Time, End_Time) VALUES (8555, 2101, 5010, '1986-03-05 13:42:44', '1986-03-05 14:06:44');
INSERT INTO Entity_Appearance (Appearance_ID, Entity_ID, Event_ID, Start_Time, End_Time) VALUES (8556, 2044, 5256, '1984-12-12 17:10:28', '1984-12-12 17:45:28');
INSERT INTO Entity_Appearance (Appearance_ID, Entity_ID, Event_ID, Start_Time, End_Time) VALUES (8557, 2006, 5347, '1985-07-14 11:21:53', '1985-07-14 12:09:53');
INSERT INTO Entity_Appearance (Appearance_ID, Entity_ID, Event_ID, Start_Time, End_Time) VALUES (8558, 2054, 5305, '1985-11-22 16:07:52', '1985-11-22 16:13:52');
INSERT INTO Entity_Appearance (Appearance_ID, Entity_ID, Event_ID, Start_Time, End_Time) VALUES (8559, 2055, 5245, '1983-09-08 00:33:44', '1983-09-08 01:14:44');
INSERT INTO Entity_Appearance (Appearance_ID, Entity_ID, Event_ID, Start_Time, End_Time) VALUES (8560, 2062, 5042, '1984-11-20 03:17:17', '1984-11-20 04:16:17');
INSERT INTO Entity_Appearance (Appearance_ID, Entity_ID, Event_ID, Start_Time, End_Time) VALUES (8561, 2031, 5316, '1983-10-07 19:01:12', '1983-10-07 20:11:12');
INSERT INTO Entity_Appearance (Appearance_ID, Entity_ID, Event_ID, Start_Time, End_Time) VALUES (8562, 2023, 5127, '1983-06-19 00:04:26', '1983-06-19 00:23:26');
INSERT INTO Entity_Appearance (Appearance_ID, Entity_ID, Event_ID, Start_Time, End_Time) VALUES (8563, 2110, 5134, '1985-01-10 07:35:54', '1985-01-10 08:11:54');
INSERT INTO Entity_Appearance (Appearance_ID, Entity_ID, Event_ID, Start_Time, End_Time) VALUES (8564, 2085, 5420, '1986-03-14 01:38:48', '1986-03-14 02:08:48');
INSERT INTO Entity_Appearance (Appearance_ID, Entity_ID, Event_ID, Start_Time, End_Time) VALUES (8565, 2060, 5361, '1983-03-23 08:57:04', '1983-03-23 09:15:04');
INSERT INTO Entity_Appearance (Appearance_ID, Entity_ID, Event_ID, Start_Time, End_Time) VALUES (8566, 2089, 5373, '1983-06-08 16:14:22', '1983-06-08 16:42:22');
INSERT INTO Entity_Appearance (Appearance_ID, Entity_ID, Event_ID, Start_Time, End_Time) VALUES (8567, 2024, 5437, '1984-03-27 23:49:00', '1984-03-28 00:13:00');
INSERT INTO Entity_Appearance (Appearance_ID, Entity_ID, Event_ID, Start_Time, End_Time) VALUES (8568, 2029, 5061, '1986-09-14 11:59:02', '1986-09-14 12:55:02');
INSERT INTO Entity_Appearance (Appearance_ID, Entity_ID, Event_ID, Start_Time, End_Time) VALUES (8569, 2004, 5140, '1983-06-18 18:15:20', '1983-06-18 18:38:20');
INSERT INTO Entity_Appearance (Appearance_ID, Entity_ID, Event_ID, Start_Time, End_Time) VALUES (8570, 2054, 5009, '1985-09-13 13:57:58', '1985-09-13 14:27:58');
INSERT INTO Entity_Appearance (Appearance_ID, Entity_ID, Event_ID, Start_Time, End_Time) VALUES (8571, 2011, 5442, '1987-09-19 01:37:33', '1987-09-19 02:30:33');
INSERT INTO Entity_Appearance (Appearance_ID, Entity_ID, Event_ID, Start_Time, End_Time) VALUES (8572, 2052, 5268, '1984-06-05 01:53:36', '1984-06-05 02:27:36');
INSERT INTO Entity_Appearance (Appearance_ID, Entity_ID, Event_ID, Start_Time, End_Time) VALUES (8573, 2028, 5172, '1985-02-17 22:37:46', '1985-02-17 23:43:46');
INSERT INTO Entity_Appearance (Appearance_ID, Entity_ID, Event_ID, Start_Time, End_Time) VALUES (8574, 2007, 5261, '1983-10-12 17:45:14', '1983-10-12 17:56:14');
INSERT INTO Entity_Appearance (Appearance_ID, Entity_ID, Event_ID, Start_Time, End_Time) VALUES (8575, 2038, 5056, '1985-02-07 14:46:30', '1985-02-07 15:37:30');
INSERT INTO Entity_Appearance (Appearance_ID, Entity_ID, Event_ID, Start_Time, End_Time) VALUES (8576, 2035, 5179, '1987-10-26 17:33:29', '1987-10-26 18:31:29');
INSERT INTO Entity_Appearance (Appearance_ID, Entity_ID, Event_ID, Start_Time, End_Time) VALUES (8577, 2031, 5163, '1984-04-02 14:16:00', '1984-04-02 14:27:00');
INSERT INTO Entity_Appearance (Appearance_ID, Entity_ID, Event_ID, Start_Time, End_Time) VALUES (8578, 2023, 5020, '1983-06-15 22:59:09', '1983-06-15 23:10:09');
INSERT INTO Entity_Appearance (Appearance_ID, Entity_ID, Event_ID, Start_Time, End_Time) VALUES (8579, 2084, 5381, '1984-03-24 17:02:17', '1984-03-24 17:34:17');
INSERT INTO Entity_Appearance (Appearance_ID, Entity_ID, Event_ID, Start_Time, End_Time) VALUES (8580, 2036, 5241, '1985-03-15 02:39:59', '1985-03-15 02:56:59');
INSERT INTO Entity_Appearance (Appearance_ID, Entity_ID, Event_ID, Start_Time, End_Time) VALUES (8581, 2055, 5094, '1986-11-05 05:48:51', '1986-11-05 06:55:51');
INSERT INTO Entity_Appearance (Appearance_ID, Entity_ID, Event_ID, Start_Time, End_Time) VALUES (8582, 2046, 5171, '1986-02-09 10:53:41', '1986-02-09 11:12:41');
INSERT INTO Entity_Appearance (Appearance_ID, Entity_ID, Event_ID, Start_Time, End_Time) VALUES (8583, 2012, 5342, '1983-12-28 18:06:37', '1983-12-28 19:21:37');
INSERT INTO Entity_Appearance (Appearance_ID, Entity_ID, Event_ID, Start_Time, End_Time) VALUES (8584, 2098, 5441, '1984-12-01 18:44:50', '1984-12-01 19:31:50');
INSERT INTO Entity_Appearance (Appearance_ID, Entity_ID, Event_ID, Start_Time, End_Time) VALUES (8585, 2046, 5379, '1986-05-06 22:54:27', '1986-05-06 23:45:27');
INSERT INTO Entity_Appearance (Appearance_ID, Entity_ID, Event_ID, Start_Time, End_Time) VALUES (8586, 2095, 5398, '1986-12-13 22:05:38', '1986-12-13 23:17:38');
INSERT INTO Entity_Appearance (Appearance_ID, Entity_ID, Event_ID, Start_Time, End_Time) VALUES (8587, 2077, 5190, '1984-10-22 10:58:58', '1984-10-22 11:38:58');
INSERT INTO Entity_Appearance (Appearance_ID, Entity_ID, Event_ID, Start_Time, End_Time) VALUES (8588, 2026, 5299, '1986-12-14 05:05:37', '1986-12-14 05:21:37');
INSERT INTO Entity_Appearance (Appearance_ID, Entity_ID, Event_ID, Start_Time, End_Time) VALUES (8589, 2113, 5054, '1986-01-08 01:12:36', '1986-01-08 01:32:36');
INSERT INTO Entity_Appearance (Appearance_ID, Entity_ID, Event_ID, Start_Time, End_Time) VALUES (8590, 2005, 5300, '1987-06-03 19:18:24', '1987-06-03 19:47:24');
INSERT INTO Entity_Appearance (Appearance_ID, Entity_ID, Event_ID, Start_Time, End_Time) VALUES (8591, 2024, 5360, '1983-05-28 03:06:49', '1983-05-28 03:23:49');
INSERT INTO Entity_Appearance (Appearance_ID, Entity_ID, Event_ID, Start_Time, End_Time) VALUES (8592, 2009, 5279, '1987-12-03 18:04:49', '1987-12-03 18:52:49');
INSERT INTO Entity_Appearance (Appearance_ID, Entity_ID, Event_ID, Start_Time, End_Time) VALUES (8593, 2038, 5371, '1984-06-19 21:56:29', '1984-06-19 22:26:29');
INSERT INTO Entity_Appearance (Appearance_ID, Entity_ID, Event_ID, Start_Time, End_Time) VALUES (8594, 2068, 5369, '1984-04-28 08:22:47', '1984-04-28 08:32:47');
INSERT INTO Entity_Appearance (Appearance_ID, Entity_ID, Event_ID, Start_Time, End_Time) VALUES (8595, 2016, 5098, '1986-09-02 01:02:25', '1986-09-02 02:17:25');
INSERT INTO Entity_Appearance (Appearance_ID, Entity_ID, Event_ID, Start_Time, End_Time) VALUES (8596, 2091, 5129, '1984-10-21 06:03:47', '1984-10-21 07:19:47');
INSERT INTO Entity_Appearance (Appearance_ID, Entity_ID, Event_ID, Start_Time, End_Time) VALUES (8597, 2044, 5187, '1985-07-24 18:53:01', '1985-07-24 19:13:01');
INSERT INTO Entity_Appearance (Appearance_ID, Entity_ID, Event_ID, Start_Time, End_Time) VALUES (8598, 2116, 5223, '1983-11-21 17:53:37', '1983-11-21 18:59:37');
INSERT INTO Entity_Appearance (Appearance_ID, Entity_ID, Event_ID, Start_Time, End_Time) VALUES (8599, 2053, 5268, '1984-06-05 02:13:36', '1984-06-05 03:22:36');
INSERT INTO Victim_Record (Victim_No, Person_ID, Hurt_In, Injury_Severity) VALUES (9000, 1005, 5085, 'Severe');
INSERT INTO Victim_Record (Victim_No, Person_ID, Hurt_In, Injury_Severity) VALUES (9001, 1070, 5356, 'Minor');
INSERT INTO Victim_Record (Victim_No, Person_ID, Hurt_In, Injury_Severity) VALUES (9002, 1074, 5023, 'Severe');
INSERT INTO Victim_Record (Victim_No, Person_ID, Hurt_In, Injury_Severity) VALUES (9003, 1015, 5406, 'Severe');
INSERT INTO Victim_Record (Victim_No, Person_ID, Hurt_In, Injury_Severity) VALUES (9004, 1048, 5379, 'Moderate');
INSERT INTO Victim_Record (Victim_No, Person_ID, Hurt_In, Injury_Severity) VALUES (9005, 1126, 5350, 'Severe');
INSERT INTO Victim_Record (Victim_No, Person_ID, Hurt_In, Injury_Severity) VALUES (9006, 1131, 5038, 'Minor');
INSERT INTO Victim_Record (Victim_No, Person_ID, Hurt_In, Injury_Severity) VALUES (9007, 1112, 5384, 'Severe');
INSERT INTO Victim_Record (Victim_No, Person_ID, Hurt_In, Injury_Severity) VALUES (9008, 1098, 5287, 'Moderate');
INSERT INTO Victim_Record (Victim_No, Person_ID, Hurt_In, Injury_Severity) VALUES (9009, 1102, 5310, 'Moderate');
INSERT INTO Victim_Record (Victim_No, Person_ID, Hurt_In, Injury_Severity) VALUES (9010, 1052, 5094, 'Minor');
INSERT INTO Victim_Record (Victim_No, Person_ID, Hurt_In, Injury_Severity) VALUES (9011, 1040, 5292, 'Minor');
INSERT INTO Victim_Record (Victim_No, Person_ID, Hurt_In, Injury_Severity) VALUES (9012, 1151, 5356, 'Minor');
INSERT INTO Victim_Record (Victim_No, Person_ID, Hurt_In, Injury_Severity) VALUES (9013, 1131, 5233, 'Severe');
INSERT INTO Victim_Record (Victim_No, Person_ID, Hurt_In, Injury_Severity) VALUES (9014, 1181, 5368, 'Severe');
INSERT INTO Victim_Record (Victim_No, Person_ID, Hurt_In, Injury_Severity) VALUES (9015, 1066, 5155, 'Minor');
INSERT INTO Victim_Record (Victim_No, Person_ID, Hurt_In, Injury_Severity) VALUES (9016, 1075, 5362, 'Moderate');
INSERT INTO Victim_Record (Victim_No, Person_ID, Hurt_In, Injury_Severity) VALUES (9017, 1141, 5060, 'Minor');
INSERT INTO Victim_Record (Victim_No, Person_ID, Hurt_In, Injury_Severity) VALUES (9018, 1057, 5023, 'Severe');
INSERT INTO Victim_Record (Victim_No, Person_ID, Hurt_In, Injury_Severity) VALUES (9019, 1060, 5149, 'Minor');
INSERT INTO Victim_Record (Victim_No, Person_ID, Hurt_In, Injury_Severity) VALUES (9020, 1163, 5075, 'Moderate');
INSERT INTO Victim_Record (Victim_No, Person_ID, Hurt_In, Injury_Severity) VALUES (9021, 1034, 5138, 'Minor');
INSERT INTO Victim_Record (Victim_No, Person_ID, Hurt_In, Injury_Severity) VALUES (9022, 1164, 5127, 'Minor');
INSERT INTO Victim_Record (Victim_No, Person_ID, Hurt_In, Injury_Severity) VALUES (9023, 1136, 5059, 'Minor');
INSERT INTO Victim_Record (Victim_No, Person_ID, Hurt_In, Injury_Severity) VALUES (9024, 1166, 5177, 'Severe');
INSERT INTO Victim_Record (Victim_No, Person_ID, Hurt_In, Injury_Severity) VALUES (9025, 1154, 5188, 'Moderate');
INSERT INTO Victim_Record (Victim_No, Person_ID, Hurt_In, Injury_Severity) VALUES (9026, 1021, 5361, 'Severe');
INSERT INTO Victim_Record (Victim_No, Person_ID, Hurt_In, Injury_Severity) VALUES (9027, 1067, 5369, 'Minor');
INSERT INTO Victim_Record (Victim_No, Person_ID, Hurt_In, Injury_Severity) VALUES (9028, 1104, 5313, 'Moderate');
INSERT INTO Victim_Record (Victim_No, Person_ID, Hurt_In, Injury_Severity) VALUES (9029, 1083, 5029, 'Severe');
INSERT INTO Victim_Record (Victim_No, Person_ID, Hurt_In, Injury_Severity) VALUES (9030, 1002, 5421, 'Moderate');
INSERT INTO Victim_Record (Victim_No, Person_ID, Hurt_In, Injury_Severity) VALUES (9031, 1056, 5374, 'Moderate');
INSERT INTO Victim_Record (Victim_No, Person_ID, Hurt_In, Injury_Severity) VALUES (9032, 1045, 5131, 'Minor');
INSERT INTO Victim_Record (Victim_No, Person_ID, Hurt_In, Injury_Severity) VALUES (9033, 1137, 5336, 'Severe');
INSERT INTO Victim_Record (Victim_No, Person_ID, Hurt_In, Injury_Severity) VALUES (9034, 1027, 5369, 'Severe');
INSERT INTO Victim_Record (Victim_No, Person_ID, Hurt_In, Injury_Severity) VALUES (9035, 1176, 5195, 'Severe');
INSERT INTO Victim_Record (Victim_No, Person_ID, Hurt_In, Injury_Severity) VALUES (9036, 1065, 5445, 'Severe');
INSERT INTO Victim_Record (Victim_No, Person_ID, Hurt_In, Injury_Severity) VALUES (9037, 1162, 5309, 'Severe');
INSERT INTO Victim_Record (Victim_No, Person_ID, Hurt_In, Injury_Severity) VALUES (9038, 1052, 5418, 'Moderate');
INSERT INTO Victim_Record (Victim_No, Person_ID, Hurt_In, Injury_Severity) VALUES (9039, 1056, 5166, 'Moderate');
INSERT INTO Victim_Record (Victim_No, Person_ID, Hurt_In, Injury_Severity) VALUES (9040, 1052, 5297, 'Severe');
INSERT INTO Victim_Record (Victim_No, Person_ID, Hurt_In, Injury_Severity) VALUES (9041, 1192, 5202, 'Minor');
INSERT INTO Victim_Record (Victim_No, Person_ID, Hurt_In, Injury_Severity) VALUES (9042, 1114, 5118, 'Severe');
INSERT INTO Victim_Record (Victim_No, Person_ID, Hurt_In, Injury_Severity) VALUES (9043, 1185, 5222, 'Moderate');
INSERT INTO Victim_Record (Victim_No, Person_ID, Hurt_In, Injury_Severity) VALUES (9044, 1037, 5245, 'Minor');
INSERT INTO Victim_Record (Victim_No, Person_ID, Hurt_In, Injury_Severity) VALUES (9045, 1126, 5092, 'Moderate');
INSERT INTO Victim_Record (Victim_No, Person_ID, Hurt_In, Injury_Severity) VALUES (9046, 1047, 5417, 'Minor');
INSERT INTO Victim_Record (Victim_No, Person_ID, Hurt_In, Injury_Severity) VALUES (9047, 1048, 5291, 'Moderate');
INSERT INTO Victim_Record (Victim_No, Person_ID, Hurt_In, Injury_Severity) VALUES (9048, 1186, 5092, 'Severe');
INSERT INTO Victim_Record (Victim_No, Person_ID, Hurt_In, Injury_Severity) VALUES (9049, 1072, 5010, 'Moderate');
INSERT INTO Victim_Record (Victim_No, Person_ID, Hurt_In, Injury_Severity) VALUES (9050, 1041, 5090, 'Moderate');
INSERT INTO Victim_Record (Victim_No, Person_ID, Hurt_In, Injury_Severity) VALUES (9051, 1175, 5311, 'Minor');
INSERT INTO Victim_Record (Victim_No, Person_ID, Hurt_In, Injury_Severity) VALUES (9052, 1017, 5073, 'Minor');
INSERT INTO Victim_Record (Victim_No, Person_ID, Hurt_In, Injury_Severity) VALUES (9053, 1109, 5125, 'Moderate');
INSERT INTO Victim_Record (Victim_No, Person_ID, Hurt_In, Injury_Severity) VALUES (9054, 1165, 5206, 'Minor');
INSERT INTO Victim_Record (Victim_No, Person_ID, Hurt_In, Injury_Severity) VALUES (9055, 1185, 5269, 'Minor');
INSERT INTO Victim_Record (Victim_No, Person_ID, Hurt_In, Injury_Severity) VALUES (9056, 1186, 5384, 'Minor');
INSERT INTO Victim_Record (Victim_No, Person_ID, Hurt_In, Injury_Severity) VALUES (9057, 1154, 5051, 'Moderate');
INSERT INTO Victim_Record (Victim_No, Person_ID, Hurt_In, Injury_Severity) VALUES (9058, 1098, 5010, 'Minor');
INSERT INTO Victim_Record (Victim_No, Person_ID, Hurt_In, Injury_Severity) VALUES (9059, 1003, 5390, 'Severe');
INSERT INTO Victim_Record (Victim_No, Person_ID, Hurt_In, Injury_Severity) VALUES (9060, 1011, 5067, 'Minor');
INSERT INTO Victim_Record (Victim_No, Person_ID, Hurt_In, Injury_Severity) VALUES (9061, 1197, 5042, 'Moderate');
INSERT INTO Victim_Record (Victim_No, Person_ID, Hurt_In, Injury_Severity) VALUES (9062, 1036, 5321, 'Severe');
INSERT INTO Victim_Record (Victim_No, Person_ID, Hurt_In, Injury_Severity) VALUES (9063, 1003, 5405, 'Minor');
INSERT INTO Victim_Record (Victim_No, Person_ID, Hurt_In, Injury_Severity) VALUES (9064, 1027, 5277, 'Severe');
INSERT INTO Victim_Record (Victim_No, Person_ID, Hurt_In, Injury_Severity) VALUES (9065, 1086, 5436, 'Severe');
INSERT INTO Victim_Record (Victim_No, Person_ID, Hurt_In, Injury_Severity) VALUES (9066, 1021, 5103, 'Minor');
INSERT INTO Victim_Record (Victim_No, Person_ID, Hurt_In, Injury_Severity) VALUES (9067, 1122, 5388, 'Severe');
INSERT INTO Victim_Record (Victim_No, Person_ID, Hurt_In, Injury_Severity) VALUES (9068, 1113, 5417, 'Minor');
INSERT INTO Victim_Record (Victim_No, Person_ID, Hurt_In, Injury_Severity) VALUES (9069, 1078, 5169, 'Moderate');
INSERT INTO Victim_Record (Victim_No, Person_ID, Hurt_In, Injury_Severity) VALUES (9070, 1039, 5124, 'Minor');
INSERT INTO Victim_Record (Victim_No, Person_ID, Hurt_In, Injury_Severity) VALUES (9071, 1139, 5354, 'Moderate');
INSERT INTO Victim_Record (Victim_No, Person_ID, Hurt_In, Injury_Severity) VALUES (9072, 1160, 5278, 'Minor');
INSERT INTO Victim_Record (Victim_No, Person_ID, Hurt_In, Injury_Severity) VALUES (9073, 1005, 5422, 'Minor');
INSERT INTO Victim_Record (Victim_No, Person_ID, Hurt_In, Injury_Severity) VALUES (9074, 1026, 5278, 'Moderate');
INSERT INTO Victim_Record (Victim_No, Person_ID, Hurt_In, Injury_Severity) VALUES (9075, 1026, 5261, 'Moderate');
INSERT INTO Victim_Record (Victim_No, Person_ID, Hurt_In, Injury_Severity) VALUES (9076, 1036, 5000, 'Minor');
INSERT INTO Victim_Record (Victim_No, Person_ID, Hurt_In, Injury_Severity) VALUES (9077, 1006, 5116, 'Moderate');
INSERT INTO Victim_Record (Victim_No, Person_ID, Hurt_In, Injury_Severity) VALUES (9078, 1098, 5075, 'Moderate');
INSERT INTO Victim_Record (Victim_No, Person_ID, Hurt_In, Injury_Severity) VALUES (9079, 1167, 5146, 'Minor');
INSERT INTO Victim_Record (Victim_No, Person_ID, Hurt_In, Injury_Severity) VALUES (9080, 1175, 5196, 'Severe');
INSERT INTO Victim_Record (Victim_No, Person_ID, Hurt_In, Injury_Severity) VALUES (9081, 1183, 5421, 'Minor');
INSERT INTO Victim_Record (Victim_No, Person_ID, Hurt_In, Injury_Severity) VALUES (9082, 1125, 5086, 'Minor');
INSERT INTO Victim_Record (Victim_No, Person_ID, Hurt_In, Injury_Severity) VALUES (9083, 1057, 5052, 'Moderate');
INSERT INTO Victim_Record (Victim_No, Person_ID, Hurt_In, Injury_Severity) VALUES (9084, 1091, 5039, 'Severe');
INSERT INTO Victim_Record (Victim_No, Person_ID, Hurt_In, Injury_Severity) VALUES (9085, 1085, 5060, 'Moderate');
INSERT INTO Victim_Record (Victim_No, Person_ID, Hurt_In, Injury_Severity) VALUES (9086, 1021, 5022, 'Severe');
INSERT INTO Victim_Record (Victim_No, Person_ID, Hurt_In, Injury_Severity) VALUES (9087, 1038, 5091, 'Moderate');
INSERT INTO Victim_Record (Victim_No, Person_ID, Hurt_In, Injury_Severity) VALUES (9088, 1135, 5171, 'Severe');
INSERT INTO Victim_Record (Victim_No, Person_ID, Hurt_In, Injury_Severity) VALUES (9089, 1046, 5347, 'Moderate');
INSERT INTO Victim_Record (Victim_No, Person_ID, Hurt_In, Injury_Severity) VALUES (9090, 1038, 5341, 'Severe');
INSERT INTO Victim_Record (Victim_No, Person_ID, Hurt_In, Injury_Severity) VALUES (9091, 1077, 5319, 'Moderate');
INSERT INTO Victim_Record (Victim_No, Person_ID, Hurt_In, Injury_Severity) VALUES (9092, 1089, 5448, 'Minor');
INSERT INTO Victim_Record (Victim_No, Person_ID, Hurt_In, Injury_Severity) VALUES (9093, 1069, 5255, 'Severe');
INSERT INTO Victim_Record (Victim_No, Person_ID, Hurt_In, Injury_Severity) VALUES (9094, 1094, 5135, 'Severe');
INSERT INTO Victim_Record (Victim_No, Person_ID, Hurt_In, Injury_Severity) VALUES (9095, 1019, 5403, 'Minor');
INSERT INTO Victim_Record (Victim_No, Person_ID, Hurt_In, Injury_Severity) VALUES (9096, 1038, 5398, 'Severe');
INSERT INTO Victim_Record (Victim_No, Person_ID, Hurt_In, Injury_Severity) VALUES (9097, 1037, 5163, 'Minor');
INSERT INTO Victim_Record (Victim_No, Person_ID, Hurt_In, Injury_Severity) VALUES (9098, 1099, 5228, 'Severe');
INSERT INTO Victim_Record (Victim_No, Person_ID, Hurt_In, Injury_Severity) VALUES (9099, 1122, 5417, 'Minor');
INSERT INTO Victim_Record (Victim_No, Person_ID, Hurt_In, Injury_Severity) VALUES (9100, 1028, 5295, 'Moderate');
INSERT INTO Victim_Record (Victim_No, Person_ID, Hurt_In, Injury_Severity) VALUES (9101, 1186, 5142, 'Minor');
INSERT INTO Victim_Record (Victim_No, Person_ID, Hurt_In, Injury_Severity) VALUES (9102, 1023, 5165, 'Minor');
INSERT INTO Victim_Record (Victim_No, Person_ID, Hurt_In, Injury_Severity) VALUES (9103, 1046, 5392, 'Moderate');
INSERT INTO Victim_Record (Victim_No, Person_ID, Hurt_In, Injury_Severity) VALUES (9104, 1090, 5163, 'Moderate');
INSERT INTO Victim_Record (Victim_No, Person_ID, Hurt_In, Injury_Severity) VALUES (9105, 1108, 5246, 'Severe');
INSERT INTO Victim_Record (Victim_No, Person_ID, Hurt_In, Injury_Severity) VALUES (9106, 1105, 5308, 'Severe');
INSERT INTO Victim_Record (Victim_No, Person_ID, Hurt_In, Injury_Severity) VALUES (9107, 1085, 5070, 'Severe');
INSERT INTO Victim_Record (Victim_No, Person_ID, Hurt_In, Injury_Severity) VALUES (9108, 1062, 5196, 'Moderate');
INSERT INTO Victim_Record (Victim_No, Person_ID, Hurt_In, Injury_Severity) VALUES (9109, 1140, 5254, 'Severe');
INSERT INTO Victim_Record (Victim_No, Person_ID, Hurt_In, Injury_Severity) VALUES (9110, 1136, 5252, 'Severe');
INSERT INTO Victim_Record (Victim_No, Person_ID, Hurt_In, Injury_Severity) VALUES (9111, 1137, 5420, 'Minor');
INSERT INTO Victim_Record (Victim_No, Person_ID, Hurt_In, Injury_Severity) VALUES (9112, 1098, 5042, 'Severe');
INSERT INTO Victim_Record (Victim_No, Person_ID, Hurt_In, Injury_Severity) VALUES (9113, 1183, 5215, 'Severe');
INSERT INTO Victim_Record (Victim_No, Person_ID, Hurt_In, Injury_Severity) VALUES (9114, 1147, 5397, 'Severe');
INSERT INTO Victim_Record (Victim_No, Person_ID, Hurt_In, Injury_Severity) VALUES (9115, 1191, 5112, 'Severe');
INSERT INTO Victim_Record (Victim_No, Person_ID, Hurt_In, Injury_Severity) VALUES (9116, 1022, 5120, 'Moderate');
INSERT INTO Victim_Record (Victim_No, Person_ID, Hurt_In, Injury_Severity) VALUES (9117, 1000, 5104, 'Minor');
INSERT INTO Victim_Record (Victim_No, Person_ID, Hurt_In, Injury_Severity) VALUES (9118, 1092, 5285, 'Moderate');
INSERT INTO Victim_Record (Victim_No, Person_ID, Hurt_In, Injury_Severity) VALUES (9119, 1034, 5056, 'Minor');
INSERT INTO Victim_Record (Victim_No, Person_ID, Hurt_In, Injury_Severity) VALUES (9120, 1089, 5184, 'Minor');
INSERT INTO Victim_Record (Victim_No, Person_ID, Hurt_In, Injury_Severity) VALUES (9121, 1075, 5235, 'Minor');
INSERT INTO Victim_Record (Victim_No, Person_ID, Hurt_In, Injury_Severity) VALUES (9122, 1141, 5215, 'Minor');
INSERT INTO Victim_Record (Victim_No, Person_ID, Hurt_In, Injury_Severity) VALUES (9123, 1053, 5423, 'Minor');
INSERT INTO Victim_Record (Victim_No, Person_ID, Hurt_In, Injury_Severity) VALUES (9124, 1014, 5382, 'Minor');
INSERT INTO Victim_Record (Victim_No, Person_ID, Hurt_In, Injury_Severity) VALUES (9125, 1030, 5356, 'Severe');
INSERT INTO Victim_Record (Victim_No, Person_ID, Hurt_In, Injury_Severity) VALUES (9126, 1036, 5193, 'Severe');
INSERT INTO Victim_Record (Victim_No, Person_ID, Hurt_In, Injury_Severity) VALUES (9127, 1006, 5356, 'Moderate');
INSERT INTO Victim_Record (Victim_No, Person_ID, Hurt_In, Injury_Severity) VALUES (9128, 1095, 5027, 'Severe');
INSERT INTO Victim_Record (Victim_No, Person_ID, Hurt_In, Injury_Severity) VALUES (9129, 1027, 5339, 'Severe');
INSERT INTO Victim_Record (Victim_No, Person_ID, Hurt_In, Injury_Severity) VALUES (9130, 1018, 5244, 'Severe');
INSERT INTO Victim_Record (Victim_No, Person_ID, Hurt_In, Injury_Severity) VALUES (9131, 1040, 5015, 'Minor');
INSERT INTO Victim_Record (Victim_No, Person_ID, Hurt_In, Injury_Severity) VALUES (9132, 1093, 5072, 'Minor');
INSERT INTO Victim_Record (Victim_No, Person_ID, Hurt_In, Injury_Severity) VALUES (9133, 1062, 5039, 'Minor');
INSERT INTO Victim_Record (Victim_No, Person_ID, Hurt_In, Injury_Severity) VALUES (9134, 1145, 5425, 'Moderate');
INSERT INTO Victim_Record (Victim_No, Person_ID, Hurt_In, Injury_Severity) VALUES (9135, 1038, 5391, 'Minor');
INSERT INTO Victim_Record (Victim_No, Person_ID, Hurt_In, Injury_Severity) VALUES (9136, 1120, 5380, 'Minor');
INSERT INTO Victim_Record (Victim_No, Person_ID, Hurt_In, Injury_Severity) VALUES (9137, 1191, 5270, 'Severe');
INSERT INTO Victim_Record (Victim_No, Person_ID, Hurt_In, Injury_Severity) VALUES (9138, 1076, 5240, 'Moderate');
INSERT INTO Victim_Record (Victim_No, Person_ID, Hurt_In, Injury_Severity) VALUES (9139, 1184, 5172, 'Moderate');
INSERT INTO Victim_Record (Victim_No, Person_ID, Hurt_In, Injury_Severity) VALUES (9140, 1165, 5355, 'Minor');
INSERT INTO Victim_Record (Victim_No, Person_ID, Hurt_In, Injury_Severity) VALUES (9141, 1073, 5056, 'Minor');
INSERT INTO Victim_Record (Victim_No, Person_ID, Hurt_In, Injury_Severity) VALUES (9142, 1015, 5328, 'Minor');
INSERT INTO Victim_Record (Victim_No, Person_ID, Hurt_In, Injury_Severity) VALUES (9143, 1154, 5384, 'Minor');
INSERT INTO Victim_Record (Victim_No, Person_ID, Hurt_In, Injury_Severity) VALUES (9144, 1128, 5082, 'Minor');
INSERT INTO Victim_Record (Victim_No, Person_ID, Hurt_In, Injury_Severity) VALUES (9145, 1101, 5426, 'Moderate');
INSERT INTO Victim_Record (Victim_No, Person_ID, Hurt_In, Injury_Severity) VALUES (9146, 1174, 5448, 'Moderate');
INSERT INTO Victim_Record (Victim_No, Person_ID, Hurt_In, Injury_Severity) VALUES (9147, 1141, 5364, 'Moderate');
INSERT INTO Victim_Record (Victim_No, Person_ID, Hurt_In, Injury_Severity) VALUES (9148, 1146, 5256, 'Moderate');
INSERT INTO Victim_Record (Victim_No, Person_ID, Hurt_In, Injury_Severity) VALUES (9149, 1181, 5116, 'Moderate');
INSERT INTO Victim_Record (Victim_No, Person_ID, Hurt_In, Injury_Severity) VALUES (9150, 1040, 5139, 'Minor');
INSERT INTO Victim_Record (Victim_No, Person_ID, Hurt_In, Injury_Severity) VALUES (9151, 1133, 5193, 'Minor');
INSERT INTO Victim_Record (Victim_No, Person_ID, Hurt_In, Injury_Severity) VALUES (9152, 1190, 5108, 'Moderate');
INSERT INTO Victim_Record (Victim_No, Person_ID, Hurt_In, Injury_Severity) VALUES (9153, 1158, 5028, 'Minor');
INSERT INTO Victim_Record (Victim_No, Person_ID, Hurt_In, Injury_Severity) VALUES (9154, 1100, 5094, 'Severe');
INSERT INTO Victim_Record (Victim_No, Person_ID, Hurt_In, Injury_Severity) VALUES (9155, 1143, 5309, 'Minor');
INSERT INTO Victim_Record (Victim_No, Person_ID, Hurt_In, Injury_Severity) VALUES (9156, 1177, 5239, 'Moderate');
INSERT INTO Victim_Record (Victim_No, Person_ID, Hurt_In, Injury_Severity) VALUES (9157, 1080, 5334, 'Severe');
INSERT INTO Victim_Record (Victim_No, Person_ID, Hurt_In, Injury_Severity) VALUES (9158, 1103, 5423, 'Moderate');
INSERT INTO Victim_Record (Victim_No, Person_ID, Hurt_In, Injury_Severity) VALUES (9159, 1042, 5027, 'Moderate');
INSERT INTO Victim_Record (Victim_No, Person_ID, Hurt_In, Injury_Severity) VALUES (9160, 1165, 5217, 'Minor');
INSERT INTO Victim_Record (Victim_No, Person_ID, Hurt_In, Injury_Severity) VALUES (9161, 1069, 5055, 'Minor');
INSERT INTO Victim_Record (Victim_No, Person_ID, Hurt_In, Injury_Severity) VALUES (9162, 1019, 5185, 'Severe');
INSERT INTO Victim_Record (Victim_No, Person_ID, Hurt_In, Injury_Severity) VALUES (9163, 1199, 5433, 'Moderate');
INSERT INTO Victim_Record (Victim_No, Person_ID, Hurt_In, Injury_Severity) VALUES (9164, 1007, 5122, 'Moderate');
INSERT INTO Victim_Record (Victim_No, Person_ID, Hurt_In, Injury_Severity) VALUES (9165, 1041, 5277, 'Minor');
INSERT INTO Victim_Record (Victim_No, Person_ID, Hurt_In, Injury_Severity) VALUES (9166, 1016, 5108, 'Severe');
INSERT INTO Victim_Record (Victim_No, Person_ID, Hurt_In, Injury_Severity) VALUES (9167, 1002, 5387, 'Moderate');
INSERT INTO Victim_Record (Victim_No, Person_ID, Hurt_In, Injury_Severity) VALUES (9168, 1048, 5282, 'Minor');
INSERT INTO Victim_Record (Victim_No, Person_ID, Hurt_In, Injury_Severity) VALUES (9169, 1163, 5016, 'Minor');
INSERT INTO Victim_Record (Victim_No, Person_ID, Hurt_In, Injury_Severity) VALUES (9170, 1068, 5043, 'Severe');
INSERT INTO Victim_Record (Victim_No, Person_ID, Hurt_In, Injury_Severity) VALUES (9171, 1144, 5022, 'Severe');
INSERT INTO Victim_Record (Victim_No, Person_ID, Hurt_In, Injury_Severity) VALUES (9172, 1123, 5023, 'Minor');
INSERT INTO Victim_Record (Victim_No, Person_ID, Hurt_In, Injury_Severity) VALUES (9173, 1080, 5047, 'Moderate');
INSERT INTO Victim_Record (Victim_No, Person_ID, Hurt_In, Injury_Severity) VALUES (9174, 1002, 5182, 'Moderate');
INSERT INTO Victim_Record (Victim_No, Person_ID, Hurt_In, Injury_Severity) VALUES (9175, 1101, 5256, 'Minor');
INSERT INTO Victim_Record (Victim_No, Person_ID, Hurt_In, Injury_Severity) VALUES (9176, 1080, 5384, 'Moderate');
INSERT INTO Victim_Record (Victim_No, Person_ID, Hurt_In, Injury_Severity) VALUES (9177, 1185, 5182, 'Minor');
INSERT INTO Victim_Record (Victim_No, Person_ID, Hurt_In, Injury_Severity) VALUES (9178, 1179, 5345, 'Minor');
INSERT INTO Victim_Record (Victim_No, Person_ID, Hurt_In, Injury_Severity) VALUES (9179, 1084, 5208, 'Severe');
INSERT INTO Experiment (Exp_ID, Purpose, Confidentiality, Result, Date, Conducted_By) VALUES (10000, 'Telemetry calibration', 'Low', 'Contained anomaly', '1984-01-19', 1097);
INSERT INTO Experiment (Exp_ID, Purpose, Confidentiality, Result, Date, Conducted_By) VALUES (10001, 'Artifact resonance test', 'High', 'Success', '1985-03-05', 1174);
INSERT INTO Experiment (Exp_ID, Purpose, Confidentiality, Result, Date, Conducted_By) VALUES (10002, 'Artifact resonance test', 'Low', 'Success', '1984-04-26', 1174);
INSERT INTO Experiment (Exp_ID, Purpose, Confidentiality, Result, Date, Conducted_By) VALUES (10003, 'Exposure drill', 'Low', 'Partial success', '1987-09-24', 1155);
INSERT INTO Experiment (Exp_ID, Purpose, Confidentiality, Result, Date, Conducted_By) VALUES (10004, 'Exposure drill', 'High', 'Inconclusive', '1986-03-11', 1074);
INSERT INTO Experiment (Exp_ID, Purpose, Confidentiality, Result, Date, Conducted_By) VALUES (10005, 'Containment stress test', 'High', 'Adverse reaction', '1983-12-25', 1174);
INSERT INTO Experiment (Exp_ID, Purpose, Confidentiality, Result, Date, Conducted_By) VALUES (10006, 'Artifact resonance test', 'Low', 'Partial success', '1987-10-03', 1039);
INSERT INTO Experiment (Exp_ID, Purpose, Confidentiality, Result, Date, Conducted_By) VALUES (10007, 'Telemetry calibration', 'High', 'Adverse reaction', '1983-01-05', 1196);
INSERT INTO Experiment (Exp_ID, Purpose, Confidentiality, Result, Date, Conducted_By) VALUES (10008, 'Containment stress test', 'High', 'Success', '1986-02-15', 1080);
INSERT INTO Experiment (Exp_ID, Purpose, Confidentiality, Result, Date, Conducted_By) VALUES (10009, 'Remote viewing', 'Medium', 'Partial success', '1983-05-19', 1093);
INSERT INTO Experiment (Exp_ID, Purpose, Confidentiality, Result, Date, Conducted_By) VALUES (10010, 'Containment stress test', 'Low', 'Success', '1984-12-25', 1117);
INSERT INTO Experiment (Exp_ID, Purpose, Confidentiality, Result, Date, Conducted_By) VALUES (10011, 'Containment stress test', 'Medium', 'Inconclusive', '1986-11-05', 1031);
INSERT INTO Experiment (Exp_ID, Purpose, Confidentiality, Result, Date, Conducted_By) VALUES (10012, 'Telemetry calibration', 'Medium', 'Success', '1985-05-13', 1104);
INSERT INTO Experiment (Exp_ID, Purpose, Confidentiality, Result, Date, Conducted_By) VALUES (10013, 'Telemetry calibration', 'High', 'Partial success', '1986-06-17', 1159);
INSERT INTO Experiment (Exp_ID, Purpose, Confidentiality, Result, Date, Conducted_By) VALUES (10014, 'Containment stress test', 'Medium', 'Success', '1986-09-15', 1067);
INSERT INTO Experiment (Exp_ID, Purpose, Confidentiality, Result, Date, Conducted_By) VALUES (10015, 'Exposure drill', 'Low', 'Contained anomaly', '1983-12-26', 1062);
INSERT INTO Experiment (Exp_ID, Purpose, Confidentiality, Result, Date, Conducted_By) VALUES (10016, 'Exposure drill', 'High', 'Success', '1984-02-10', 1096);
INSERT INTO Experiment (Exp_ID, Purpose, Confidentiality, Result, Date, Conducted_By) VALUES (10017, 'Remote viewing', 'High', 'Adverse reaction', '1983-04-13', 1118);
INSERT INTO Experiment (Exp_ID, Purpose, Confidentiality, Result, Date, Conducted_By) VALUES (10018, 'Exposure drill', 'Low', 'Inconclusive', '1986-08-21', 1136);
INSERT INTO Experiment (Exp_ID, Purpose, Confidentiality, Result, Date, Conducted_By) VALUES (10019, 'Artifact resonance test', 'Low', 'Success', '1984-12-04', 1101);
INSERT INTO Experiment (Exp_ID, Purpose, Confidentiality, Result, Date, Conducted_By) VALUES (10020, 'Artifact resonance test', 'Low', 'Adverse reaction', '1985-02-11', 1087);
INSERT INTO Experiment (Exp_ID, Purpose, Confidentiality, Result, Date, Conducted_By) VALUES (10021, 'Telemetry calibration', 'Medium', 'Partial success', '1986-02-09', 1116);
INSERT INTO Experiment (Exp_ID, Purpose, Confidentiality, Result, Date, Conducted_By) VALUES (10022, 'Psychokinetic test', 'High', 'Partial success', '1986-03-21', 1054);
INSERT INTO Experiment (Exp_ID, Purpose, Confidentiality, Result, Date, Conducted_By) VALUES (10023, 'Containment stress test', 'High', 'Success', '1987-07-02', 1092);
INSERT INTO Experiment (Exp_ID, Purpose, Confidentiality, Result, Date, Conducted_By) VALUES (10024, 'Artifact resonance test', 'Medium', 'Partial success', '1983-04-28', 1005);
INSERT INTO Experiment (Exp_ID, Purpose, Confidentiality, Result, Date, Conducted_By) VALUES (10025, 'Exposure drill', 'Medium', 'Inconclusive', '1985-11-06', 1021);
INSERT INTO Experiment (Exp_ID, Purpose, Confidentiality, Result, Date, Conducted_By) VALUES (10026, 'Remote viewing', 'Low', 'Inconclusive', '1986-02-10', 1182);
INSERT INTO Experiment (Exp_ID, Purpose, Confidentiality, Result, Date, Conducted_By) VALUES (10027, 'Artifact resonance test', 'Medium', 'Contained anomaly', '1984-11-09', 1047);
INSERT INTO Experiment (Exp_ID, Purpose, Confidentiality, Result, Date, Conducted_By) VALUES (10028, 'Psychokinetic test', 'Low', 'Adverse reaction', '1985-05-06', 1050);
INSERT INTO Experiment (Exp_ID, Purpose, Confidentiality, Result, Date, Conducted_By) VALUES (10029, 'Containment stress test', 'Medium', 'Adverse reaction', '1986-09-23', 1041);
INSERT INTO Experiment (Exp_ID, Purpose, Confidentiality, Result, Date, Conducted_By) VALUES (10030, 'Exposure drill', 'Medium', 'Inconclusive', '1987-07-27', 1002);
INSERT INTO Experiment (Exp_ID, Purpose, Confidentiality, Result, Date, Conducted_By) VALUES (10031, 'Telemetry calibration', 'High', 'Partial success', '1983-12-22', 1148);
INSERT INTO Experiment (Exp_ID, Purpose, Confidentiality, Result, Date, Conducted_By) VALUES (10032, 'Telemetry calibration', 'Low', 'Inconclusive', '1985-01-05', 1117);
INSERT INTO Experiment (Exp_ID, Purpose, Confidentiality, Result, Date, Conducted_By) VALUES (10033, 'Remote viewing', 'Medium', 'Inconclusive', '1983-11-14', 1067);
INSERT INTO Experiment (Exp_ID, Purpose, Confidentiality, Result, Date, Conducted_By) VALUES (10034, 'Telemetry calibration', 'High', 'Success', '1986-03-21', 1115);
INSERT INTO Experiment (Exp_ID, Purpose, Confidentiality, Result, Date, Conducted_By) VALUES (10035, 'Exposure drill', 'High', 'Success', '1983-04-24', 1048);
INSERT INTO Experiment (Exp_ID, Purpose, Confidentiality, Result, Date, Conducted_By) VALUES (10036, 'Artifact resonance test', 'High', 'Contained anomaly', '1984-10-13', 1055);
INSERT INTO Experiment (Exp_ID, Purpose, Confidentiality, Result, Date, Conducted_By) VALUES (10037, 'Containment stress test', 'Low', 'Partial success', '1987-01-12', 1093);
INSERT INTO Experiment (Exp_ID, Purpose, Confidentiality, Result, Date, Conducted_By) VALUES (10038, 'Psychokinetic test', 'Medium', 'Inconclusive', '1987-02-23', 1127);
INSERT INTO Experiment (Exp_ID, Purpose, Confidentiality, Result, Date, Conducted_By) VALUES (10039, 'Exposure drill', 'Medium', 'Adverse reaction', '1986-06-12', 1138);
INSERT INTO Experiment (Exp_ID, Purpose, Confidentiality, Result, Date, Conducted_By) VALUES (10040, 'Artifact resonance test', 'High', 'Inconclusive', '1983-03-15', 1109);
INSERT INTO Experiment (Exp_ID, Purpose, Confidentiality, Result, Date, Conducted_By) VALUES (10041, 'Containment stress test', 'Low', 'Contained anomaly', '1987-03-18', 1111);
INSERT INTO Experiment (Exp_ID, Purpose, Confidentiality, Result, Date, Conducted_By) VALUES (10042, 'Artifact resonance test', 'Medium', 'Adverse reaction', '1985-12-20', 1025);
INSERT INTO Experiment (Exp_ID, Purpose, Confidentiality, Result, Date, Conducted_By) VALUES (10043, 'Psychokinetic test', 'Low', 'Success', '1983-10-14', 1026);
INSERT INTO Experiment (Exp_ID, Purpose, Confidentiality, Result, Date, Conducted_By) VALUES (10044, 'Artifact resonance test', 'High', 'Contained anomaly', '1987-02-21', 1113);
INSERT INTO Experiment (Exp_ID, Purpose, Confidentiality, Result, Date, Conducted_By) VALUES (10045, 'Telemetry calibration', 'High', 'Success', '1985-07-07', 1057);
INSERT INTO Experiment (Exp_ID, Purpose, Confidentiality, Result, Date, Conducted_By) VALUES (10046, 'Artifact resonance test', 'High', 'Adverse reaction', '1983-04-28', 1120);
INSERT INTO Experiment (Exp_ID, Purpose, Confidentiality, Result, Date, Conducted_By) VALUES (10047, 'Psychokinetic test', 'Medium', 'Adverse reaction', '1986-11-23', 1189);
INSERT INTO Experiment (Exp_ID, Purpose, Confidentiality, Result, Date, Conducted_By) VALUES (10048, 'Artifact resonance test', 'Low', 'Inconclusive', '1984-09-10', 1068);
INSERT INTO Experiment (Exp_ID, Purpose, Confidentiality, Result, Date, Conducted_By) VALUES (10049, 'Exposure drill', 'Medium', 'Inconclusive', '1986-11-08', 1001);
INSERT INTO Experiment (Exp_ID, Purpose, Confidentiality, Result, Date, Conducted_By) VALUES (10050, 'Artifact resonance test', 'Low', 'Success', '1983-03-26', 1095);
INSERT INTO Experiment (Exp_ID, Purpose, Confidentiality, Result, Date, Conducted_By) VALUES (10051, 'Telemetry calibration', 'High', 'Contained anomaly', '1985-06-06', 1146);
INSERT INTO Experiment (Exp_ID, Purpose, Confidentiality, Result, Date, Conducted_By) VALUES (10052, 'Artifact resonance test', 'Low', 'Contained anomaly', '1986-04-20', 1164);
INSERT INTO Experiment (Exp_ID, Purpose, Confidentiality, Result, Date, Conducted_By) VALUES (10053, 'Artifact resonance test', 'Low', 'Contained anomaly', '1986-03-21', 1099);
INSERT INTO Experiment (Exp_ID, Purpose, Confidentiality, Result, Date, Conducted_By) VALUES (10054, 'Exposure drill', 'Low', 'Adverse reaction', '1985-09-06', 1111);
INSERT INTO Experiment (Exp_ID, Purpose, Confidentiality, Result, Date, Conducted_By) VALUES (10055, 'Remote viewing', 'Low', 'Partial success', '1987-02-21', 1147);
INSERT INTO Experiment (Exp_ID, Purpose, Confidentiality, Result, Date, Conducted_By) VALUES (10056, 'Artifact resonance test', 'High', 'Inconclusive', '1987-03-11', 1052);
INSERT INTO Experiment (Exp_ID, Purpose, Confidentiality, Result, Date, Conducted_By) VALUES (10057, 'Psychokinetic test', 'Low', 'Success', '1986-01-21', 1197);
INSERT INTO Experiment (Exp_ID, Purpose, Confidentiality, Result, Date, Conducted_By) VALUES (10058, 'Telemetry calibration', 'Low', 'Success', '1987-12-18', 1020);
INSERT INTO Experiment (Exp_ID, Purpose, Confidentiality, Result, Date, Conducted_By) VALUES (10059, 'Telemetry calibration', 'Medium', 'Success', '1984-08-21', 1161);
INSERT INTO Experiment (Exp_ID, Purpose, Confidentiality, Result, Date, Conducted_By) VALUES (10060, 'Containment stress test', 'Low', 'Partial success', '1984-05-07', 1137);
INSERT INTO Experiment (Exp_ID, Purpose, Confidentiality, Result, Date, Conducted_By) VALUES (10061, 'Remote viewing', 'High', 'Adverse reaction', '1985-11-02', 1070);
INSERT INTO Experiment (Exp_ID, Purpose, Confidentiality, Result, Date, Conducted_By) VALUES (10062, 'Psychokinetic test', 'Low', 'Success', '1987-02-04', 1117);
INSERT INTO Experiment (Exp_ID, Purpose, Confidentiality, Result, Date, Conducted_By) VALUES (10063, 'Telemetry calibration', 'Low', 'Success', '1984-05-09', 1046);
INSERT INTO Experiment (Exp_ID, Purpose, Confidentiality, Result, Date, Conducted_By) VALUES (10064, 'Psychokinetic test', 'Low', 'Adverse reaction', '1985-04-13', 1025);
INSERT INTO Experiment (Exp_ID, Purpose, Confidentiality, Result, Date, Conducted_By) VALUES (10065, 'Artifact resonance test', 'Low', 'Adverse reaction', '1983-08-21', 1019);
INSERT INTO Experiment (Exp_ID, Purpose, Confidentiality, Result, Date, Conducted_By) VALUES (10066, 'Remote viewing', 'High', 'Adverse reaction', '1986-06-21', 1115);
INSERT INTO Experiment (Exp_ID, Purpose, Confidentiality, Result, Date, Conducted_By) VALUES (10067, 'Remote viewing', 'Low', 'Inconclusive', '1983-03-22', 1145);
INSERT INTO Experiment (Exp_ID, Purpose, Confidentiality, Result, Date, Conducted_By) VALUES (10068, 'Exposure drill', 'High', 'Success', '1983-06-12', 1123);
INSERT INTO Experiment (Exp_ID, Purpose, Confidentiality, Result, Date, Conducted_By) VALUES (10069, 'Telemetry calibration', 'High', 'Contained anomaly', '1983-03-17', 1189);
INSERT INTO Experiment (Exp_ID, Purpose, Confidentiality, Result, Date, Conducted_By) VALUES (10070, 'Containment stress test', 'Low', 'Partial success', '1987-01-18', 1005);
INSERT INTO Experiment (Exp_ID, Purpose, Confidentiality, Result, Date, Conducted_By) VALUES (10071, 'Telemetry calibration', 'High', 'Partial success', '1984-06-04', 1055);
INSERT INTO Experiment (Exp_ID, Purpose, Confidentiality, Result, Date, Conducted_By) VALUES (10072, 'Psychokinetic test', 'Medium', 'Partial success', '1984-02-24', 1177);
INSERT INTO Experiment (Exp_ID, Purpose, Confidentiality, Result, Date, Conducted_By) VALUES (10073, 'Remote viewing', 'Medium', 'Inconclusive', '1986-04-03', 1089);
INSERT INTO Experiment (Exp_ID, Purpose, Confidentiality, Result, Date, Conducted_By) VALUES (10074, 'Exposure drill', 'High', 'Inconclusive', '1986-12-26', 1126);
INSERT INTO Experiment (Exp_ID, Purpose, Confidentiality, Result, Date, Conducted_By) VALUES (10075, 'Artifact resonance test', 'High', 'Adverse reaction', '1984-05-06', 1050);
INSERT INTO Experiment (Exp_ID, Purpose, Confidentiality, Result, Date, Conducted_By) VALUES (10076, 'Exposure drill', 'High', 'Inconclusive', '1986-02-19', 1196);
INSERT INTO Experiment (Exp_ID, Purpose, Confidentiality, Result, Date, Conducted_By) VALUES (10077, 'Telemetry calibration', 'Medium', 'Partial success', '1984-12-16', 1110);
INSERT INTO Experiment (Exp_ID, Purpose, Confidentiality, Result, Date, Conducted_By) VALUES (10078, 'Artifact resonance test', 'Medium', 'Contained anomaly', '1985-06-20', 1027);
INSERT INTO Experiment (Exp_ID, Purpose, Confidentiality, Result, Date, Conducted_By) VALUES (10079, 'Telemetry calibration', 'Medium', 'Adverse reaction', '1984-10-12', 1095);
INSERT INTO Experiment (Exp_ID, Purpose, Confidentiality, Result, Date, Conducted_By) VALUES (10080, 'Exposure drill', 'Low', 'Adverse reaction', '1984-01-17', 1064);
INSERT INTO Experiment (Exp_ID, Purpose, Confidentiality, Result, Date, Conducted_By) VALUES (10081, 'Telemetry calibration', 'Medium', 'Inconclusive', '1987-11-17', 1090);
INSERT INTO Experiment (Exp_ID, Purpose, Confidentiality, Result, Date, Conducted_By) VALUES (10082, 'Artifact resonance test', 'Low', 'Success', '1984-06-14', 1047);
INSERT INTO Experiment (Exp_ID, Purpose, Confidentiality, Result, Date, Conducted_By) VALUES (10083, 'Containment stress test', 'Low', 'Success', '1984-11-12', 1095);
INSERT INTO Experiment (Exp_ID, Purpose, Confidentiality, Result, Date, Conducted_By) VALUES (10084, 'Remote viewing', 'Medium', 'Success', '1983-06-23', 1002);
INSERT INTO Experiment (Exp_ID, Purpose, Confidentiality, Result, Date, Conducted_By) VALUES (10085, 'Exposure drill', 'Medium', 'Partial success', '1986-10-26', 1082);
INSERT INTO Experiment (Exp_ID, Purpose, Confidentiality, Result, Date, Conducted_By) VALUES (10086, 'Remote viewing', 'High', 'Success', '1986-05-20', 1054);
INSERT INTO Experiment (Exp_ID, Purpose, Confidentiality, Result, Date, Conducted_By) VALUES (10087, 'Telemetry calibration', 'Low', 'Success', '1987-05-23', 1155);
INSERT INTO Experiment (Exp_ID, Purpose, Confidentiality, Result, Date, Conducted_By) VALUES (10088, 'Exposure drill', 'Low', 'Contained anomaly', '1986-11-25', 1111);
INSERT INTO Experiment (Exp_ID, Purpose, Confidentiality, Result, Date, Conducted_By) VALUES (10089, 'Containment stress test', 'Medium', 'Partial success', '1984-01-26', 1126);
INSERT INTO Report (Report_ID, Date, Authored_By, Verified_By, Documents_Artifact) VALUES (11000, '1986-01-09', 1107, 1030, 3015);
INSERT INTO Report_Details (Report_ID, Summary, Verdict) VALUES (11000, 'Report summary 11000', 'False');
INSERT INTO Report (Report_ID, Date, Authored_By, Verified_By, Documents_Artifact) VALUES (11001, '1984-10-11', 1151, 1098, 3030);
INSERT INTO Report_Details (Report_ID, Summary, Verdict) VALUES (11001, 'Report summary 11001', 'Unclear');
INSERT INTO Report (Report_ID, Date, Authored_By, Verified_By, Documents_Artifact) VALUES (11002, '1983-05-01', 1164, 1147, 3000);
INSERT INTO Report_Details (Report_ID, Summary, Verdict) VALUES (11002, 'Report summary 11002', 'False');
INSERT INTO Report (Report_ID, Date, Authored_By, Verified_By, Documents_Artifact) VALUES (11003, '1985-03-27', 1103, 1009, 3114);
INSERT INTO Report_Details (Report_ID, Summary, Verdict) VALUES (11003, 'Report summary 11003', 'Unclear');
INSERT INTO Report (Report_ID, Date, Authored_By, Verified_By, Documents_Artifact) VALUES (11004, '1987-01-11', 1165, 1004, 3008);
INSERT INTO Report_Details (Report_ID, Summary, Verdict) VALUES (11004, 'Report summary 11004', 'False');
INSERT INTO Report (Report_ID, Date, Authored_By, Verified_By, Documents_Artifact) VALUES (11005, '1983-07-24', 1077, 1070, 3040);
INSERT INTO Report_Details (Report_ID, Summary, Verdict) VALUES (11005, 'Report summary 11005', 'False');
INSERT INTO Report (Report_ID, Date, Authored_By, Verified_By, Documents_Artifact) VALUES (11006, '1986-02-18', 1198, 1080, 3063);
INSERT INTO Report_Details (Report_ID, Summary, Verdict) VALUES (11006, 'Report summary 11006', 'Unclear');
INSERT INTO Report (Report_ID, Date, Authored_By, Verified_By, Documents_Artifact) VALUES (11007, '1983-07-10', 1178, 1116, 3063);
INSERT INTO Report_Details (Report_ID, Summary, Verdict) VALUES (11007, 'Report summary 11007', 'Unclear');
INSERT INTO Report (Report_ID, Date, Authored_By, Verified_By, Documents_Artifact) VALUES (11008, '1983-06-20', 1026, 1007, 3028);
INSERT INTO Report_Details (Report_ID, Summary, Verdict) VALUES (11008, 'Report summary 11008', 'True');
INSERT INTO Report (Report_ID, Date, Authored_By, Verified_By, Documents_Artifact) VALUES (11009, '1983-03-04', 1082, 1176, 3092);
INSERT INTO Report_Details (Report_ID, Summary, Verdict) VALUES (11009, 'Report summary 11009', 'False');
INSERT INTO Report (Report_ID, Date, Authored_By, Verified_By, Documents_Artifact) VALUES (11010, '1984-03-03', 1048, 1185, 3115);
INSERT INTO Report_Details (Report_ID, Summary, Verdict) VALUES (11010, 'Report summary 11010', 'False');
INSERT INTO Report (Report_ID, Date, Authored_By, Verified_By, Documents_Artifact) VALUES (11011, '1987-01-23', 1013, 1066, 3113);
INSERT INTO Report_Details (Report_ID, Summary, Verdict) VALUES (11011, 'Report summary 11011', 'True');
INSERT INTO Report (Report_ID, Date, Authored_By, Verified_By, Documents_Artifact) VALUES (11012, '1983-01-10', 1019, 1067, 3042);
INSERT INTO Report_Details (Report_ID, Summary, Verdict) VALUES (11012, 'Report summary 11012', 'Unclear');
INSERT INTO Report (Report_ID, Date, Authored_By, Verified_By, Documents_Artifact) VALUES (11013, '1987-07-09', 1178, 1043, 3118);
INSERT INTO Report_Details (Report_ID, Summary, Verdict) VALUES (11013, 'Report summary 11013', 'True');
INSERT INTO Report (Report_ID, Date, Authored_By, Verified_By, Documents_Artifact) VALUES (11014, '1987-08-04', 1032, 1081, 3110);
INSERT INTO Report_Details (Report_ID, Summary, Verdict) VALUES (11014, 'Report summary 11014', 'True');
INSERT INTO Report (Report_ID, Date, Authored_By, Verified_By, Documents_Artifact) VALUES (11015, '1987-07-21', 1114, 1171, 3015);
INSERT INTO Report_Details (Report_ID, Summary, Verdict) VALUES (11015, 'Report summary 11015', 'Unclear');
INSERT INTO Report (Report_ID, Date, Authored_By, Verified_By, Documents_Artifact) VALUES (11016, '1987-04-19', 1122, 1169, 3062);
INSERT INTO Report_Details (Report_ID, Summary, Verdict) VALUES (11016, 'Report summary 11016', 'False');
INSERT INTO Report (Report_ID, Date, Authored_By, Verified_By, Documents_Artifact) VALUES (11017, '1985-12-16', 1057, 1023, 3033);
INSERT INTO Report_Details (Report_ID, Summary, Verdict) VALUES (11017, 'Report summary 11017', 'False');
INSERT INTO Report (Report_ID, Date, Authored_By, Verified_By, Documents_Artifact) VALUES (11018, '1983-06-18', 1062, 1168, 3082);
INSERT INTO Report_Details (Report_ID, Summary, Verdict) VALUES (11018, 'Report summary 11018', 'Unclear');
INSERT INTO Report (Report_ID, Date, Authored_By, Verified_By, Documents_Artifact) VALUES (11019, '1984-12-03', 1019, 1126, 3007);
INSERT INTO Report_Details (Report_ID, Summary, Verdict) VALUES (11019, 'Report summary 11019', 'True');
INSERT INTO Report (Report_ID, Date, Authored_By, Verified_By, Documents_Artifact) VALUES (11020, '1983-11-07', 1119, 1098, 3024);
INSERT INTO Report_Details (Report_ID, Summary, Verdict) VALUES (11020, 'Report summary 11020', 'False');
INSERT INTO Report (Report_ID, Date, Authored_By, Verified_By, Documents_Artifact) VALUES (11021, '1983-06-07', 1151, 1194, 3067);
INSERT INTO Report_Details (Report_ID, Summary, Verdict) VALUES (11021, 'Report summary 11021', 'Unclear');
INSERT INTO Report (Report_ID, Date, Authored_By, Verified_By, Documents_Artifact) VALUES (11022, '1985-05-23', 1116, 1167, 3019);
INSERT INTO Report_Details (Report_ID, Summary, Verdict) VALUES (11022, 'Report summary 11022', 'Unclear');
INSERT INTO Report (Report_ID, Date, Authored_By, Verified_By, Documents_Artifact) VALUES (11023, '1983-03-08', 1093, 1098, 3057);
INSERT INTO Report_Details (Report_ID, Summary, Verdict) VALUES (11023, 'Report summary 11023', 'Unclear');
INSERT INTO Report (Report_ID, Date, Authored_By, Verified_By, Documents_Artifact) VALUES (11024, '1987-04-25', 1102, 1048, 3008);
INSERT INTO Report_Details (Report_ID, Summary, Verdict) VALUES (11024, 'Report summary 11024', 'False');
INSERT INTO Report (Report_ID, Date, Authored_By, Verified_By, Documents_Artifact) VALUES (11025, '1986-03-22', 1078, 1147, 3082);
INSERT INTO Report_Details (Report_ID, Summary, Verdict) VALUES (11025, 'Report summary 11025', 'True');
INSERT INTO Report (Report_ID, Date, Authored_By, Verified_By, Documents_Artifact) VALUES (11026, '1984-08-04', 1190, 1028, 3030);
INSERT INTO Report_Details (Report_ID, Summary, Verdict) VALUES (11026, 'Report summary 11026', 'True');
INSERT INTO Report (Report_ID, Date, Authored_By, Verified_By, Documents_Artifact) VALUES (11027, '1986-03-09', 1007, 1121, 3084);
INSERT INTO Report_Details (Report_ID, Summary, Verdict) VALUES (11027, 'Report summary 11027', 'Unclear');
INSERT INTO Report (Report_ID, Date, Authored_By, Verified_By, Documents_Artifact) VALUES (11028, '1986-06-09', 1030, 1140, 3010);
INSERT INTO Report_Details (Report_ID, Summary, Verdict) VALUES (11028, 'Report summary 11028', 'False');
INSERT INTO Report (Report_ID, Date, Authored_By, Verified_By, Documents_Artifact) VALUES (11029, '1986-04-05', 1101, 1128, 3055);
INSERT INTO Report_Details (Report_ID, Summary, Verdict) VALUES (11029, 'Report summary 11029', 'Unclear');
INSERT INTO Report (Report_ID, Date, Authored_By, Verified_By, Documents_Artifact) VALUES (11030, '1985-01-15', 1069, 1094, 3012);
INSERT INTO Report_Details (Report_ID, Summary, Verdict) VALUES (11030, 'Report summary 11030', 'True');
INSERT INTO Report (Report_ID, Date, Authored_By, Verified_By, Documents_Artifact) VALUES (11031, '1986-12-14', 1049, 1075, 3024);
INSERT INTO Report_Details (Report_ID, Summary, Verdict) VALUES (11031, 'Report summary 11031', 'False');
INSERT INTO Report (Report_ID, Date, Authored_By, Verified_By, Documents_Artifact) VALUES (11032, '1984-10-09', 1135, 1155, 3063);
INSERT INTO Report_Details (Report_ID, Summary, Verdict) VALUES (11032, 'Report summary 11032', 'Unclear');
INSERT INTO Report (Report_ID, Date, Authored_By, Verified_By, Documents_Artifact) VALUES (11033, '1986-02-22', 1012, 1165, 3031);
INSERT INTO Report_Details (Report_ID, Summary, Verdict) VALUES (11033, 'Report summary 11033', 'True');
INSERT INTO Report (Report_ID, Date, Authored_By, Verified_By, Documents_Artifact) VALUES (11034, '1984-02-02', 1009, 1147, 3034);
INSERT INTO Report_Details (Report_ID, Summary, Verdict) VALUES (11034, 'Report summary 11034', 'True');
INSERT INTO Report (Report_ID, Date, Authored_By, Verified_By, Documents_Artifact) VALUES (11035, '1983-09-04', 1070, 1057, 3112);
INSERT INTO Report_Details (Report_ID, Summary, Verdict) VALUES (11035, 'Report summary 11035', 'Unclear');
INSERT INTO Report (Report_ID, Date, Authored_By, Verified_By, Documents_Artifact) VALUES (11036, '1986-07-13', 1025, 1056, 3093);
INSERT INTO Report_Details (Report_ID, Summary, Verdict) VALUES (11036, 'Report summary 11036', 'Unclear');
INSERT INTO Report (Report_ID, Date, Authored_By, Verified_By, Documents_Artifact) VALUES (11037, '1985-08-07', 1043, 1052, 3044);
INSERT INTO Report_Details (Report_ID, Summary, Verdict) VALUES (11037, 'Report summary 11037', 'Unclear');
INSERT INTO Report (Report_ID, Date, Authored_By, Verified_By, Documents_Artifact) VALUES (11038, '1985-12-20', 1073, 1187, 3000);
INSERT INTO Report_Details (Report_ID, Summary, Verdict) VALUES (11038, 'Report summary 11038', 'True');
INSERT INTO Report (Report_ID, Date, Authored_By, Verified_By, Documents_Artifact) VALUES (11039, '1984-09-23', 1159, 1122, 3094);
INSERT INTO Report_Details (Report_ID, Summary, Verdict) VALUES (11039, 'Report summary 11039', 'False');
INSERT INTO Report (Report_ID, Date, Authored_By, Verified_By, Documents_Artifact) VALUES (11040, '1984-03-11', 1174, 1017, 3021);
INSERT INTO Report_Details (Report_ID, Summary, Verdict) VALUES (11040, 'Report summary 11040', 'True');
INSERT INTO Report (Report_ID, Date, Authored_By, Verified_By, Documents_Artifact) VALUES (11041, '1985-08-05', 1003, 1170, 3060);
INSERT INTO Report_Details (Report_ID, Summary, Verdict) VALUES (11041, 'Report summary 11041', 'False');
INSERT INTO Report (Report_ID, Date, Authored_By, Verified_By, Documents_Artifact) VALUES (11042, '1985-01-06', 1067, 1019, 3021);
INSERT INTO Report_Details (Report_ID, Summary, Verdict) VALUES (11042, 'Report summary 11042', 'Unclear');
INSERT INTO Report (Report_ID, Date, Authored_By, Verified_By, Documents_Artifact) VALUES (11043, '1983-10-12', 1121, 1149, 3000);
INSERT INTO Report_Details (Report_ID, Summary, Verdict) VALUES (11043, 'Report summary 11043', 'False');
INSERT INTO Report (Report_ID, Date, Authored_By, Verified_By, Documents_Artifact) VALUES (11044, '1984-08-04', 1011, 1004, 3072);
INSERT INTO Report_Details (Report_ID, Summary, Verdict) VALUES (11044, 'Report summary 11044', 'Unclear');
INSERT INTO Report (Report_ID, Date, Authored_By, Verified_By, Documents_Artifact) VALUES (11045, '1985-04-17', 1128, 1042, 3096);
INSERT INTO Report_Details (Report_ID, Summary, Verdict) VALUES (11045, 'Report summary 11045', 'True');
INSERT INTO Report (Report_ID, Date, Authored_By, Verified_By, Documents_Artifact) VALUES (11046, '1983-02-10', 1188, 1085, 3057);
INSERT INTO Report_Details (Report_ID, Summary, Verdict) VALUES (11046, 'Report summary 11046', 'False');
INSERT INTO Report (Report_ID, Date, Authored_By, Verified_By, Documents_Artifact) VALUES (11047, '1985-09-09', 1169, 1124, 3032);
INSERT INTO Report_Details (Report_ID, Summary, Verdict) VALUES (11047, 'Report summary 11047', 'False');
INSERT INTO Report (Report_ID, Date, Authored_By, Verified_By, Documents_Artifact) VALUES (11048, '1986-01-27', 1090, 1077, 3090);
INSERT INTO Report_Details (Report_ID, Summary, Verdict) VALUES (11048, 'Report summary 11048', 'False');
INSERT INTO Report (Report_ID, Date, Authored_By, Verified_By, Documents_Artifact) VALUES (11049, '1987-11-28', 1152, 1123, 3014);
INSERT INTO Report_Details (Report_ID, Summary, Verdict) VALUES (11049, 'Report summary 11049', 'False');
INSERT INTO Report (Report_ID, Date, Authored_By, Verified_By, Documents_Artifact) VALUES (11050, '1987-12-21', 1005, 1037, 3052);
INSERT INTO Report_Details (Report_ID, Summary, Verdict) VALUES (11050, 'Report summary 11050', 'True');
INSERT INTO Report (Report_ID, Date, Authored_By, Verified_By, Documents_Artifact) VALUES (11051, '1984-06-16', 1007, 1062, 3073);
INSERT INTO Report_Details (Report_ID, Summary, Verdict) VALUES (11051, 'Report summary 11051', 'Unclear');
INSERT INTO Report (Report_ID, Date, Authored_By, Verified_By, Documents_Artifact) VALUES (11052, '1986-06-07', 1190, 1022, 3024);
INSERT INTO Report_Details (Report_ID, Summary, Verdict) VALUES (11052, 'Report summary 11052', 'False');
INSERT INTO Report (Report_ID, Date, Authored_By, Verified_By, Documents_Artifact) VALUES (11053, '1983-05-21', 1173, 1139, 3115);
INSERT INTO Report_Details (Report_ID, Summary, Verdict) VALUES (11053, 'Report summary 11053', 'False');
INSERT INTO Report (Report_ID, Date, Authored_By, Verified_By, Documents_Artifact) VALUES (11054, '1987-03-09', 1173, 1089, 3113);
INSERT INTO Report_Details (Report_ID, Summary, Verdict) VALUES (11054, 'Report summary 11054', 'False');
INSERT INTO Report (Report_ID, Date, Authored_By, Verified_By, Documents_Artifact) VALUES (11055, '1986-10-14', 1070, 1079, 3024);
INSERT INTO Report_Details (Report_ID, Summary, Verdict) VALUES (11055, 'Report summary 11055', 'True');
INSERT INTO Report (Report_ID, Date, Authored_By, Verified_By, Documents_Artifact) VALUES (11056, '1987-09-23', 1087, 1156, 3015);
INSERT INTO Report_Details (Report_ID, Summary, Verdict) VALUES (11056, 'Report summary 11056', 'False');
INSERT INTO Report (Report_ID, Date, Authored_By, Verified_By, Documents_Artifact) VALUES (11057, '1986-10-26', 1088, 1073, 3014);
INSERT INTO Report_Details (Report_ID, Summary, Verdict) VALUES (11057, 'Report summary 11057', 'True');
INSERT INTO Report (Report_ID, Date, Authored_By, Verified_By, Documents_Artifact) VALUES (11058, '1986-11-05', 1119, 1174, 3019);
INSERT INTO Report_Details (Report_ID, Summary, Verdict) VALUES (11058, 'Report summary 11058', 'Unclear');
INSERT INTO Report (Report_ID, Date, Authored_By, Verified_By, Documents_Artifact) VALUES (11059, '1985-10-18', 1170, 1041, 3038);
INSERT INTO Report_Details (Report_ID, Summary, Verdict) VALUES (11059, 'Report summary 11059', 'False');
INSERT INTO Report (Report_ID, Date, Authored_By, Verified_By, Documents_Artifact) VALUES (11060, '1985-02-26', 1075, 1003, 3058);
INSERT INTO Report_Details (Report_ID, Summary, Verdict) VALUES (11060, 'Report summary 11060', 'True');
INSERT INTO Report (Report_ID, Date, Authored_By, Verified_By, Documents_Artifact) VALUES (11061, '1984-05-27', 1151, 1031, 3006);
INSERT INTO Report_Details (Report_ID, Summary, Verdict) VALUES (11061, 'Report summary 11061', 'False');
INSERT INTO Report (Report_ID, Date, Authored_By, Verified_By, Documents_Artifact) VALUES (11062, '1985-01-14', 1090, 1169, 3106);
INSERT INTO Report_Details (Report_ID, Summary, Verdict) VALUES (11062, 'Report summary 11062', 'True');
INSERT INTO Report (Report_ID, Date, Authored_By, Verified_By, Documents_Artifact) VALUES (11063, '1983-05-05', 1089, 1072, 3100);
INSERT INTO Report_Details (Report_ID, Summary, Verdict) VALUES (11063, 'Report summary 11063', 'Unclear');
INSERT INTO Report (Report_ID, Date, Authored_By, Verified_By, Documents_Artifact) VALUES (11064, '1987-03-03', 1182, 1069, 3018);
INSERT INTO Report_Details (Report_ID, Summary, Verdict) VALUES (11064, 'Report summary 11064', 'Unclear');
INSERT INTO Report (Report_ID, Date, Authored_By, Verified_By, Documents_Artifact) VALUES (11065, '1984-07-19', 1020, 1074, 3028);
INSERT INTO Report_Details (Report_ID, Summary, Verdict) VALUES (11065, 'Report summary 11065', 'True');
INSERT INTO Report (Report_ID, Date, Authored_By, Verified_By, Documents_Artifact) VALUES (11066, '1986-06-08', 1173, 1163, 3049);
INSERT INTO Report_Details (Report_ID, Summary, Verdict) VALUES (11066, 'Report summary 11066', 'False');
INSERT INTO Report (Report_ID, Date, Authored_By, Verified_By, Documents_Artifact) VALUES (11067, '1986-02-09', 1077, 1152, 3039);
INSERT INTO Report_Details (Report_ID, Summary, Verdict) VALUES (11067, 'Report summary 11067', 'True');
INSERT INTO Report (Report_ID, Date, Authored_By, Verified_By, Documents_Artifact) VALUES (11068, '1987-07-22', 1082, 1148, 3017);
INSERT INTO Report_Details (Report_ID, Summary, Verdict) VALUES (11068, 'Report summary 11068', 'Unclear');
INSERT INTO Report (Report_ID, Date, Authored_By, Verified_By, Documents_Artifact) VALUES (11069, '1984-05-05', 1106, 1141, 3025);
INSERT INTO Report_Details (Report_ID, Summary, Verdict) VALUES (11069, 'Report summary 11069', 'False');
INSERT INTO Report (Report_ID, Date, Authored_By, Verified_By, Documents_Artifact) VALUES (11070, '1985-02-10', 1145, 1160, 3059);
INSERT INTO Report_Details (Report_ID, Summary, Verdict) VALUES (11070, 'Report summary 11070', 'Unclear');
INSERT INTO Report (Report_ID, Date, Authored_By, Verified_By, Documents_Artifact) VALUES (11071, '1984-07-26', 1111, 1024, 3017);
INSERT INTO Report_Details (Report_ID, Summary, Verdict) VALUES (11071, 'Report summary 11071', 'Unclear');
INSERT INTO Report (Report_ID, Date, Authored_By, Verified_By, Documents_Artifact) VALUES (11072, '1986-12-11', 1128, 1175, 3091);
INSERT INTO Report_Details (Report_ID, Summary, Verdict) VALUES (11072, 'Report summary 11072', 'False');
INSERT INTO Report (Report_ID, Date, Authored_By, Verified_By, Documents_Artifact) VALUES (11073, '1986-06-14', 1119, 1107, 3052);
INSERT INTO Report_Details (Report_ID, Summary, Verdict) VALUES (11073, 'Report summary 11073', 'False');
INSERT INTO Report (Report_ID, Date, Authored_By, Verified_By, Documents_Artifact) VALUES (11074, '1983-09-01', 1196, 1107, 3011);
INSERT INTO Report_Details (Report_ID, Summary, Verdict) VALUES (11074, 'Report summary 11074', 'True');
INSERT INTO Report (Report_ID, Date, Authored_By, Verified_By, Documents_Artifact) VALUES (11075, '1987-05-26', 1062, 1148, 3065);
INSERT INTO Report_Details (Report_ID, Summary, Verdict) VALUES (11075, 'Report summary 11075', 'False');
INSERT INTO Report (Report_ID, Date, Authored_By, Verified_By, Documents_Artifact) VALUES (11076, '1984-10-18', 1144, 1075, 3006);
INSERT INTO Report_Details (Report_ID, Summary, Verdict) VALUES (11076, 'Report summary 11076', 'False');
INSERT INTO Report (Report_ID, Date, Authored_By, Verified_By, Documents_Artifact) VALUES (11077, '1984-07-22', 1001, 1118, 3103);
INSERT INTO Report_Details (Report_ID, Summary, Verdict) VALUES (11077, 'Report summary 11077', 'Unclear');
INSERT INTO Report (Report_ID, Date, Authored_By, Verified_By, Documents_Artifact) VALUES (11078, '1986-01-03', 1014, 1069, 3106);
INSERT INTO Report_Details (Report_ID, Summary, Verdict) VALUES (11078, 'Report summary 11078', 'Unclear');
INSERT INTO Report (Report_ID, Date, Authored_By, Verified_By, Documents_Artifact) VALUES (11079, '1983-06-20', 1024, 1074, 3072);
INSERT INTO Report_Details (Report_ID, Summary, Verdict) VALUES (11079, 'Report summary 11079', 'False');
INSERT INTO Report (Report_ID, Date, Authored_By, Verified_By, Documents_Artifact) VALUES (11080, '1985-01-04', 1189, 1149, 3086);
INSERT INTO Report_Details (Report_ID, Summary, Verdict) VALUES (11080, 'Report summary 11080', 'Unclear');
INSERT INTO Report (Report_ID, Date, Authored_By, Verified_By, Documents_Artifact) VALUES (11081, '1983-12-07', 1132, 1036, 3071);
INSERT INTO Report_Details (Report_ID, Summary, Verdict) VALUES (11081, 'Report summary 11081', 'Unclear');
INSERT INTO Report (Report_ID, Date, Authored_By, Verified_By, Documents_Artifact) VALUES (11082, '1986-03-08', 1172, 1163, 3109);
INSERT INTO Report_Details (Report_ID, Summary, Verdict) VALUES (11082, 'Report summary 11082', 'True');
INSERT INTO Report (Report_ID, Date, Authored_By, Verified_By, Documents_Artifact) VALUES (11083, '1985-11-10', 1184, 1001, 3103);
INSERT INTO Report_Details (Report_ID, Summary, Verdict) VALUES (11083, 'Report summary 11083', 'False');
INSERT INTO Report (Report_ID, Date, Authored_By, Verified_By, Documents_Artifact) VALUES (11084, '1987-12-07', 1029, 1017, 3000);
INSERT INTO Report_Details (Report_ID, Summary, Verdict) VALUES (11084, 'Report summary 11084', 'True');
INSERT INTO Report (Report_ID, Date, Authored_By, Verified_By, Documents_Artifact) VALUES (11085, '1987-02-17', 1024, 1063, 3026);
INSERT INTO Report_Details (Report_ID, Summary, Verdict) VALUES (11085, 'Report summary 11085', 'True');
INSERT INTO Report (Report_ID, Date, Authored_By, Verified_By, Documents_Artifact) VALUES (11086, '1986-01-27', 1129, 1113, 3050);
INSERT INTO Report_Details (Report_ID, Summary, Verdict) VALUES (11086, 'Report summary 11086', 'True');
INSERT INTO Report (Report_ID, Date, Authored_By, Verified_By, Documents_Artifact) VALUES (11087, '1983-05-13', 1123, 1047, 3104);
INSERT INTO Report_Details (Report_ID, Summary, Verdict) VALUES (11087, 'Report summary 11087', 'True');
INSERT INTO Report (Report_ID, Date, Authored_By, Verified_By, Documents_Artifact) VALUES (11088, '1987-05-27', 1156, 1174, 3056);
INSERT INTO Report_Details (Report_ID, Summary, Verdict) VALUES (11088, 'Report summary 11088', 'Unclear');
INSERT INTO Report (Report_ID, Date, Authored_By, Verified_By, Documents_Artifact) VALUES (11089, '1987-02-14', 1037, 1162, 3002);
INSERT INTO Report_Details (Report_ID, Summary, Verdict) VALUES (11089, 'Report summary 11089', 'True');
INSERT INTO Report (Report_ID, Date, Authored_By, Verified_By, Documents_Artifact) VALUES (11090, '1984-12-22', 1061, 1043, 3065);
INSERT INTO Report_Details (Report_ID, Summary, Verdict) VALUES (11090, 'Report summary 11090', 'Unclear');
INSERT INTO Report (Report_ID, Date, Authored_By, Verified_By, Documents_Artifact) VALUES (11091, '1987-04-16', 1122, 1074, 3037);
INSERT INTO Report_Details (Report_ID, Summary, Verdict) VALUES (11091, 'Report summary 11091', 'Unclear');
INSERT INTO Report (Report_ID, Date, Authored_By, Verified_By, Documents_Artifact) VALUES (11092, '1983-10-16', 1094, 1170, 3035);
INSERT INTO Report_Details (Report_ID, Summary, Verdict) VALUES (11092, 'Report summary 11092', 'False');
INSERT INTO Report (Report_ID, Date, Authored_By, Verified_By, Documents_Artifact) VALUES (11093, '1986-12-26', 1027, 1118, 3053);
INSERT INTO Report_Details (Report_ID, Summary, Verdict) VALUES (11093, 'Report summary 11093', 'False');
INSERT INTO Report (Report_ID, Date, Authored_By, Verified_By, Documents_Artifact) VALUES (11094, '1984-01-10', 1117, 1030, 3072);
INSERT INTO Report_Details (Report_ID, Summary, Verdict) VALUES (11094, 'Report summary 11094', 'False');
INSERT INTO Report (Report_ID, Date, Authored_By, Verified_By, Documents_Artifact) VALUES (11095, '1983-10-10', 1008, 1165, 3083);
INSERT INTO Report_Details (Report_ID, Summary, Verdict) VALUES (11095, 'Report summary 11095', 'Unclear');
INSERT INTO Report (Report_ID, Date, Authored_By, Verified_By, Documents_Artifact) VALUES (11096, '1987-08-02', 1090, 1035, 3059);
INSERT INTO Report_Details (Report_ID, Summary, Verdict) VALUES (11096, 'Report summary 11096', 'Unclear');
INSERT INTO Report (Report_ID, Date, Authored_By, Verified_By, Documents_Artifact) VALUES (11097, '1986-05-01', 1040, 1091, 3064);
INSERT INTO Report_Details (Report_ID, Summary, Verdict) VALUES (11097, 'Report summary 11097', 'Unclear');
INSERT INTO Report (Report_ID, Date, Authored_By, Verified_By, Documents_Artifact) VALUES (11098, '1984-06-23', 1134, 1099, 3065);
INSERT INTO Report_Details (Report_ID, Summary, Verdict) VALUES (11098, 'Report summary 11098', 'True');
INSERT INTO Report (Report_ID, Date, Authored_By, Verified_By, Documents_Artifact) VALUES (11099, '1984-11-05', 1090, 1167, 3092);
INSERT INTO Report_Details (Report_ID, Summary, Verdict) VALUES (11099, 'Report summary 11099', 'Unclear');
INSERT INTO Report (Report_ID, Date, Authored_By, Verified_By, Documents_Artifact) VALUES (11100, '1985-08-23', 1035, 1071, 3100);
INSERT INTO Report_Details (Report_ID, Summary, Verdict) VALUES (11100, 'Report summary 11100', 'Unclear');
INSERT INTO Report (Report_ID, Date, Authored_By, Verified_By, Documents_Artifact) VALUES (11101, '1985-07-03', 1165, 1123, 3048);
INSERT INTO Report_Details (Report_ID, Summary, Verdict) VALUES (11101, 'Report summary 11101', 'False');
INSERT INTO Report (Report_ID, Date, Authored_By, Verified_By, Documents_Artifact) VALUES (11102, '1987-11-06', 1147, 1181, 3118);
INSERT INTO Report_Details (Report_ID, Summary, Verdict) VALUES (11102, 'Report summary 11102', 'Unclear');
INSERT INTO Report (Report_ID, Date, Authored_By, Verified_By, Documents_Artifact) VALUES (11103, '1987-05-05', 1178, 1082, 3075);
INSERT INTO Report_Details (Report_ID, Summary, Verdict) VALUES (11103, 'Report summary 11103', 'Unclear');
INSERT INTO Report (Report_ID, Date, Authored_By, Verified_By, Documents_Artifact) VALUES (11104, '1985-10-20', 1103, 1017, 3005);
INSERT INTO Report_Details (Report_ID, Summary, Verdict) VALUES (11104, 'Report summary 11104', 'True');
INSERT INTO Report (Report_ID, Date, Authored_By, Verified_By, Documents_Artifact) VALUES (11105, '1984-04-04', 1170, 1027, 3063);
INSERT INTO Report_Details (Report_ID, Summary, Verdict) VALUES (11105, 'Report summary 11105', 'Unclear');
INSERT INTO Report (Report_ID, Date, Authored_By, Verified_By, Documents_Artifact) VALUES (11106, '1986-06-25', 1059, 1197, 3103);
INSERT INTO Report_Details (Report_ID, Summary, Verdict) VALUES (11106, 'Report summary 11106', 'Unclear');
INSERT INTO Report (Report_ID, Date, Authored_By, Verified_By, Documents_Artifact) VALUES (11107, '1984-02-06', 1186, 1098, 3096);
INSERT INTO Report_Details (Report_ID, Summary, Verdict) VALUES (11107, 'Report summary 11107', 'False');
INSERT INTO Report (Report_ID, Date, Authored_By, Verified_By, Documents_Artifact) VALUES (11108, '1983-01-20', 1064, 1029, 3004);
INSERT INTO Report_Details (Report_ID, Summary, Verdict) VALUES (11108, 'Report summary 11108', 'Unclear');
INSERT INTO Report (Report_ID, Date, Authored_By, Verified_By, Documents_Artifact) VALUES (11109, '1983-08-25', 1095, 1155, 3080);
INSERT INTO Report_Details (Report_ID, Summary, Verdict) VALUES (11109, 'Report summary 11109', 'True');
INSERT INTO Report (Report_ID, Date, Authored_By, Verified_By, Documents_Artifact) VALUES (11110, '1984-06-04', 1178, 1115, 3048);
INSERT INTO Report_Details (Report_ID, Summary, Verdict) VALUES (11110, 'Report summary 11110', 'True');
INSERT INTO Report (Report_ID, Date, Authored_By, Verified_By, Documents_Artifact) VALUES (11111, '1987-09-07', 1050, 1064, 3062);
INSERT INTO Report_Details (Report_ID, Summary, Verdict) VALUES (11111, 'Report summary 11111', 'False');
INSERT INTO Report (Report_ID, Date, Authored_By, Verified_By, Documents_Artifact) VALUES (11112, '1985-04-07', 1189, 1041, 3055);
INSERT INTO Report_Details (Report_ID, Summary, Verdict) VALUES (11112, 'Report summary 11112', 'Unclear');
INSERT INTO Report (Report_ID, Date, Authored_By, Verified_By, Documents_Artifact) VALUES (11113, '1984-02-19', 1006, 1161, 3085);
INSERT INTO Report_Details (Report_ID, Summary, Verdict) VALUES (11113, 'Report summary 11113', 'True');
INSERT INTO Report (Report_ID, Date, Authored_By, Verified_By, Documents_Artifact) VALUES (11114, '1984-01-26', 1035, 1001, 3046);
INSERT INTO Report_Details (Report_ID, Summary, Verdict) VALUES (11114, 'Report summary 11114', 'False');
INSERT INTO Report (Report_ID, Date, Authored_By, Verified_By, Documents_Artifact) VALUES (11115, '1987-09-28', 1018, 1087, 3023);
INSERT INTO Report_Details (Report_ID, Summary, Verdict) VALUES (11115, 'Report summary 11115', 'Unclear');
INSERT INTO Report (Report_ID, Date, Authored_By, Verified_By, Documents_Artifact) VALUES (11116, '1987-08-07', 1053, 1146, 3105);
INSERT INTO Report_Details (Report_ID, Summary, Verdict) VALUES (11116, 'Report summary 11116', 'False');
INSERT INTO Report (Report_ID, Date, Authored_By, Verified_By, Documents_Artifact) VALUES (11117, '1987-06-12', 1158, 1143, 3109);
INSERT INTO Report_Details (Report_ID, Summary, Verdict) VALUES (11117, 'Report summary 11117', 'True');
INSERT INTO Report (Report_ID, Date, Authored_By, Verified_By, Documents_Artifact) VALUES (11118, '1983-08-14', 1160, 1096, 3111);
INSERT INTO Report_Details (Report_ID, Summary, Verdict) VALUES (11118, 'Report summary 11118', 'True');
INSERT INTO Report (Report_ID, Date, Authored_By, Verified_By, Documents_Artifact) VALUES (11119, '1987-02-05', 1132, 1076, 3012);
INSERT INTO Report_Details (Report_ID, Summary, Verdict) VALUES (11119, 'Report summary 11119', 'True');
INSERT INTO Report (Report_ID, Date, Authored_By, Verified_By, Documents_Artifact) VALUES (11120, '1986-04-02', 1153, 1138, 3042);
INSERT INTO Report_Details (Report_ID, Summary, Verdict) VALUES (11120, 'Report summary 11120', 'True');
INSERT INTO Report (Report_ID, Date, Authored_By, Verified_By, Documents_Artifact) VALUES (11121, '1984-05-27', 1064, 1099, 3090);
INSERT INTO Report_Details (Report_ID, Summary, Verdict) VALUES (11121, 'Report summary 11121', 'False');
INSERT INTO Report (Report_ID, Date, Authored_By, Verified_By, Documents_Artifact) VALUES (11122, '1983-03-10', 1019, 1136, 3073);
INSERT INTO Report_Details (Report_ID, Summary, Verdict) VALUES (11122, 'Report summary 11122', 'True');
INSERT INTO Report (Report_ID, Date, Authored_By, Verified_By, Documents_Artifact) VALUES (11123, '1987-10-17', 1079, 1102, 3079);
INSERT INTO Report_Details (Report_ID, Summary, Verdict) VALUES (11123, 'Report summary 11123', 'True');
INSERT INTO Report (Report_ID, Date, Authored_By, Verified_By, Documents_Artifact) VALUES (11124, '1987-12-04', 1149, 1120, 3119);
INSERT INTO Report_Details (Report_ID, Summary, Verdict) VALUES (11124, 'Report summary 11124', 'False');
INSERT INTO Report (Report_ID, Date, Authored_By, Verified_By, Documents_Artifact) VALUES (11125, '1983-01-11', 1107, 1066, 3025);
INSERT INTO Report_Details (Report_ID, Summary, Verdict) VALUES (11125, 'Report summary 11125', 'False');
INSERT INTO Report (Report_ID, Date, Authored_By, Verified_By, Documents_Artifact) VALUES (11126, '1983-03-07', 1140, 1187, 3042);
INSERT INTO Report_Details (Report_ID, Summary, Verdict) VALUES (11126, 'Report summary 11126', 'Unclear');
INSERT INTO Report (Report_ID, Date, Authored_By, Verified_By, Documents_Artifact) VALUES (11127, '1983-04-16', 1018, 1144, 3115);
INSERT INTO Report_Details (Report_ID, Summary, Verdict) VALUES (11127, 'Report summary 11127', 'Unclear');
INSERT INTO Report (Report_ID, Date, Authored_By, Verified_By, Documents_Artifact) VALUES (11128, '1983-06-03', 1106, 1153, 3094);
INSERT INTO Report_Details (Report_ID, Summary, Verdict) VALUES (11128, 'Report summary 11128', 'Unclear');
INSERT INTO Report (Report_ID, Date, Authored_By, Verified_By, Documents_Artifact) VALUES (11129, '1983-09-16', 1033, 1069, 3092);
INSERT INTO Report_Details (Report_ID, Summary, Verdict) VALUES (11129, 'Report summary 11129', 'True');
INSERT INTO Report (Report_ID, Date, Authored_By, Verified_By, Documents_Artifact) VALUES (11130, '1983-01-16', 1129, 1057, 3083);
INSERT INTO Report_Details (Report_ID, Summary, Verdict) VALUES (11130, 'Report summary 11130', 'False');
INSERT INTO Report (Report_ID, Date, Authored_By, Verified_By, Documents_Artifact) VALUES (11131, '1986-08-10', 1058, 1005, 3119);
INSERT INTO Report_Details (Report_ID, Summary, Verdict) VALUES (11131, 'Report summary 11131', 'True');
INSERT INTO Report (Report_ID, Date, Authored_By, Verified_By, Documents_Artifact) VALUES (11132, '1983-04-18', 1155, 1097, 3087);
INSERT INTO Report_Details (Report_ID, Summary, Verdict) VALUES (11132, 'Report summary 11132', 'Unclear');
INSERT INTO Report (Report_ID, Date, Authored_By, Verified_By, Documents_Artifact) VALUES (11133, '1983-09-16', 1013, 1099, 3098);
INSERT INTO Report_Details (Report_ID, Summary, Verdict) VALUES (11133, 'Report summary 11133', 'False');
INSERT INTO Report (Report_ID, Date, Authored_By, Verified_By, Documents_Artifact) VALUES (11134, '1984-07-23', 1109, 1140, 3017);
INSERT INTO Report_Details (Report_ID, Summary, Verdict) VALUES (11134, 'Report summary 11134', 'True');
INSERT INTO Report (Report_ID, Date, Authored_By, Verified_By, Documents_Artifact) VALUES (11135, '1986-02-20', 1094, 1090, 3024);
INSERT INTO Report_Details (Report_ID, Summary, Verdict) VALUES (11135, 'Report summary 11135', 'False');
INSERT INTO Report (Report_ID, Date, Authored_By, Verified_By, Documents_Artifact) VALUES (11136, '1986-01-08', 1059, 1023, 3075);
INSERT INTO Report_Details (Report_ID, Summary, Verdict) VALUES (11136, 'Report summary 11136', 'True');
INSERT INTO Report (Report_ID, Date, Authored_By, Verified_By, Documents_Artifact) VALUES (11137, '1984-07-24', 1192, 1137, 3072);
INSERT INTO Report_Details (Report_ID, Summary, Verdict) VALUES (11137, 'Report summary 11137', 'True');
INSERT INTO Report (Report_ID, Date, Authored_By, Verified_By, Documents_Artifact) VALUES (11138, '1983-12-08', 1014, 1019, 3007);
INSERT INTO Report_Details (Report_ID, Summary, Verdict) VALUES (11138, 'Report summary 11138', 'True');
INSERT INTO Report (Report_ID, Date, Authored_By, Verified_By, Documents_Artifact) VALUES (11139, '1986-03-10', 1011, 1080, 3044);
INSERT INTO Report_Details (Report_ID, Summary, Verdict) VALUES (11139, 'Report summary 11139', 'Unclear');
INSERT INTO Report (Report_ID, Date, Authored_By, Verified_By, Documents_Artifact) VALUES (11140, '1984-05-05', 1155, 1101, 3061);
INSERT INTO Report_Details (Report_ID, Summary, Verdict) VALUES (11140, 'Report summary 11140', 'Unclear');
INSERT INTO Report (Report_ID, Date, Authored_By, Verified_By, Documents_Artifact) VALUES (11141, '1983-11-03', 1019, 1064, 3069);
INSERT INTO Report_Details (Report_ID, Summary, Verdict) VALUES (11141, 'Report summary 11141', 'True');
INSERT INTO Report (Report_ID, Date, Authored_By, Verified_By, Documents_Artifact) VALUES (11142, '1986-12-24', 1091, 1056, 3056);
INSERT INTO Report_Details (Report_ID, Summary, Verdict) VALUES (11142, 'Report summary 11142', 'Unclear');
INSERT INTO Report (Report_ID, Date, Authored_By, Verified_By, Documents_Artifact) VALUES (11143, '1985-06-25', 1141, 1074, 3111);
INSERT INTO Report_Details (Report_ID, Summary, Verdict) VALUES (11143, 'Report summary 11143', 'Unclear');
INSERT INTO Report (Report_ID, Date, Authored_By, Verified_By, Documents_Artifact) VALUES (11144, '1984-09-09', 1081, 1178, 3069);
INSERT INTO Report_Details (Report_ID, Summary, Verdict) VALUES (11144, 'Report summary 11144', 'Unclear');
INSERT INTO Report (Report_ID, Date, Authored_By, Verified_By, Documents_Artifact) VALUES (11145, '1983-01-12', 1105, 1180, 3079);
INSERT INTO Report_Details (Report_ID, Summary, Verdict) VALUES (11145, 'Report summary 11145', 'False');
INSERT INTO Report (Report_ID, Date, Authored_By, Verified_By, Documents_Artifact) VALUES (11146, '1985-02-07', 1035, 1133, 3029);
INSERT INTO Report_Details (Report_ID, Summary, Verdict) VALUES (11146, 'Report summary 11146', 'False');
INSERT INTO Report (Report_ID, Date, Authored_By, Verified_By, Documents_Artifact) VALUES (11147, '1987-04-04', 1095, 1185, 3104);
INSERT INTO Report_Details (Report_ID, Summary, Verdict) VALUES (11147, 'Report summary 11147', 'True');
INSERT INTO Report (Report_ID, Date, Authored_By, Verified_By, Documents_Artifact) VALUES (11148, '1983-04-23', 1112, 1166, 3097);
INSERT INTO Report_Details (Report_ID, Summary, Verdict) VALUES (11148, 'Report summary 11148', 'False');
INSERT INTO Report (Report_ID, Date, Authored_By, Verified_By, Documents_Artifact) VALUES (11149, '1983-01-16', 1008, 1069, 3035);
INSERT INTO Report_Details (Report_ID, Summary, Verdict) VALUES (11149, 'Report summary 11149', 'Unclear');
INSERT INTO Report (Report_ID, Date, Authored_By, Verified_By, Documents_Artifact) VALUES (11150, '1986-05-27', 1021, 1015, 3035);
INSERT INTO Report_Details (Report_ID, Summary, Verdict) VALUES (11150, 'Report summary 11150', 'Unclear');
INSERT INTO Report (Report_ID, Date, Authored_By, Verified_By, Documents_Artifact) VALUES (11151, '1986-08-01', 1097, 1098, 3056);
INSERT INTO Report_Details (Report_ID, Summary, Verdict) VALUES (11151, 'Report summary 11151', 'True');
INSERT INTO Report (Report_ID, Date, Authored_By, Verified_By, Documents_Artifact) VALUES (11152, '1984-04-13', 1047, 1168, 3055);
INSERT INTO Report_Details (Report_ID, Summary, Verdict) VALUES (11152, 'Report summary 11152', 'Unclear');
INSERT INTO Report (Report_ID, Date, Authored_By, Verified_By, Documents_Artifact) VALUES (11153, '1983-11-10', 1008, 1138, 3097);
INSERT INTO Report_Details (Report_ID, Summary, Verdict) VALUES (11153, 'Report summary 11153', 'False');
INSERT INTO Report (Report_ID, Date, Authored_By, Verified_By, Documents_Artifact) VALUES (11154, '1983-10-25', 1086, 1067, 3103);
INSERT INTO Report_Details (Report_ID, Summary, Verdict) VALUES (11154, 'Report summary 11154', 'Unclear');
INSERT INTO Report (Report_ID, Date, Authored_By, Verified_By, Documents_Artifact) VALUES (11155, '1984-01-11', 1185, 1159, 3055);
INSERT INTO Report_Details (Report_ID, Summary, Verdict) VALUES (11155, 'Report summary 11155', 'False');
INSERT INTO Report (Report_ID, Date, Authored_By, Verified_By, Documents_Artifact) VALUES (11156, '1983-02-18', 1099, 1184, 3119);
INSERT INTO Report_Details (Report_ID, Summary, Verdict) VALUES (11156, 'Report summary 11156', 'Unclear');
INSERT INTO Report (Report_ID, Date, Authored_By, Verified_By, Documents_Artifact) VALUES (11157, '1985-09-15', 1108, 1146, 3092);
INSERT INTO Report_Details (Report_ID, Summary, Verdict) VALUES (11157, 'Report summary 11157', 'Unclear');
INSERT INTO Report (Report_ID, Date, Authored_By, Verified_By, Documents_Artifact) VALUES (11158, '1987-05-06', 1097, 1119, 3095);
INSERT INTO Report_Details (Report_ID, Summary, Verdict) VALUES (11158, 'Report summary 11158', 'True');
INSERT INTO Report (Report_ID, Date, Authored_By, Verified_By, Documents_Artifact) VALUES (11159, '1984-01-09', 1174, 1070, 3010);
INSERT INTO Report_Details (Report_ID, Summary, Verdict) VALUES (11159, 'Report summary 11159', 'True');
INSERT INTO Report (Report_ID, Date, Authored_By, Verified_By, Documents_Artifact) VALUES (11160, '1987-05-11', 1146, 1101, 3004);
INSERT INTO Report_Details (Report_ID, Summary, Verdict) VALUES (11160, 'Report summary 11160', 'Unclear');
INSERT INTO Report (Report_ID, Date, Authored_By, Verified_By, Documents_Artifact) VALUES (11161, '1985-06-09', 1168, 1064, 3100);
INSERT INTO Report_Details (Report_ID, Summary, Verdict) VALUES (11161, 'Report summary 11161', 'Unclear');
INSERT INTO Report (Report_ID, Date, Authored_By, Verified_By, Documents_Artifact) VALUES (11162, '1987-01-04', 1078, 1145, 3084);
INSERT INTO Report_Details (Report_ID, Summary, Verdict) VALUES (11162, 'Report summary 11162', 'False');
INSERT INTO Report (Report_ID, Date, Authored_By, Verified_By, Documents_Artifact) VALUES (11163, '1985-03-15', 1118, 1004, 3056);
INSERT INTO Report_Details (Report_ID, Summary, Verdict) VALUES (11163, 'Report summary 11163', 'True');
INSERT INTO Report (Report_ID, Date, Authored_By, Verified_By, Documents_Artifact) VALUES (11164, '1986-01-12', 1122, 1163, 3108);
INSERT INTO Report_Details (Report_ID, Summary, Verdict) VALUES (11164, 'Report summary 11164', 'Unclear');
INSERT INTO Report (Report_ID, Date, Authored_By, Verified_By, Documents_Artifact) VALUES (11165, '1984-07-02', 1148, 1020, 3035);
INSERT INTO Report_Details (Report_ID, Summary, Verdict) VALUES (11165, 'Report summary 11165', 'Unclear');
INSERT INTO Report (Report_ID, Date, Authored_By, Verified_By, Documents_Artifact) VALUES (11166, '1987-06-03', 1112, 1046, 3033);
INSERT INTO Report_Details (Report_ID, Summary, Verdict) VALUES (11166, 'Report summary 11166', 'False');
INSERT INTO Report (Report_ID, Date, Authored_By, Verified_By, Documents_Artifact) VALUES (11167, '1985-08-05', 1058, 1161, 3022);
INSERT INTO Report_Details (Report_ID, Summary, Verdict) VALUES (11167, 'Report summary 11167', 'True');
INSERT INTO Report (Report_ID, Date, Authored_By, Verified_By, Documents_Artifact) VALUES (11168, '1987-11-02', 1059, 1029, 3083);
INSERT INTO Report_Details (Report_ID, Summary, Verdict) VALUES (11168, 'Report summary 11168', 'True');
INSERT INTO Report (Report_ID, Date, Authored_By, Verified_By, Documents_Artifact) VALUES (11169, '1984-11-17', 1112, 1148, 3040);
INSERT INTO Report_Details (Report_ID, Summary, Verdict) VALUES (11169, 'Report summary 11169', 'True');
INSERT INTO Report (Report_ID, Date, Authored_By, Verified_By, Documents_Artifact) VALUES (11170, '1987-12-08', 1015, 1182, 3033);
INSERT INTO Report_Details (Report_ID, Summary, Verdict) VALUES (11170, 'Report summary 11170', 'False');
INSERT INTO Report (Report_ID, Date, Authored_By, Verified_By, Documents_Artifact) VALUES (11171, '1983-11-28', 1090, 1138, 3091);
INSERT INTO Report_Details (Report_ID, Summary, Verdict) VALUES (11171, 'Report summary 11171', 'True');
INSERT INTO Report (Report_ID, Date, Authored_By, Verified_By, Documents_Artifact) VALUES (11172, '1987-04-12', 1027, 1019, 3064);
INSERT INTO Report_Details (Report_ID, Summary, Verdict) VALUES (11172, 'Report summary 11172', 'False');
INSERT INTO Report (Report_ID, Date, Authored_By, Verified_By, Documents_Artifact) VALUES (11173, '1983-09-03', 1060, 1052, 3041);
INSERT INTO Report_Details (Report_ID, Summary, Verdict) VALUES (11173, 'Report summary 11173', 'Unclear');
INSERT INTO Report (Report_ID, Date, Authored_By, Verified_By, Documents_Artifact) VALUES (11174, '1985-11-14', 1018, 1164, 3054);
INSERT INTO Report_Details (Report_ID, Summary, Verdict) VALUES (11174, 'Report summary 11174', 'False');
INSERT INTO Report (Report_ID, Date, Authored_By, Verified_By, Documents_Artifact) VALUES (11175, '1984-01-11', 1155, 1092, 3042);
INSERT INTO Report_Details (Report_ID, Summary, Verdict) VALUES (11175, 'Report summary 11175', 'False');
INSERT INTO Report (Report_ID, Date, Authored_By, Verified_By, Documents_Artifact) VALUES (11176, '1985-08-10', 1159, 1007, 3020);
INSERT INTO Report_Details (Report_ID, Summary, Verdict) VALUES (11176, 'Report summary 11176', 'False');
INSERT INTO Report (Report_ID, Date, Authored_By, Verified_By, Documents_Artifact) VALUES (11177, '1983-05-05', 1151, 1006, 3013);
INSERT INTO Report_Details (Report_ID, Summary, Verdict) VALUES (11177, 'Report summary 11177', 'Unclear');
INSERT INTO Report (Report_ID, Date, Authored_By, Verified_By, Documents_Artifact) VALUES (11178, '1984-06-17', 1183, 1199, 3094);
INSERT INTO Report_Details (Report_ID, Summary, Verdict) VALUES (11178, 'Report summary 11178', 'Unclear');
INSERT INTO Report (Report_ID, Date, Authored_By, Verified_By, Documents_Artifact) VALUES (11179, '1987-12-12', 1055, 1096, 3106);
INSERT INTO Report_Details (Report_ID, Summary, Verdict) VALUES (11179, 'Report summary 11179', 'Unclear');
INSERT INTO Report (Report_ID, Date, Authored_By, Verified_By, Documents_Artifact) VALUES (11180, '1983-11-24', 1038, 1097, 3097);
INSERT INTO Report_Details (Report_ID, Summary, Verdict) VALUES (11180, 'Report summary 11180', 'Unclear');
INSERT INTO Report (Report_ID, Date, Authored_By, Verified_By, Documents_Artifact) VALUES (11181, '1983-02-08', 1144, 1128, 3073);
INSERT INTO Report_Details (Report_ID, Summary, Verdict) VALUES (11181, 'Report summary 11181', 'Unclear');
INSERT INTO Report (Report_ID, Date, Authored_By, Verified_By, Documents_Artifact) VALUES (11182, '1987-12-14', 1137, 1187, 3015);
INSERT INTO Report_Details (Report_ID, Summary, Verdict) VALUES (11182, 'Report summary 11182', 'Unclear');
INSERT INTO Report (Report_ID, Date, Authored_By, Verified_By, Documents_Artifact) VALUES (11183, '1983-10-16', 1168, 1134, 3066);
INSERT INTO Report_Details (Report_ID, Summary, Verdict) VALUES (11183, 'Report summary 11183', 'False');
INSERT INTO Report (Report_ID, Date, Authored_By, Verified_By, Documents_Artifact) VALUES (11184, '1985-05-07', 1147, 1075, 3116);
INSERT INTO Report_Details (Report_ID, Summary, Verdict) VALUES (11184, 'Report summary 11184', 'True');
INSERT INTO Report (Report_ID, Date, Authored_By, Verified_By, Documents_Artifact) VALUES (11185, '1985-04-26', 1196, 1092, 3029);
INSERT INTO Report_Details (Report_ID, Summary, Verdict) VALUES (11185, 'Report summary 11185', 'False');
INSERT INTO Report (Report_ID, Date, Authored_By, Verified_By, Documents_Artifact) VALUES (11186, '1985-12-04', 1177, 1061, 3056);
INSERT INTO Report_Details (Report_ID, Summary, Verdict) VALUES (11186, 'Report summary 11186', 'Unclear');
INSERT INTO Report (Report_ID, Date, Authored_By, Verified_By, Documents_Artifact) VALUES (11187, '1986-06-03', 1090, 1143, 3064);
INSERT INTO Report_Details (Report_ID, Summary, Verdict) VALUES (11187, 'Report summary 11187', 'True');
INSERT INTO Report (Report_ID, Date, Authored_By, Verified_By, Documents_Artifact) VALUES (11188, '1985-11-16', 1154, 1058, 3057);
INSERT INTO Report_Details (Report_ID, Summary, Verdict) VALUES (11188, 'Report summary 11188', 'False');
INSERT INTO Report (Report_ID, Date, Authored_By, Verified_By, Documents_Artifact) VALUES (11189, '1984-10-27', 1032, 1137, 3031);
INSERT INTO Report_Details (Report_ID, Summary, Verdict) VALUES (11189, 'Report summary 11189', 'False');
INSERT INTO Report (Report_ID, Date, Authored_By, Verified_By, Documents_Artifact) VALUES (11190, '1987-11-05', 1155, 1066, 3101);
INSERT INTO Report_Details (Report_ID, Summary, Verdict) VALUES (11190, 'Report summary 11190', 'False');
INSERT INTO Report (Report_ID, Date, Authored_By, Verified_By, Documents_Artifact) VALUES (11191, '1985-06-04', 1020, 1104, 3053);
INSERT INTO Report_Details (Report_ID, Summary, Verdict) VALUES (11191, 'Report summary 11191', 'Unclear');
INSERT INTO Report (Report_ID, Date, Authored_By, Verified_By, Documents_Artifact) VALUES (11192, '1984-10-16', 1161, 1197, 3025);
INSERT INTO Report_Details (Report_ID, Summary, Verdict) VALUES (11192, 'Report summary 11192', 'True');
INSERT INTO Report (Report_ID, Date, Authored_By, Verified_By, Documents_Artifact) VALUES (11193, '1986-01-06', 1030, 1107, 3033);
INSERT INTO Report_Details (Report_ID, Summary, Verdict) VALUES (11193, 'Report summary 11193', 'Unclear');
INSERT INTO Report (Report_ID, Date, Authored_By, Verified_By, Documents_Artifact) VALUES (11194, '1986-12-04', 1032, 1008, 3106);
INSERT INTO Report_Details (Report_ID, Summary, Verdict) VALUES (11194, 'Report summary 11194', 'False');
INSERT INTO Report (Report_ID, Date, Authored_By, Verified_By, Documents_Artifact) VALUES (11195, '1983-12-06', 1018, 1033, 3065);
INSERT INTO Report_Details (Report_ID, Summary, Verdict) VALUES (11195, 'Report summary 11195', 'Unclear');
INSERT INTO Report (Report_ID, Date, Authored_By, Verified_By, Documents_Artifact) VALUES (11196, '1986-07-12', 1032, 1102, 3089);
INSERT INTO Report_Details (Report_ID, Summary, Verdict) VALUES (11196, 'Report summary 11196', 'Unclear');
INSERT INTO Report (Report_ID, Date, Authored_By, Verified_By, Documents_Artifact) VALUES (11197, '1984-12-10', 1030, 1086, 3114);
INSERT INTO Report_Details (Report_ID, Summary, Verdict) VALUES (11197, 'Report summary 11197', 'False');
INSERT INTO Report (Report_ID, Date, Authored_By, Verified_By, Documents_Artifact) VALUES (11198, '1987-10-20', 1027, 1184, 3005);
INSERT INTO Report_Details (Report_ID, Summary, Verdict) VALUES (11198, 'Report summary 11198', 'True');
INSERT INTO Report (Report_ID, Date, Authored_By, Verified_By, Documents_Artifact) VALUES (11199, '1985-08-14', 1161, 1115, 3094);
INSERT INTO Report_Details (Report_ID, Summary, Verdict) VALUES (11199, 'Report summary 11199', 'False');
INSERT INTO Report (Report_ID, Date, Authored_By, Verified_By, Documents_Artifact) VALUES (11200, '1985-08-23', 1034, 1187, 3023);
INSERT INTO Report_Details (Report_ID, Summary, Verdict) VALUES (11200, 'Report summary 11200', 'Unclear');
INSERT INTO Report (Report_ID, Date, Authored_By, Verified_By, Documents_Artifact) VALUES (11201, '1987-09-03', 1038, 1001, 3075);
INSERT INTO Report_Details (Report_ID, Summary, Verdict) VALUES (11201, 'Report summary 11201', 'Unclear');
INSERT INTO Report (Report_ID, Date, Authored_By, Verified_By, Documents_Artifact) VALUES (11202, '1985-11-21', 1116, 1097, 3041);
INSERT INTO Report_Details (Report_ID, Summary, Verdict) VALUES (11202, 'Report summary 11202', 'False');
INSERT INTO Report (Report_ID, Date, Authored_By, Verified_By, Documents_Artifact) VALUES (11203, '1984-09-24', 1150, 1071, 3098);
INSERT INTO Report_Details (Report_ID, Summary, Verdict) VALUES (11203, 'Report summary 11203', 'True');
INSERT INTO Report (Report_ID, Date, Authored_By, Verified_By, Documents_Artifact) VALUES (11204, '1984-05-16', 1087, 1012, 3072);
INSERT INTO Report_Details (Report_ID, Summary, Verdict) VALUES (11204, 'Report summary 11204', 'Unclear');
INSERT INTO Report (Report_ID, Date, Authored_By, Verified_By, Documents_Artifact) VALUES (11205, '1987-10-17', 1109, 1073, 3041);
INSERT INTO Report_Details (Report_ID, Summary, Verdict) VALUES (11205, 'Report summary 11205', 'False');
INSERT INTO Report (Report_ID, Date, Authored_By, Verified_By, Documents_Artifact) VALUES (11206, '1985-03-05', 1010, 1188, 3112);
INSERT INTO Report_Details (Report_ID, Summary, Verdict) VALUES (11206, 'Report summary 11206', 'Unclear');
INSERT INTO Report (Report_ID, Date, Authored_By, Verified_By, Documents_Artifact) VALUES (11207, '1984-07-17', 1071, 1147, 3112);
INSERT INTO Report_Details (Report_ID, Summary, Verdict) VALUES (11207, 'Report summary 11207', 'Unclear');
INSERT INTO Report (Report_ID, Date, Authored_By, Verified_By, Documents_Artifact) VALUES (11208, '1985-02-12', 1072, 1042, 3015);
INSERT INTO Report_Details (Report_ID, Summary, Verdict) VALUES (11208, 'Report summary 11208', 'False');
INSERT INTO Report (Report_ID, Date, Authored_By, Verified_By, Documents_Artifact) VALUES (11209, '1985-08-15', 1057, 1043, 3036);
INSERT INTO Report_Details (Report_ID, Summary, Verdict) VALUES (11209, 'Report summary 11209', 'False');
INSERT INTO Report (Report_ID, Date, Authored_By, Verified_By, Documents_Artifact) VALUES (11210, '1987-02-08', 1170, 1071, 3018);
INSERT INTO Report_Details (Report_ID, Summary, Verdict) VALUES (11210, 'Report summary 11210', 'True');
INSERT INTO Report (Report_ID, Date, Authored_By, Verified_By, Documents_Artifact) VALUES (11211, '1984-09-27', 1130, 1193, 3021);
INSERT INTO Report_Details (Report_ID, Summary, Verdict) VALUES (11211, 'Report summary 11211', 'True');
INSERT INTO Report (Report_ID, Date, Authored_By, Verified_By, Documents_Artifact) VALUES (11212, '1987-01-18', 1137, 1049, 3000);
INSERT INTO Report_Details (Report_ID, Summary, Verdict) VALUES (11212, 'Report summary 11212', 'False');
INSERT INTO Report (Report_ID, Date, Authored_By, Verified_By, Documents_Artifact) VALUES (11213, '1983-06-07', 1072, 1146, 3054);
INSERT INTO Report_Details (Report_ID, Summary, Verdict) VALUES (11213, 'Report summary 11213', 'Unclear');
INSERT INTO Report (Report_ID, Date, Authored_By, Verified_By, Documents_Artifact) VALUES (11214, '1986-09-05', 1116, 1075, 3117);
INSERT INTO Report_Details (Report_ID, Summary, Verdict) VALUES (11214, 'Report summary 11214', 'True');
INSERT INTO Report (Report_ID, Date, Authored_By, Verified_By, Documents_Artifact) VALUES (11215, '1983-08-14', 1126, 1067, 3011);
INSERT INTO Report_Details (Report_ID, Summary, Verdict) VALUES (11215, 'Report summary 11215', 'True');
INSERT INTO Report (Report_ID, Date, Authored_By, Verified_By, Documents_Artifact) VALUES (11216, '1985-12-22', 1029, 1090, 3102);
INSERT INTO Report_Details (Report_ID, Summary, Verdict) VALUES (11216, 'Report summary 11216', 'True');
INSERT INTO Report (Report_ID, Date, Authored_By, Verified_By, Documents_Artifact) VALUES (11217, '1984-12-03', 1083, 1040, 3064);
INSERT INTO Report_Details (Report_ID, Summary, Verdict) VALUES (11217, 'Report summary 11217', 'False');
INSERT INTO Report (Report_ID, Date, Authored_By, Verified_By, Documents_Artifact) VALUES (11218, '1985-08-21', 1188, 1131, 3086);
INSERT INTO Report_Details (Report_ID, Summary, Verdict) VALUES (11218, 'Report summary 11218', 'True');
INSERT INTO Report (Report_ID, Date, Authored_By, Verified_By, Documents_Artifact) VALUES (11219, '1985-01-14', 1025, 1180, 3101);
INSERT INTO Report_Details (Report_ID, Summary, Verdict) VALUES (11219, 'Report summary 11219', 'Unclear');
INSERT INTO Event_Involves_Entity (Event_ID, Entity_ID) VALUES (5001, 2068);
INSERT INTO Event_Involves_Entity (Event_ID, Entity_ID) VALUES (5002, 2034);
INSERT INTO Event_Involves_Entity (Event_ID, Entity_ID) VALUES (5002, 2052);
INSERT INTO Event_Involves_Entity (Event_ID, Entity_ID) VALUES (5002, 2061);
INSERT INTO Event_Involves_Entity (Event_ID, Entity_ID) VALUES (5004, 2020);
INSERT INTO Event_Involves_Entity (Event_ID, Entity_ID) VALUES (5005, 2027);
INSERT INTO Event_Involves_Entity (Event_ID, Entity_ID) VALUES (5005, 2040);
INSERT INTO Event_Involves_Entity (Event_ID, Entity_ID) VALUES (5005, 2062);
INSERT INTO Event_Involves_Entity (Event_ID, Entity_ID) VALUES (5006, 2033);
INSERT INTO Event_Involves_Entity (Event_ID, Entity_ID) VALUES (5006, 2077);
INSERT INTO Event_Involves_Entity (Event_ID, Entity_ID) VALUES (5006, 2107);
INSERT INTO Event_Involves_Entity (Event_ID, Entity_ID) VALUES (5007, 2085);
INSERT INTO Event_Involves_Entity (Event_ID, Entity_ID) VALUES (5008, 2042);
INSERT INTO Event_Involves_Entity (Event_ID, Entity_ID) VALUES (5009, 2090);
INSERT INTO Event_Involves_Entity (Event_ID, Entity_ID) VALUES (5010, 2001);
INSERT INTO Event_Involves_Entity (Event_ID, Entity_ID) VALUES (5010, 2096);
INSERT INTO Event_Involves_Entity (Event_ID, Entity_ID) VALUES (5010, 2098);
INSERT INTO Event_Involves_Entity (Event_ID, Entity_ID) VALUES (5011, 2038);
INSERT INTO Event_Involves_Entity (Event_ID, Entity_ID) VALUES (5011, 2095);
INSERT INTO Event_Involves_Entity (Event_ID, Entity_ID) VALUES (5012, 2029);
INSERT INTO Event_Involves_Entity (Event_ID, Entity_ID) VALUES (5012, 2069);
INSERT INTO Event_Involves_Entity (Event_ID, Entity_ID) VALUES (5012, 2110);
INSERT INTO Event_Involves_Entity (Event_ID, Entity_ID) VALUES (5013, 2028);
INSERT INTO Event_Involves_Entity (Event_ID, Entity_ID) VALUES (5014, 2078);
INSERT INTO Event_Involves_Entity (Event_ID, Entity_ID) VALUES (5015, 2019);
INSERT INTO Event_Involves_Entity (Event_ID, Entity_ID) VALUES (5015, 2026);
INSERT INTO Event_Involves_Entity (Event_ID, Entity_ID) VALUES (5015, 2110);
INSERT INTO Event_Involves_Entity (Event_ID, Entity_ID) VALUES (5017, 2034);
INSERT INTO Event_Involves_Entity (Event_ID, Entity_ID) VALUES (5017, 2041);
INSERT INTO Event_Involves_Entity (Event_ID, Entity_ID) VALUES (5018, 2076);
INSERT INTO Event_Involves_Entity (Event_ID, Entity_ID) VALUES (5018, 2081);
INSERT INTO Event_Involves_Entity (Event_ID, Entity_ID) VALUES (5018, 2097);
INSERT INTO Event_Involves_Entity (Event_ID, Entity_ID) VALUES (5018, 2106);
INSERT INTO Event_Involves_Entity (Event_ID, Entity_ID) VALUES (5018, 2108);
INSERT INTO Event_Involves_Entity (Event_ID, Entity_ID) VALUES (5019, 2047);
INSERT INTO Event_Involves_Entity (Event_ID, Entity_ID) VALUES (5019, 2053);
INSERT INTO Event_Involves_Entity (Event_ID, Entity_ID) VALUES (5020, 2015);
INSERT INTO Event_Involves_Entity (Event_ID, Entity_ID) VALUES (5020, 2046);
INSERT INTO Event_Involves_Entity (Event_ID, Entity_ID) VALUES (5020, 2118);
INSERT INTO Event_Involves_Entity (Event_ID, Entity_ID) VALUES (5021, 2020);
INSERT INTO Event_Involves_Entity (Event_ID, Entity_ID) VALUES (5022, 2027);
INSERT INTO Event_Involves_Entity (Event_ID, Entity_ID) VALUES (5023, 2039);
INSERT INTO Event_Involves_Entity (Event_ID, Entity_ID) VALUES (5025, 2066);
INSERT INTO Event_Involves_Entity (Event_ID, Entity_ID) VALUES (5025, 2113);
INSERT INTO Event_Involves_Entity (Event_ID, Entity_ID) VALUES (5026, 2017);
INSERT INTO Event_Involves_Entity (Event_ID, Entity_ID) VALUES (5027, 2034);
INSERT INTO Event_Involves_Entity (Event_ID, Entity_ID) VALUES (5030, 2037);
INSERT INTO Event_Involves_Entity (Event_ID, Entity_ID) VALUES (5031, 2079);
INSERT INTO Event_Involves_Entity (Event_ID, Entity_ID) VALUES (5032, 2078);
INSERT INTO Event_Involves_Entity (Event_ID, Entity_ID) VALUES (5032, 2083);
INSERT INTO Event_Involves_Entity (Event_ID, Entity_ID) VALUES (5033, 2024);
INSERT INTO Event_Involves_Entity (Event_ID, Entity_ID) VALUES (5033, 2114);
INSERT INTO Event_Involves_Entity (Event_ID, Entity_ID) VALUES (5034, 2000);
INSERT INTO Event_Involves_Entity (Event_ID, Entity_ID) VALUES (5035, 2000);
INSERT INTO Event_Involves_Entity (Event_ID, Entity_ID) VALUES (5036, 2100);
INSERT INTO Event_Involves_Entity (Event_ID, Entity_ID) VALUES (5039, 2009);
INSERT INTO Event_Involves_Entity (Event_ID, Entity_ID) VALUES (5039, 2041);
INSERT INTO Event_Involves_Entity (Event_ID, Entity_ID) VALUES (5039, 2075);
INSERT INTO Event_Involves_Entity (Event_ID, Entity_ID) VALUES (5039, 2082);
INSERT INTO Event_Involves_Entity (Event_ID, Entity_ID) VALUES (5040, 2043);
INSERT INTO Event_Involves_Entity (Event_ID, Entity_ID) VALUES (5040, 2107);
INSERT INTO Event_Involves_Entity (Event_ID, Entity_ID) VALUES (5041, 2076);
INSERT INTO Event_Involves_Entity (Event_ID, Entity_ID) VALUES (5041, 2117);
INSERT INTO Event_Involves_Entity (Event_ID, Entity_ID) VALUES (5042, 2012);
INSERT INTO Event_Involves_Entity (Event_ID, Entity_ID) VALUES (5042, 2022);
INSERT INTO Event_Involves_Entity (Event_ID, Entity_ID) VALUES (5042, 2026);
INSERT INTO Event_Involves_Entity (Event_ID, Entity_ID) VALUES (5042, 2053);
INSERT INTO Event_Involves_Entity (Event_ID, Entity_ID) VALUES (5044, 2072);
INSERT INTO Event_Involves_Entity (Event_ID, Entity_ID) VALUES (5046, 2023);
INSERT INTO Event_Involves_Entity (Event_ID, Entity_ID) VALUES (5046, 2039);
INSERT INTO Event_Involves_Entity (Event_ID, Entity_ID) VALUES (5046, 2047);
INSERT INTO Event_Involves_Entity (Event_ID, Entity_ID) VALUES (5046, 2099);
INSERT INTO Event_Involves_Entity (Event_ID, Entity_ID) VALUES (5047, 2043);
INSERT INTO Event_Involves_Entity (Event_ID, Entity_ID) VALUES (5049, 2028);
INSERT INTO Event_Involves_Entity (Event_ID, Entity_ID) VALUES (5049, 2049);
INSERT INTO Event_Involves_Entity (Event_ID, Entity_ID) VALUES (5049, 2050);
INSERT INTO Event_Involves_Entity (Event_ID, Entity_ID) VALUES (5050, 2042);
INSERT INTO Event_Involves_Entity (Event_ID, Entity_ID) VALUES (5050, 2049);
INSERT INTO Event_Involves_Entity (Event_ID, Entity_ID) VALUES (5051, 2023);
INSERT INTO Event_Involves_Entity (Event_ID, Entity_ID) VALUES (5051, 2048);
INSERT INTO Event_Involves_Entity (Event_ID, Entity_ID) VALUES (5051, 2060);
INSERT INTO Event_Involves_Entity (Event_ID, Entity_ID) VALUES (5052, 2016);
INSERT INTO Event_Involves_Entity (Event_ID, Entity_ID) VALUES (5053, 2054);
INSERT INTO Event_Involves_Entity (Event_ID, Entity_ID) VALUES (5054, 2059);
INSERT INTO Event_Involves_Entity (Event_ID, Entity_ID) VALUES (5054, 2085);
INSERT INTO Event_Involves_Entity (Event_ID, Entity_ID) VALUES (5056, 2073);
INSERT INTO Event_Involves_Entity (Event_ID, Entity_ID) VALUES (5056, 2078);
INSERT INTO Event_Involves_Entity (Event_ID, Entity_ID) VALUES (5057, 2045);
INSERT INTO Event_Involves_Entity (Event_ID, Entity_ID) VALUES (5057, 2092);
INSERT INTO Event_Involves_Entity (Event_ID, Entity_ID) VALUES (5057, 2100);
INSERT INTO Event_Involves_Entity (Event_ID, Entity_ID) VALUES (5057, 2112);
INSERT INTO Event_Involves_Entity (Event_ID, Entity_ID) VALUES (5058, 2004);
INSERT INTO Event_Involves_Entity (Event_ID, Entity_ID) VALUES (5058, 2044);
INSERT INTO Event_Involves_Entity (Event_ID, Entity_ID) VALUES (5059, 2066);
INSERT INTO Event_Involves_Entity (Event_ID, Entity_ID) VALUES (5059, 2117);
INSERT INTO Event_Involves_Entity (Event_ID, Entity_ID) VALUES (5060, 2030);
INSERT INTO Event_Involves_Entity (Event_ID, Entity_ID) VALUES (5060, 2043);
INSERT INTO Event_Involves_Entity (Event_ID, Entity_ID) VALUES (5061, 2007);
INSERT INTO Event_Involves_Entity (Event_ID, Entity_ID) VALUES (5061, 2071);
INSERT INTO Event_Involves_Entity (Event_ID, Entity_ID) VALUES (5061, 2091);
INSERT INTO Event_Involves_Entity (Event_ID, Entity_ID) VALUES (5063, 2013);
INSERT INTO Event_Involves_Entity (Event_ID, Entity_ID) VALUES (5064, 2093);
INSERT INTO Event_Involves_Entity (Event_ID, Entity_ID) VALUES (5065, 2018);
INSERT INTO Event_Involves_Entity (Event_ID, Entity_ID) VALUES (5065, 2040);
INSERT INTO Event_Involves_Entity (Event_ID, Entity_ID) VALUES (5065, 2073);
INSERT INTO Event_Involves_Entity (Event_ID, Entity_ID) VALUES (5066, 2077);
INSERT INTO Event_Involves_Entity (Event_ID, Entity_ID) VALUES (5067, 2037);
INSERT INTO Event_Involves_Entity (Event_ID, Entity_ID) VALUES (5068, 2051);
INSERT INTO Event_Involves_Entity (Event_ID, Entity_ID) VALUES (5069, 2021);
INSERT INTO Event_Involves_Entity (Event_ID, Entity_ID) VALUES (5070, 2078);
INSERT INTO Event_Involves_Entity (Event_ID, Entity_ID) VALUES (5071, 2016);
INSERT INTO Event_Involves_Entity (Event_ID, Entity_ID) VALUES (5071, 2018);
INSERT INTO Event_Involves_Entity (Event_ID, Entity_ID) VALUES (5071, 2059);
INSERT INTO Event_Involves_Entity (Event_ID, Entity_ID) VALUES (5072, 2037);
INSERT INTO Event_Involves_Entity (Event_ID, Entity_ID) VALUES (5072, 2051);
INSERT INTO Event_Involves_Entity (Event_ID, Entity_ID) VALUES (5072, 2102);
INSERT INTO Event_Involves_Entity (Event_ID, Entity_ID) VALUES (5073, 2107);
INSERT INTO Event_Involves_Entity (Event_ID, Entity_ID) VALUES (5074, 2081);
INSERT INTO Event_Involves_Entity (Event_ID, Entity_ID) VALUES (5074, 2108);
INSERT INTO Event_Involves_Entity (Event_ID, Entity_ID) VALUES (5075, 2018);
INSERT INTO Event_Involves_Entity (Event_ID, Entity_ID) VALUES (5075, 2074);
INSERT INTO Event_Involves_Entity (Event_ID, Entity_ID) VALUES (5075, 2077);
INSERT INTO Event_Involves_Entity (Event_ID, Entity_ID) VALUES (5076, 2000);
INSERT INTO Event_Involves_Entity (Event_ID, Entity_ID) VALUES (5076, 2060);
INSERT INTO Event_Involves_Entity (Event_ID, Entity_ID) VALUES (5077, 2004);
INSERT INTO Event_Involves_Entity (Event_ID, Entity_ID) VALUES (5077, 2012);
INSERT INTO Event_Involves_Entity (Event_ID, Entity_ID) VALUES (5077, 2036);
INSERT INTO Event_Involves_Entity (Event_ID, Entity_ID) VALUES (5077, 2059);
INSERT INTO Event_Involves_Entity (Event_ID, Entity_ID) VALUES (5077, 2062);
INSERT INTO Event_Involves_Entity (Event_ID, Entity_ID) VALUES (5078, 2013);
INSERT INTO Event_Involves_Entity (Event_ID, Entity_ID) VALUES (5078, 2087);
INSERT INTO Event_Involves_Entity (Event_ID, Entity_ID) VALUES (5079, 2068);
INSERT INTO Event_Involves_Entity (Event_ID, Entity_ID) VALUES (5079, 2095);
INSERT INTO Event_Involves_Entity (Event_ID, Entity_ID) VALUES (5080, 2008);
INSERT INTO Event_Involves_Entity (Event_ID, Entity_ID) VALUES (5080, 2107);
INSERT INTO Event_Involves_Entity (Event_ID, Entity_ID) VALUES (5081, 2031);
INSERT INTO Event_Involves_Entity (Event_ID, Entity_ID) VALUES (5081, 2044);
INSERT INTO Event_Involves_Entity (Event_ID, Entity_ID) VALUES (5082, 2040);
INSERT INTO Event_Involves_Entity (Event_ID, Entity_ID) VALUES (5082, 2058);
INSERT INTO Event_Involves_Entity (Event_ID, Entity_ID) VALUES (5082, 2066);
INSERT INTO Event_Involves_Entity (Event_ID, Entity_ID) VALUES (5083, 2059);
INSERT INTO Event_Involves_Entity (Event_ID, Entity_ID) VALUES (5083, 2065);
INSERT INTO Event_Involves_Entity (Event_ID, Entity_ID) VALUES (5084, 2060);
INSERT INTO Event_Involves_Entity (Event_ID, Entity_ID) VALUES (5085, 2025);
INSERT INTO Event_Involves_Entity (Event_ID, Entity_ID) VALUES (5085, 2079);
INSERT INTO Event_Involves_Entity (Event_ID, Entity_ID) VALUES (5085, 2118);
INSERT INTO Event_Involves_Entity (Event_ID, Entity_ID) VALUES (5086, 2000);
INSERT INTO Event_Involves_Entity (Event_ID, Entity_ID) VALUES (5086, 2046);
INSERT INTO Event_Involves_Entity (Event_ID, Entity_ID) VALUES (5086, 2100);
INSERT INTO Event_Involves_Entity (Event_ID, Entity_ID) VALUES (5086, 2111);
INSERT INTO Event_Involves_Entity (Event_ID, Entity_ID) VALUES (5087, 2044);
INSERT INTO Event_Involves_Entity (Event_ID, Entity_ID) VALUES (5087, 2080);
INSERT INTO Event_Involves_Entity (Event_ID, Entity_ID) VALUES (5087, 2086);
INSERT INTO Event_Involves_Entity (Event_ID, Entity_ID) VALUES (5088, 2038);
INSERT INTO Event_Involves_Entity (Event_ID, Entity_ID) VALUES (5088, 2081);
INSERT INTO Event_Involves_Entity (Event_ID, Entity_ID) VALUES (5089, 2010);
INSERT INTO Event_Involves_Entity (Event_ID, Entity_ID) VALUES (5089, 2060);
INSERT INTO Event_Involves_Entity (Event_ID, Entity_ID) VALUES (5089, 2061);
INSERT INTO Event_Involves_Entity (Event_ID, Entity_ID) VALUES (5090, 2059);
INSERT INTO Event_Involves_Entity (Event_ID, Entity_ID) VALUES (5090, 2111);
INSERT INTO Event_Involves_Entity (Event_ID, Entity_ID) VALUES (5091, 2020);
INSERT INTO Event_Involves_Entity (Event_ID, Entity_ID) VALUES (5091, 2054);
INSERT INTO Event_Involves_Entity (Event_ID, Entity_ID) VALUES (5092, 2054);
INSERT INTO Event_Involves_Entity (Event_ID, Entity_ID) VALUES (5092, 2086);
INSERT INTO Event_Involves_Entity (Event_ID, Entity_ID) VALUES (5092, 2112);
INSERT INTO Event_Involves_Entity (Event_ID, Entity_ID) VALUES (5094, 2030);
INSERT INTO Event_Involves_Entity (Event_ID, Entity_ID) VALUES (5094, 2095);
INSERT INTO Event_Involves_Entity (Event_ID, Entity_ID) VALUES (5095, 2040);
INSERT INTO Event_Involves_Entity (Event_ID, Entity_ID) VALUES (5095, 2060);
INSERT INTO Event_Involves_Entity (Event_ID, Entity_ID) VALUES (5096, 2025);
INSERT INTO Event_Involves_Entity (Event_ID, Entity_ID) VALUES (5097, 2048);
INSERT INTO Event_Involves_Entity (Event_ID, Entity_ID) VALUES (5098, 2035);
INSERT INTO Event_Involves_Entity (Event_ID, Entity_ID) VALUES (5098, 2108);
INSERT INTO Event_Involves_Entity (Event_ID, Entity_ID) VALUES (5099, 2000);
INSERT INTO Event_Involves_Entity (Event_ID, Entity_ID) VALUES (5099, 2083);
INSERT INTO Event_Involves_Entity (Event_ID, Entity_ID) VALUES (5099, 2106);
INSERT INTO Event_Involves_Entity (Event_ID, Entity_ID) VALUES (5100, 2056);
INSERT INTO Event_Involves_Entity (Event_ID, Entity_ID) VALUES (5101, 2081);
INSERT INTO Event_Involves_Entity (Event_ID, Entity_ID) VALUES (5101, 2088);
INSERT INTO Event_Involves_Entity (Event_ID, Entity_ID) VALUES (5102, 2022);
INSERT INTO Event_Involves_Entity (Event_ID, Entity_ID) VALUES (5102, 2041);
INSERT INTO Event_Involves_Entity (Event_ID, Entity_ID) VALUES (5102, 2113);
INSERT INTO Event_Involves_Entity (Event_ID, Entity_ID) VALUES (5103, 2012);
INSERT INTO Event_Involves_Entity (Event_ID, Entity_ID) VALUES (5103, 2046);
INSERT INTO Event_Involves_Entity (Event_ID, Entity_ID) VALUES (5104, 2102);
INSERT INTO Event_Involves_Entity (Event_ID, Entity_ID) VALUES (5106, 2002);
INSERT INTO Event_Involves_Entity (Event_ID, Entity_ID) VALUES (5106, 2043);
INSERT INTO Event_Involves_Entity (Event_ID, Entity_ID) VALUES (5106, 2110);
INSERT INTO Event_Involves_Entity (Event_ID, Entity_ID) VALUES (5107, 2033);
INSERT INTO Event_Involves_Entity (Event_ID, Entity_ID) VALUES (5107, 2046);
INSERT INTO Event_Involves_Entity (Event_ID, Entity_ID) VALUES (5107, 2119);
INSERT INTO Event_Involves_Entity (Event_ID, Entity_ID) VALUES (5108, 2116);
INSERT INTO Event_Involves_Entity (Event_ID, Entity_ID) VALUES (5109, 2000);
INSERT INTO Event_Involves_Entity (Event_ID, Entity_ID) VALUES (5109, 2021);
INSERT INTO Event_Involves_Entity (Event_ID, Entity_ID) VALUES (5109, 2078);
INSERT INTO Event_Involves_Entity (Event_ID, Entity_ID) VALUES (5110, 2011);
INSERT INTO Event_Involves_Entity (Event_ID, Entity_ID) VALUES (5111, 2027);
INSERT INTO Event_Involves_Entity (Event_ID, Entity_ID) VALUES (5111, 2053);
INSERT INTO Event_Involves_Entity (Event_ID, Entity_ID) VALUES (5111, 2059);
INSERT INTO Event_Involves_Entity (Event_ID, Entity_ID) VALUES (5112, 2043);
INSERT INTO Event_Involves_Entity (Event_ID, Entity_ID) VALUES (5113, 2028);
INSERT INTO Event_Involves_Entity (Event_ID, Entity_ID) VALUES (5113, 2052);
INSERT INTO Event_Involves_Entity (Event_ID, Entity_ID) VALUES (5113, 2073);
INSERT INTO Event_Involves_Entity (Event_ID, Entity_ID) VALUES (5113, 2113);
INSERT INTO Event_Involves_Entity (Event_ID, Entity_ID) VALUES (5114, 2019);
INSERT INTO Event_Involves_Entity (Event_ID, Entity_ID) VALUES (5115, 2044);
INSERT INTO Event_Involves_Entity (Event_ID, Entity_ID) VALUES (5116, 2003);
INSERT INTO Event_Involves_Entity (Event_ID, Entity_ID) VALUES (5116, 2094);
INSERT INTO Event_Involves_Entity (Event_ID, Entity_ID) VALUES (5117, 2017);
INSERT INTO Event_Involves_Entity (Event_ID, Entity_ID) VALUES (5117, 2037);
INSERT INTO Event_Involves_Entity (Event_ID, Entity_ID) VALUES (5118, 2057);
INSERT INTO Event_Involves_Entity (Event_ID, Entity_ID) VALUES (5118, 2112);
INSERT INTO Event_Involves_Entity (Event_ID, Entity_ID) VALUES (5119, 2007);
INSERT INTO Event_Involves_Entity (Event_ID, Entity_ID) VALUES (5120, 2003);
INSERT INTO Event_Involves_Entity (Event_ID, Entity_ID) VALUES (5120, 2041);
INSERT INTO Event_Involves_Entity (Event_ID, Entity_ID) VALUES (5120, 2081);
INSERT INTO Event_Involves_Entity (Event_ID, Entity_ID) VALUES (5124, 2032);
INSERT INTO Event_Involves_Entity (Event_ID, Entity_ID) VALUES (5124, 2088);
INSERT INTO Event_Involves_Entity (Event_ID, Entity_ID) VALUES (5124, 2097);
INSERT INTO Event_Involves_Entity (Event_ID, Entity_ID) VALUES (5124, 2101);
INSERT INTO Event_Involves_Entity (Event_ID, Entity_ID) VALUES (5125, 2017);
INSERT INTO Event_Involves_Entity (Event_ID, Entity_ID) VALUES (5126, 2039);
INSERT INTO Event_Involves_Entity (Event_ID, Entity_ID) VALUES (5126, 2084);
INSERT INTO Event_Involves_Entity (Event_ID, Entity_ID) VALUES (5127, 2001);
INSERT INTO Event_Involves_Entity (Event_ID, Entity_ID) VALUES (5127, 2010);
INSERT INTO Event_Involves_Entity (Event_ID, Entity_ID) VALUES (5127, 2021);
INSERT INTO Event_Involves_Entity (Event_ID, Entity_ID) VALUES (5128, 2087);
INSERT INTO Event_Involves_Entity (Event_ID, Entity_ID) VALUES (5129, 2035);
INSERT INTO Event_Involves_Entity (Event_ID, Entity_ID) VALUES (5129, 2052);
INSERT INTO Event_Involves_Entity (Event_ID, Entity_ID) VALUES (5129, 2064);
INSERT INTO Event_Involves_Entity (Event_ID, Entity_ID) VALUES (5130, 2071);
INSERT INTO Event_Involves_Entity (Event_ID, Entity_ID) VALUES (5131, 2081);
INSERT INTO Event_Involves_Entity (Event_ID, Entity_ID) VALUES (5131, 2092);
INSERT INTO Event_Involves_Entity (Event_ID, Entity_ID) VALUES (5132, 2025);
INSERT INTO Event_Involves_Entity (Event_ID, Entity_ID) VALUES (5132, 2072);
INSERT INTO Event_Involves_Entity (Event_ID, Entity_ID) VALUES (5132, 2094);
INSERT INTO Event_Involves_Entity (Event_ID, Entity_ID) VALUES (5133, 2004);
INSERT INTO Event_Involves_Entity (Event_ID, Entity_ID) VALUES (5133, 2053);
INSERT INTO Event_Involves_Entity (Event_ID, Entity_ID) VALUES (5133, 2116);
INSERT INTO Event_Involves_Entity (Event_ID, Entity_ID) VALUES (5134, 2072);
INSERT INTO Event_Involves_Entity (Event_ID, Entity_ID) VALUES (5134, 2097);
INSERT INTO Event_Involves_Entity (Event_ID, Entity_ID) VALUES (5135, 2011);
INSERT INTO Event_Involves_Entity (Event_ID, Entity_ID) VALUES (5135, 2012);
INSERT INTO Event_Involves_Entity (Event_ID, Entity_ID) VALUES (5135, 2060);
INSERT INTO Event_Involves_Entity (Event_ID, Entity_ID) VALUES (5135, 2083);
INSERT INTO Event_Involves_Entity (Event_ID, Entity_ID) VALUES (5136, 2022);
INSERT INTO Event_Involves_Entity (Event_ID, Entity_ID) VALUES (5137, 2011);
INSERT INTO Event_Involves_Entity (Event_ID, Entity_ID) VALUES (5138, 2070);
INSERT INTO Event_Involves_Entity (Event_ID, Entity_ID) VALUES (5139, 2004);
INSERT INTO Event_Involves_Entity (Event_ID, Entity_ID) VALUES (5139, 2113);
INSERT INTO Event_Involves_Entity (Event_ID, Entity_ID) VALUES (5140, 2034);
INSERT INTO Event_Involves_Entity (Event_ID, Entity_ID) VALUES (5140, 2044);
INSERT INTO Event_Involves_Entity (Event_ID, Entity_ID) VALUES (5140, 2058);
INSERT INTO Event_Involves_Entity (Event_ID, Entity_ID) VALUES (5140, 2076);
INSERT INTO Event_Involves_Entity (Event_ID, Entity_ID) VALUES (5141, 2064);
INSERT INTO Event_Involves_Entity (Event_ID, Entity_ID) VALUES (5141, 2077);
INSERT INTO Event_Involves_Entity (Event_ID, Entity_ID) VALUES (5141, 2103);
INSERT INTO Event_Involves_Entity (Event_ID, Entity_ID) VALUES (5142, 2017);
INSERT INTO Event_Involves_Entity (Event_ID, Entity_ID) VALUES (5142, 2077);
INSERT INTO Event_Involves_Entity (Event_ID, Entity_ID) VALUES (5142, 2091);
INSERT INTO Event_Involves_Entity (Event_ID, Entity_ID) VALUES (5142, 2109);
INSERT INTO Event_Involves_Entity (Event_ID, Entity_ID) VALUES (5143, 2022);
INSERT INTO Event_Involves_Entity (Event_ID, Entity_ID) VALUES (5144, 2016);
INSERT INTO Event_Involves_Entity (Event_ID, Entity_ID) VALUES (5144, 2038);
INSERT INTO Event_Involves_Entity (Event_ID, Entity_ID) VALUES (5144, 2104);
INSERT INTO Event_Involves_Entity (Event_ID, Entity_ID) VALUES (5145, 2034);
INSERT INTO Event_Involves_Entity (Event_ID, Entity_ID) VALUES (5145, 2105);
INSERT INTO Event_Involves_Entity (Event_ID, Entity_ID) VALUES (5146, 2022);
INSERT INTO Event_Involves_Entity (Event_ID, Entity_ID) VALUES (5147, 2053);
INSERT INTO Event_Involves_Entity (Event_ID, Entity_ID) VALUES (5147, 2093);
INSERT INTO Event_Involves_Entity (Event_ID, Entity_ID) VALUES (5148, 2022);
INSERT INTO Event_Involves_Entity (Event_ID, Entity_ID) VALUES (5148, 2034);
INSERT INTO Event_Involves_Entity (Event_ID, Entity_ID) VALUES (5149, 2039);
INSERT INTO Event_Involves_Entity (Event_ID, Entity_ID) VALUES (5149, 2085);
INSERT INTO Event_Involves_Entity (Event_ID, Entity_ID) VALUES (5149, 2096);
INSERT INTO Event_Involves_Entity (Event_ID, Entity_ID) VALUES (5150, 2045);
INSERT INTO Event_Involves_Entity (Event_ID, Entity_ID) VALUES (5151, 2015);
INSERT INTO Event_Involves_Entity (Event_ID, Entity_ID) VALUES (5151, 2033);
INSERT INTO Event_Involves_Entity (Event_ID, Entity_ID) VALUES (5152, 2081);
INSERT INTO Event_Involves_Entity (Event_ID, Entity_ID) VALUES (5153, 2107);
INSERT INTO Event_Involves_Entity (Event_ID, Entity_ID) VALUES (5153, 2113);
INSERT INTO Event_Involves_Entity (Event_ID, Entity_ID) VALUES (5154, 2054);
INSERT INTO Event_Involves_Entity (Event_ID, Entity_ID) VALUES (5154, 2055);
INSERT INTO Event_Involves_Entity (Event_ID, Entity_ID) VALUES (5155, 2054);
INSERT INTO Event_Involves_Entity (Event_ID, Entity_ID) VALUES (5155, 2078);
INSERT INTO Event_Involves_Entity (Event_ID, Entity_ID) VALUES (5156, 2047);
INSERT INTO Event_Involves_Entity (Event_ID, Entity_ID) VALUES (5156, 2060);
INSERT INTO Event_Involves_Entity (Event_ID, Entity_ID) VALUES (5157, 2010);
INSERT INTO Event_Involves_Entity (Event_ID, Entity_ID) VALUES (5158, 2006);
INSERT INTO Event_Involves_Entity (Event_ID, Entity_ID) VALUES (5158, 2026);
INSERT INTO Event_Involves_Entity (Event_ID, Entity_ID) VALUES (5159, 2035);
INSERT INTO Event_Involves_Entity (Event_ID, Entity_ID) VALUES (5159, 2049);
INSERT INTO Event_Involves_Entity (Event_ID, Entity_ID) VALUES (5159, 2089);
INSERT INTO Event_Involves_Entity (Event_ID, Entity_ID) VALUES (5159, 2094);
INSERT INTO Event_Involves_Entity (Event_ID, Entity_ID) VALUES (5159, 2100);
INSERT INTO Event_Involves_Entity (Event_ID, Entity_ID) VALUES (5159, 2107);
INSERT INTO Event_Involves_Entity (Event_ID, Entity_ID) VALUES (5160, 2012);
INSERT INTO Event_Involves_Entity (Event_ID, Entity_ID) VALUES (5160, 2083);
INSERT INTO Event_Involves_Entity (Event_ID, Entity_ID) VALUES (5161, 2057);
INSERT INTO Event_Involves_Entity (Event_ID, Entity_ID) VALUES (5162, 2012);
INSERT INTO Event_Involves_Entity (Event_ID, Entity_ID) VALUES (5162, 2024);
INSERT INTO Event_Involves_Entity (Event_ID, Entity_ID) VALUES (5162, 2064);
INSERT INTO Event_Involves_Entity (Event_ID, Entity_ID) VALUES (5162, 2114);
INSERT INTO Event_Involves_Entity (Event_ID, Entity_ID) VALUES (5163, 2044);
INSERT INTO Event_Involves_Entity (Event_ID, Entity_ID) VALUES (5163, 2084);
INSERT INTO Event_Involves_Entity (Event_ID, Entity_ID) VALUES (5163, 2098);
INSERT INTO Event_Involves_Entity (Event_ID, Entity_ID) VALUES (5164, 2088);
INSERT INTO Event_Involves_Entity (Event_ID, Entity_ID) VALUES (5165, 2009);
INSERT INTO Event_Involves_Entity (Event_ID, Entity_ID) VALUES (5165, 2033);
INSERT INTO Event_Involves_Entity (Event_ID, Entity_ID) VALUES (5165, 2054);
INSERT INTO Event_Involves_Entity (Event_ID, Entity_ID) VALUES (5166, 2028);
INSERT INTO Event_Involves_Entity (Event_ID, Entity_ID) VALUES (5166, 2078);
INSERT INTO Event_Involves_Entity (Event_ID, Entity_ID) VALUES (5167, 2038);
INSERT INTO Event_Involves_Entity (Event_ID, Entity_ID) VALUES (5168, 2012);
INSERT INTO Event_Involves_Entity (Event_ID, Entity_ID) VALUES (5168, 2069);
INSERT INTO Event_Involves_Entity (Event_ID, Entity_ID) VALUES (5168, 2082);
INSERT INTO Event_Involves_Entity (Event_ID, Entity_ID) VALUES (5169, 2012);
INSERT INTO Event_Involves_Entity (Event_ID, Entity_ID) VALUES (5169, 2073);
INSERT INTO Event_Involves_Entity (Event_ID, Entity_ID) VALUES (5169, 2100);
INSERT INTO Event_Involves_Entity (Event_ID, Entity_ID) VALUES (5169, 2118);
INSERT INTO Event_Involves_Entity (Event_ID, Entity_ID) VALUES (5170, 2018);
INSERT INTO Event_Involves_Entity (Event_ID, Entity_ID) VALUES (5171, 2043);
INSERT INTO Event_Involves_Entity (Event_ID, Entity_ID) VALUES (5171, 2108);
INSERT INTO Event_Involves_Entity (Event_ID, Entity_ID) VALUES (5172, 2106);
INSERT INTO Event_Involves_Entity (Event_ID, Entity_ID) VALUES (5172, 2119);
INSERT INTO Event_Involves_Entity (Event_ID, Entity_ID) VALUES (5173, 2018);
INSERT INTO Event_Involves_Entity (Event_ID, Entity_ID) VALUES (5174, 2064);
INSERT INTO Event_Involves_Entity (Event_ID, Entity_ID) VALUES (5175, 2028);
INSERT INTO Event_Involves_Entity (Event_ID, Entity_ID) VALUES (5175, 2037);
INSERT INTO Event_Involves_Entity (Event_ID, Entity_ID) VALUES (5175, 2043);
INSERT INTO Event_Involves_Entity (Event_ID, Entity_ID) VALUES (5177, 2058);
INSERT INTO Event_Involves_Entity (Event_ID, Entity_ID) VALUES (5177, 2062);
INSERT INTO Event_Involves_Entity (Event_ID, Entity_ID) VALUES (5177, 2082);
INSERT INTO Event_Involves_Entity (Event_ID, Entity_ID) VALUES (5177, 2087);
INSERT INTO Event_Involves_Entity (Event_ID, Entity_ID) VALUES (5178, 2022);
INSERT INTO Event_Involves_Entity (Event_ID, Entity_ID) VALUES (5178, 2061);
INSERT INTO Event_Involves_Entity (Event_ID, Entity_ID) VALUES (5178, 2098);
INSERT INTO Event_Involves_Entity (Event_ID, Entity_ID) VALUES (5179, 2081);
INSERT INTO Event_Involves_Entity (Event_ID, Entity_ID) VALUES (5180, 2072);
INSERT INTO Event_Involves_Entity (Event_ID, Entity_ID) VALUES (5180, 2096);
INSERT INTO Event_Involves_Entity (Event_ID, Entity_ID) VALUES (5180, 2098);
INSERT INTO Event_Involves_Entity (Event_ID, Entity_ID) VALUES (5182, 2063);
INSERT INTO Event_Involves_Entity (Event_ID, Entity_ID) VALUES (5182, 2069);
INSERT INTO Event_Involves_Entity (Event_ID, Entity_ID) VALUES (5183, 2039);
INSERT INTO Event_Involves_Entity (Event_ID, Entity_ID) VALUES (5184, 2067);
INSERT INTO Event_Involves_Entity (Event_ID, Entity_ID) VALUES (5185, 2080);
INSERT INTO Event_Involves_Entity (Event_ID, Entity_ID) VALUES (5185, 2091);
INSERT INTO Event_Involves_Entity (Event_ID, Entity_ID) VALUES (5186, 2092);
INSERT INTO Event_Involves_Entity (Event_ID, Entity_ID) VALUES (5187, 2066);
INSERT INTO Event_Involves_Entity (Event_ID, Entity_ID) VALUES (5187, 2109);
INSERT INTO Event_Involves_Entity (Event_ID, Entity_ID) VALUES (5188, 2046);
INSERT INTO Event_Involves_Entity (Event_ID, Entity_ID) VALUES (5188, 2092);
INSERT INTO Event_Involves_Entity (Event_ID, Entity_ID) VALUES (5188, 2117);
INSERT INTO Event_Involves_Entity (Event_ID, Entity_ID) VALUES (5189, 2032);
INSERT INTO Event_Involves_Entity (Event_ID, Entity_ID) VALUES (5189, 2038);
INSERT INTO Event_Involves_Entity (Event_ID, Entity_ID) VALUES (5189, 2061);
INSERT INTO Event_Involves_Entity (Event_ID, Entity_ID) VALUES (5189, 2072);
INSERT INTO Event_Involves_Entity (Event_ID, Entity_ID) VALUES (5190, 2004);
INSERT INTO Event_Involves_Entity (Event_ID, Entity_ID) VALUES (5190, 2066);
INSERT INTO Event_Involves_Entity (Event_ID, Entity_ID) VALUES (5190, 2072);
INSERT INTO Event_Involves_Entity (Event_ID, Entity_ID) VALUES (5190, 2099);
INSERT INTO Event_Involves_Entity (Event_ID, Entity_ID) VALUES (5191, 2022);
INSERT INTO Event_Involves_Entity (Event_ID, Entity_ID) VALUES (5191, 2042);
INSERT INTO Event_Involves_Entity (Event_ID, Entity_ID) VALUES (5191, 2073);
INSERT INTO Event_Involves_Entity (Event_ID, Entity_ID) VALUES (5192, 2016);
INSERT INTO Event_Involves_Entity (Event_ID, Entity_ID) VALUES (5192, 2037);
INSERT INTO Event_Involves_Entity (Event_ID, Entity_ID) VALUES (5192, 2106);
INSERT INTO Event_Involves_Entity (Event_ID, Entity_ID) VALUES (5192, 2117);
INSERT INTO Event_Involves_Entity (Event_ID, Entity_ID) VALUES (5193, 2077);
INSERT INTO Event_Involves_Entity (Event_ID, Entity_ID) VALUES (5193, 2083);
INSERT INTO Event_Involves_Entity (Event_ID, Entity_ID) VALUES (5193, 2084);
INSERT INTO Event_Involves_Entity (Event_ID, Entity_ID) VALUES (5193, 2099);
INSERT INTO Event_Involves_Entity (Event_ID, Entity_ID) VALUES (5193, 2110);
INSERT INTO Event_Involves_Entity (Event_ID, Entity_ID) VALUES (5194, 2001);
INSERT INTO Event_Involves_Entity (Event_ID, Entity_ID) VALUES (5194, 2090);
INSERT INTO Event_Involves_Entity (Event_ID, Entity_ID) VALUES (5195, 2002);
INSERT INTO Event_Involves_Entity (Event_ID, Entity_ID) VALUES (5196, 2083);
INSERT INTO Event_Involves_Entity (Event_ID, Entity_ID) VALUES (5196, 2111);
INSERT INTO Event_Involves_Entity (Event_ID, Entity_ID) VALUES (5197, 2090);
INSERT INTO Event_Involves_Entity (Event_ID, Entity_ID) VALUES (5199, 2032);
INSERT INTO Event_Involves_Entity (Event_ID, Entity_ID) VALUES (5199, 2060);
INSERT INTO Event_Involves_Entity (Event_ID, Entity_ID) VALUES (5199, 2070);
INSERT INTO Event_Involves_Entity (Event_ID, Entity_ID) VALUES (5200, 2028);
INSERT INTO Event_Involves_Entity (Event_ID, Entity_ID) VALUES (5200, 2076);
INSERT INTO Event_Involves_Entity (Event_ID, Entity_ID) VALUES (5201, 2047);
INSERT INTO Event_Involves_Entity (Event_ID, Entity_ID) VALUES (5201, 2089);
INSERT INTO Event_Involves_Entity (Event_ID, Entity_ID) VALUES (5202, 2021);
INSERT INTO Event_Involves_Entity (Event_ID, Entity_ID) VALUES (5202, 2031);
INSERT INTO Event_Involves_Entity (Event_ID, Entity_ID) VALUES (5203, 2005);
INSERT INTO Event_Involves_Entity (Event_ID, Entity_ID) VALUES (5203, 2087);
INSERT INTO Event_Involves_Entity (Event_ID, Entity_ID) VALUES (5203, 2098);
INSERT INTO Event_Involves_Entity (Event_ID, Entity_ID) VALUES (5204, 2001);
INSERT INTO Event_Involves_Entity (Event_ID, Entity_ID) VALUES (5204, 2036);
INSERT INTO Event_Involves_Entity (Event_ID, Entity_ID) VALUES (5204, 2080);
INSERT INTO Event_Involves_Entity (Event_ID, Entity_ID) VALUES (5204, 2091);
INSERT INTO Event_Involves_Entity (Event_ID, Entity_ID) VALUES (5205, 2002);
INSERT INTO Event_Involves_Entity (Event_ID, Entity_ID) VALUES (5205, 2016);
INSERT INTO Event_Involves_Entity (Event_ID, Entity_ID) VALUES (5205, 2038);
INSERT INTO Event_Involves_Entity (Event_ID, Entity_ID) VALUES (5205, 2054);
INSERT INTO Event_Involves_Entity (Event_ID, Entity_ID) VALUES (5206, 2004);
INSERT INTO Event_Involves_Entity (Event_ID, Entity_ID) VALUES (5206, 2053);
INSERT INTO Event_Involves_Entity (Event_ID, Entity_ID) VALUES (5206, 2119);
INSERT INTO Event_Involves_Entity (Event_ID, Entity_ID) VALUES (5207, 2061);
INSERT INTO Event_Involves_Entity (Event_ID, Entity_ID) VALUES (5207, 2102);
INSERT INTO Event_Involves_Entity (Event_ID, Entity_ID) VALUES (5208, 2110);
INSERT INTO Event_Involves_Entity (Event_ID, Entity_ID) VALUES (5208, 2111);
INSERT INTO Event_Involves_Entity (Event_ID, Entity_ID) VALUES (5209, 2002);
INSERT INTO Event_Involves_Entity (Event_ID, Entity_ID) VALUES (5209, 2007);
INSERT INTO Event_Involves_Entity (Event_ID, Entity_ID) VALUES (5210, 2024);
INSERT INTO Event_Involves_Entity (Event_ID, Entity_ID) VALUES (5210, 2050);
INSERT INTO Event_Involves_Entity (Event_ID, Entity_ID) VALUES (5210, 2087);
INSERT INTO Event_Involves_Entity (Event_ID, Entity_ID) VALUES (5211, 2027);
INSERT INTO Event_Involves_Entity (Event_ID, Entity_ID) VALUES (5211, 2028);
INSERT INTO Event_Involves_Entity (Event_ID, Entity_ID) VALUES (5211, 2084);
INSERT INTO Event_Involves_Entity (Event_ID, Entity_ID) VALUES (5213, 2002);
INSERT INTO Event_Involves_Entity (Event_ID, Entity_ID) VALUES (5213, 2022);
INSERT INTO Event_Involves_Entity (Event_ID, Entity_ID) VALUES (5213, 2033);
INSERT INTO Event_Involves_Entity (Event_ID, Entity_ID) VALUES (5214, 2053);
INSERT INTO Event_Involves_Entity (Event_ID, Entity_ID) VALUES (5215, 2054);
INSERT INTO Event_Involves_Entity (Event_ID, Entity_ID) VALUES (5215, 2060);
INSERT INTO Event_Involves_Entity (Event_ID, Entity_ID) VALUES (5217, 2014);
INSERT INTO Event_Involves_Entity (Event_ID, Entity_ID) VALUES (5217, 2043);
INSERT INTO Event_Involves_Entity (Event_ID, Entity_ID) VALUES (5217, 2051);
INSERT INTO Event_Involves_Entity (Event_ID, Entity_ID) VALUES (5217, 2063);
INSERT INTO Event_Involves_Entity (Event_ID, Entity_ID) VALUES (5219, 2011);
INSERT INTO Event_Involves_Entity (Event_ID, Entity_ID) VALUES (5219, 2100);
INSERT INTO Event_Involves_Entity (Event_ID, Entity_ID) VALUES (5220, 2053);
INSERT INTO Event_Involves_Entity (Event_ID, Entity_ID) VALUES (5221, 2014);
INSERT INTO Event_Involves_Entity (Event_ID, Entity_ID) VALUES (5222, 2006);
INSERT INTO Event_Involves_Entity (Event_ID, Entity_ID) VALUES (5222, 2008);
INSERT INTO Event_Involves_Entity (Event_ID, Entity_ID) VALUES (5222, 2037);
INSERT INTO Event_Involves_Entity (Event_ID, Entity_ID) VALUES (5222, 2083);
INSERT INTO Event_Involves_Entity (Event_ID, Entity_ID) VALUES (5223, 2011);
INSERT INTO Event_Involves_Entity (Event_ID, Entity_ID) VALUES (5223, 2035);
INSERT INTO Event_Involves_Entity (Event_ID, Entity_ID) VALUES (5223, 2071);
INSERT INTO Event_Involves_Entity (Event_ID, Entity_ID) VALUES (5224, 2061);
INSERT INTO Event_Involves_Entity (Event_ID, Entity_ID) VALUES (5224, 2103);
INSERT INTO Event_Involves_Entity (Event_ID, Entity_ID) VALUES (5224, 2111);
INSERT INTO Event_Involves_Entity (Event_ID, Entity_ID) VALUES (5225, 2054);
INSERT INTO Event_Involves_Entity (Event_ID, Entity_ID) VALUES (5226, 2062);
INSERT INTO Event_Involves_Entity (Event_ID, Entity_ID) VALUES (5227, 2005);
INSERT INTO Event_Involves_Entity (Event_ID, Entity_ID) VALUES (5227, 2030);
INSERT INTO Event_Involves_Entity (Event_ID, Entity_ID) VALUES (5227, 2081);
INSERT INTO Event_Involves_Entity (Event_ID, Entity_ID) VALUES (5228, 2041);
INSERT INTO Event_Involves_Entity (Event_ID, Entity_ID) VALUES (5228, 2072);
INSERT INTO Event_Involves_Entity (Event_ID, Entity_ID) VALUES (5229, 2052);
INSERT INTO Event_Involves_Entity (Event_ID, Entity_ID) VALUES (5230, 2020);
INSERT INTO Event_Involves_Entity (Event_ID, Entity_ID) VALUES (5230, 2064);
INSERT INTO Event_Involves_Entity (Event_ID, Entity_ID) VALUES (5230, 2089);
INSERT INTO Event_Involves_Entity (Event_ID, Entity_ID) VALUES (5230, 2106);
INSERT INTO Event_Involves_Entity (Event_ID, Entity_ID) VALUES (5231, 2028);
INSERT INTO Event_Involves_Entity (Event_ID, Entity_ID) VALUES (5234, 2005);
INSERT INTO Event_Involves_Entity (Event_ID, Entity_ID) VALUES (5234, 2088);
INSERT INTO Event_Involves_Entity (Event_ID, Entity_ID) VALUES (5234, 2115);
INSERT INTO Event_Involves_Entity (Event_ID, Entity_ID) VALUES (5235, 2000);
INSERT INTO Event_Involves_Entity (Event_ID, Entity_ID) VALUES (5235, 2010);
INSERT INTO Event_Involves_Entity (Event_ID, Entity_ID) VALUES (5235, 2031);
INSERT INTO Event_Involves_Entity (Event_ID, Entity_ID) VALUES (5235, 2046);
INSERT INTO Event_Involves_Entity (Event_ID, Entity_ID) VALUES (5235, 2072);
INSERT INTO Event_Involves_Entity (Event_ID, Entity_ID) VALUES (5236, 2064);
INSERT INTO Event_Involves_Entity (Event_ID, Entity_ID) VALUES (5236, 2076);
INSERT INTO Event_Involves_Entity (Event_ID, Entity_ID) VALUES (5236, 2090);
INSERT INTO Event_Involves_Entity (Event_ID, Entity_ID) VALUES (5236, 2092);
INSERT INTO Event_Involves_Entity (Event_ID, Entity_ID) VALUES (5237, 2011);
INSERT INTO Event_Involves_Entity (Event_ID, Entity_ID) VALUES (5237, 2036);
INSERT INTO Event_Involves_Entity (Event_ID, Entity_ID) VALUES (5237, 2090);
INSERT INTO Event_Involves_Entity (Event_ID, Entity_ID) VALUES (5238, 2072);
INSERT INTO Event_Involves_Entity (Event_ID, Entity_ID) VALUES (5238, 2098);
INSERT INTO Event_Involves_Entity (Event_ID, Entity_ID) VALUES (5239, 2076);
INSERT INTO Event_Involves_Entity (Event_ID, Entity_ID) VALUES (5241, 2059);
INSERT INTO Event_Involves_Entity (Event_ID, Entity_ID) VALUES (5241, 2077);
INSERT INTO Event_Involves_Entity (Event_ID, Entity_ID) VALUES (5241, 2085);
INSERT INTO Event_Involves_Entity (Event_ID, Entity_ID) VALUES (5241, 2087);
INSERT INTO Event_Involves_Entity (Event_ID, Entity_ID) VALUES (5242, 2026);
INSERT INTO Event_Involves_Entity (Event_ID, Entity_ID) VALUES (5242, 2027);
INSERT INTO Event_Involves_Entity (Event_ID, Entity_ID) VALUES (5242, 2045);
INSERT INTO Event_Involves_Entity (Event_ID, Entity_ID) VALUES (5242, 2066);
INSERT INTO Event_Involves_Entity (Event_ID, Entity_ID) VALUES (5242, 2091);
INSERT INTO Event_Involves_Entity (Event_ID, Entity_ID) VALUES (5242, 2095);
INSERT INTO Event_Involves_Entity (Event_ID, Entity_ID) VALUES (5242, 2106);
INSERT INTO Event_Involves_Entity (Event_ID, Entity_ID) VALUES (5246, 2004);
INSERT INTO Event_Involves_Entity (Event_ID, Entity_ID) VALUES (5246, 2037);
INSERT INTO Event_Involves_Entity (Event_ID, Entity_ID) VALUES (5247, 2026);
INSERT INTO Event_Involves_Entity (Event_ID, Entity_ID) VALUES (5247, 2036);
INSERT INTO Event_Involves_Entity (Event_ID, Entity_ID) VALUES (5247, 2065);
INSERT INTO Event_Involves_Entity (Event_ID, Entity_ID) VALUES (5247, 2086);
INSERT INTO Event_Involves_Entity (Event_ID, Entity_ID) VALUES (5247, 2107);
INSERT INTO Event_Involves_Entity (Event_ID, Entity_ID) VALUES (5248, 2062);
INSERT INTO Event_Involves_Entity (Event_ID, Entity_ID) VALUES (5248, 2082);
INSERT INTO Event_Involves_Entity (Event_ID, Entity_ID) VALUES (5248, 2093);
INSERT INTO Event_Involves_Entity (Event_ID, Entity_ID) VALUES (5249, 2017);
INSERT INTO Event_Involves_Entity (Event_ID, Entity_ID) VALUES (5250, 2045);
INSERT INTO Event_Involves_Entity (Event_ID, Entity_ID) VALUES (5250, 2075);
INSERT INTO Event_Involves_Entity (Event_ID, Entity_ID) VALUES (5250, 2076);
INSERT INTO Event_Involves_Entity (Event_ID, Entity_ID) VALUES (5251, 2022);
INSERT INTO Event_Involves_Entity (Event_ID, Entity_ID) VALUES (5251, 2030);
INSERT INTO Event_Involves_Entity (Event_ID, Entity_ID) VALUES (5251, 2071);
INSERT INTO Event_Involves_Entity (Event_ID, Entity_ID) VALUES (5252, 2055);
INSERT INTO Event_Involves_Entity (Event_ID, Entity_ID) VALUES (5253, 2096);
INSERT INTO Event_Involves_Entity (Event_ID, Entity_ID) VALUES (5254, 2093);
INSERT INTO Event_Involves_Entity (Event_ID, Entity_ID) VALUES (5255, 2024);
INSERT INTO Event_Involves_Entity (Event_ID, Entity_ID) VALUES (5255, 2026);
INSERT INTO Event_Involves_Entity (Event_ID, Entity_ID) VALUES (5256, 2018);
INSERT INTO Event_Involves_Entity (Event_ID, Entity_ID) VALUES (5256, 2040);
INSERT INTO Event_Involves_Entity (Event_ID, Entity_ID) VALUES (5256, 2050);
INSERT INTO Event_Involves_Entity (Event_ID, Entity_ID) VALUES (5256, 2097);
INSERT INTO Event_Involves_Entity (Event_ID, Entity_ID) VALUES (5258, 2052);
INSERT INTO Event_Involves_Entity (Event_ID, Entity_ID) VALUES (5258, 2092);
INSERT INTO Event_Involves_Entity (Event_ID, Entity_ID) VALUES (5259, 2008);
INSERT INTO Event_Involves_Entity (Event_ID, Entity_ID) VALUES (5259, 2013);
INSERT INTO Event_Involves_Entity (Event_ID, Entity_ID) VALUES (5259, 2027);
INSERT INTO Event_Involves_Entity (Event_ID, Entity_ID) VALUES (5259, 2031);
INSERT INTO Event_Involves_Entity (Event_ID, Entity_ID) VALUES (5259, 2049);
INSERT INTO Event_Involves_Entity (Event_ID, Entity_ID) VALUES (5260, 2095);
INSERT INTO Event_Involves_Entity (Event_ID, Entity_ID) VALUES (5261, 2080);
INSERT INTO Event_Involves_Entity (Event_ID, Entity_ID) VALUES (5261, 2103);
INSERT INTO Event_Involves_Entity (Event_ID, Entity_ID) VALUES (5261, 2110);
INSERT INTO Event_Involves_Entity (Event_ID, Entity_ID) VALUES (5262, 2092);
INSERT INTO Event_Involves_Entity (Event_ID, Entity_ID) VALUES (5262, 2095);
INSERT INTO Event_Involves_Entity (Event_ID, Entity_ID) VALUES (5262, 2098);
INSERT INTO Event_Involves_Entity (Event_ID, Entity_ID) VALUES (5263, 2069);
INSERT INTO Event_Involves_Entity (Event_ID, Entity_ID) VALUES (5263, 2104);
INSERT INTO Event_Involves_Entity (Event_ID, Entity_ID) VALUES (5264, 2106);
INSERT INTO Event_Involves_Entity (Event_ID, Entity_ID) VALUES (5264, 2109);
INSERT INTO Event_Involves_Entity (Event_ID, Entity_ID) VALUES (5266, 2060);
INSERT INTO Event_Involves_Entity (Event_ID, Entity_ID) VALUES (5267, 2036);
INSERT INTO Event_Involves_Entity (Event_ID, Entity_ID) VALUES (5267, 2040);
INSERT INTO Event_Involves_Entity (Event_ID, Entity_ID) VALUES (5267, 2041);
INSERT INTO Event_Involves_Entity (Event_ID, Entity_ID) VALUES (5267, 2047);
INSERT INTO Event_Involves_Entity (Event_ID, Entity_ID) VALUES (5267, 2087);
INSERT INTO Event_Involves_Entity (Event_ID, Entity_ID) VALUES (5268, 2025);
INSERT INTO Event_Involves_Entity (Event_ID, Entity_ID) VALUES (5268, 2061);
INSERT INTO Event_Involves_Entity (Event_ID, Entity_ID) VALUES (5268, 2072);
INSERT INTO Event_Involves_Entity (Event_ID, Entity_ID) VALUES (5268, 2091);
INSERT INTO Event_Involves_Entity (Event_ID, Entity_ID) VALUES (5269, 2013);
INSERT INTO Event_Involves_Entity (Event_ID, Entity_ID) VALUES (5271, 2010);
INSERT INTO Event_Involves_Entity (Event_ID, Entity_ID) VALUES (5271, 2084);
INSERT INTO Event_Involves_Entity (Event_ID, Entity_ID) VALUES (5272, 2089);
INSERT INTO Event_Involves_Entity (Event_ID, Entity_ID) VALUES (5272, 2094);
INSERT INTO Event_Involves_Entity (Event_ID, Entity_ID) VALUES (5272, 2097);
INSERT INTO Event_Involves_Entity (Event_ID, Entity_ID) VALUES (5273, 2009);
INSERT INTO Event_Involves_Entity (Event_ID, Entity_ID) VALUES (5273, 2012);
INSERT INTO Event_Involves_Entity (Event_ID, Entity_ID) VALUES (5273, 2046);
INSERT INTO Event_Involves_Entity (Event_ID, Entity_ID) VALUES (5273, 2108);
INSERT INTO Event_Involves_Entity (Event_ID, Entity_ID) VALUES (5274, 2025);
INSERT INTO Event_Involves_Entity (Event_ID, Entity_ID) VALUES (5274, 2026);
INSERT INTO Event_Involves_Entity (Event_ID, Entity_ID) VALUES (5274, 2050);
INSERT INTO Event_Involves_Entity (Event_ID, Entity_ID) VALUES (5274, 2068);
INSERT INTO Event_Involves_Entity (Event_ID, Entity_ID) VALUES (5275, 2016);
INSERT INTO Event_Involves_Entity (Event_ID, Entity_ID) VALUES (5275, 2058);
INSERT INTO Event_Involves_Entity (Event_ID, Entity_ID) VALUES (5276, 2002);
INSERT INTO Event_Involves_Entity (Event_ID, Entity_ID) VALUES (5277, 2077);
INSERT INTO Event_Involves_Entity (Event_ID, Entity_ID) VALUES (5277, 2082);
INSERT INTO Event_Involves_Entity (Event_ID, Entity_ID) VALUES (5279, 2023);
INSERT INTO Event_Involves_Entity (Event_ID, Entity_ID) VALUES (5279, 2063);
INSERT INTO Event_Involves_Entity (Event_ID, Entity_ID) VALUES (5280, 2053);
INSERT INTO Event_Involves_Entity (Event_ID, Entity_ID) VALUES (5281, 2052);
INSERT INTO Event_Involves_Entity (Event_ID, Entity_ID) VALUES (5281, 2087);
INSERT INTO Event_Involves_Entity (Event_ID, Entity_ID) VALUES (5282, 2106);
INSERT INTO Event_Involves_Entity (Event_ID, Entity_ID) VALUES (5283, 2093);
INSERT INTO Event_Involves_Entity (Event_ID, Entity_ID) VALUES (5284, 2095);
INSERT INTO Event_Involves_Entity (Event_ID, Entity_ID) VALUES (5284, 2108);
INSERT INTO Event_Involves_Entity (Event_ID, Entity_ID) VALUES (5284, 2109);
INSERT INTO Event_Involves_Entity (Event_ID, Entity_ID) VALUES (5285, 2001);
INSERT INTO Event_Involves_Entity (Event_ID, Entity_ID) VALUES (5286, 2050);
INSERT INTO Event_Involves_Entity (Event_ID, Entity_ID) VALUES (5286, 2112);
INSERT INTO Event_Involves_Entity (Event_ID, Entity_ID) VALUES (5286, 2113);
INSERT INTO Event_Involves_Entity (Event_ID, Entity_ID) VALUES (5287, 2021);
INSERT INTO Event_Involves_Entity (Event_ID, Entity_ID) VALUES (5287, 2035);
INSERT INTO Event_Involves_Entity (Event_ID, Entity_ID) VALUES (5287, 2044);
INSERT INTO Event_Involves_Entity (Event_ID, Entity_ID) VALUES (5287, 2098);
INSERT INTO Event_Involves_Entity (Event_ID, Entity_ID) VALUES (5288, 2013);
INSERT INTO Event_Involves_Entity (Event_ID, Entity_ID) VALUES (5289, 2040);
INSERT INTO Event_Involves_Entity (Event_ID, Entity_ID) VALUES (5289, 2076);
INSERT INTO Event_Involves_Entity (Event_ID, Entity_ID) VALUES (5290, 2081);
INSERT INTO Event_Involves_Entity (Event_ID, Entity_ID) VALUES (5290, 2096);
INSERT INTO Event_Involves_Entity (Event_ID, Entity_ID) VALUES (5290, 2097);
INSERT INTO Event_Involves_Entity (Event_ID, Entity_ID) VALUES (5291, 2026);
INSERT INTO Event_Involves_Entity (Event_ID, Entity_ID) VALUES (5291, 2080);
INSERT INTO Event_Involves_Entity (Event_ID, Entity_ID) VALUES (5292, 2010);
INSERT INTO Event_Involves_Entity (Event_ID, Entity_ID) VALUES (5292, 2033);
INSERT INTO Event_Involves_Entity (Event_ID, Entity_ID) VALUES (5292, 2093);
INSERT INTO Event_Involves_Entity (Event_ID, Entity_ID) VALUES (5292, 2105);
INSERT INTO Event_Involves_Entity (Event_ID, Entity_ID) VALUES (5295, 2003);
INSERT INTO Event_Involves_Entity (Event_ID, Entity_ID) VALUES (5295, 2051);
INSERT INTO Event_Involves_Entity (Event_ID, Entity_ID) VALUES (5295, 2059);
INSERT INTO Event_Involves_Entity (Event_ID, Entity_ID) VALUES (5295, 2060);
INSERT INTO Event_Involves_Entity (Event_ID, Entity_ID) VALUES (5296, 2046);
INSERT INTO Event_Involves_Entity (Event_ID, Entity_ID) VALUES (5297, 2083);
INSERT INTO Event_Involves_Entity (Event_ID, Entity_ID) VALUES (5298, 2038);
INSERT INTO Event_Involves_Entity (Event_ID, Entity_ID) VALUES (5299, 2049);
INSERT INTO Event_Involves_Entity (Event_ID, Entity_ID) VALUES (5299, 2093);
INSERT INTO Event_Involves_Entity (Event_ID, Entity_ID) VALUES (5300, 2003);
INSERT INTO Event_Involves_Entity (Event_ID, Entity_ID) VALUES (5300, 2039);
INSERT INTO Event_Involves_Entity (Event_ID, Entity_ID) VALUES (5300, 2041);
INSERT INTO Event_Involves_Entity (Event_ID, Entity_ID) VALUES (5300, 2048);
INSERT INTO Event_Involves_Entity (Event_ID, Entity_ID) VALUES (5300, 2082);
INSERT INTO Event_Involves_Entity (Event_ID, Entity_ID) VALUES (5300, 2092);
INSERT INTO Event_Involves_Entity (Event_ID, Entity_ID) VALUES (5300, 2109);
INSERT INTO Event_Involves_Entity (Event_ID, Entity_ID) VALUES (5301, 2053);
INSERT INTO Event_Involves_Entity (Event_ID, Entity_ID) VALUES (5301, 2115);
INSERT INTO Event_Involves_Entity (Event_ID, Entity_ID) VALUES (5302, 2080);
INSERT INTO Event_Involves_Entity (Event_ID, Entity_ID) VALUES (5303, 2003);
INSERT INTO Event_Involves_Entity (Event_ID, Entity_ID) VALUES (5303, 2073);
INSERT INTO Event_Involves_Entity (Event_ID, Entity_ID) VALUES (5303, 2077);
INSERT INTO Event_Involves_Entity (Event_ID, Entity_ID) VALUES (5305, 2050);
INSERT INTO Event_Involves_Entity (Event_ID, Entity_ID) VALUES (5305, 2089);
INSERT INTO Event_Involves_Entity (Event_ID, Entity_ID) VALUES (5306, 2035);
INSERT INTO Event_Involves_Entity (Event_ID, Entity_ID) VALUES (5306, 2087);
INSERT INTO Event_Involves_Entity (Event_ID, Entity_ID) VALUES (5307, 2043);
INSERT INTO Event_Involves_Entity (Event_ID, Entity_ID) VALUES (5307, 2113);
INSERT INTO Event_Involves_Entity (Event_ID, Entity_ID) VALUES (5309, 2032);
INSERT INTO Event_Involves_Entity (Event_ID, Entity_ID) VALUES (5309, 2051);
INSERT INTO Event_Involves_Entity (Event_ID, Entity_ID) VALUES (5309, 2103);
INSERT INTO Event_Involves_Entity (Event_ID, Entity_ID) VALUES (5309, 2107);
INSERT INTO Event_Involves_Entity (Event_ID, Entity_ID) VALUES (5310, 2109);
INSERT INTO Event_Involves_Entity (Event_ID, Entity_ID) VALUES (5311, 2022);
INSERT INTO Event_Involves_Entity (Event_ID, Entity_ID) VALUES (5311, 2037);
INSERT INTO Event_Involves_Entity (Event_ID, Entity_ID) VALUES (5312, 2026);
INSERT INTO Event_Involves_Entity (Event_ID, Entity_ID) VALUES (5312, 2042);
INSERT INTO Event_Involves_Entity (Event_ID, Entity_ID) VALUES (5312, 2076);
INSERT INTO Event_Involves_Entity (Event_ID, Entity_ID) VALUES (5314, 2048);
INSERT INTO Event_Involves_Entity (Event_ID, Entity_ID) VALUES (5314, 2091);
INSERT INTO Event_Involves_Entity (Event_ID, Entity_ID) VALUES (5314, 2093);
INSERT INTO Event_Involves_Entity (Event_ID, Entity_ID) VALUES (5314, 2094);
INSERT INTO Event_Involves_Entity (Event_ID, Entity_ID) VALUES (5314, 2113);
INSERT INTO Event_Involves_Entity (Event_ID, Entity_ID) VALUES (5315, 2058);
INSERT INTO Event_Involves_Entity (Event_ID, Entity_ID) VALUES (5315, 2085);
INSERT INTO Event_Involves_Entity (Event_ID, Entity_ID) VALUES (5315, 2107);
INSERT INTO Event_Involves_Entity (Event_ID, Entity_ID) VALUES (5316, 2028);
INSERT INTO Event_Involves_Entity (Event_ID, Entity_ID) VALUES (5316, 2031);
INSERT INTO Event_Involves_Entity (Event_ID, Entity_ID) VALUES (5316, 2115);
INSERT INTO Event_Involves_Entity (Event_ID, Entity_ID) VALUES (5317, 2064);
INSERT INTO Event_Involves_Entity (Event_ID, Entity_ID) VALUES (5319, 2074);
INSERT INTO Event_Involves_Entity (Event_ID, Entity_ID) VALUES (5319, 2098);
INSERT INTO Event_Involves_Entity (Event_ID, Entity_ID) VALUES (5320, 2007);
INSERT INTO Event_Involves_Entity (Event_ID, Entity_ID) VALUES (5321, 2001);
INSERT INTO Event_Involves_Entity (Event_ID, Entity_ID) VALUES (5322, 2045);
INSERT INTO Event_Involves_Entity (Event_ID, Entity_ID) VALUES (5323, 2058);
INSERT INTO Event_Involves_Entity (Event_ID, Entity_ID) VALUES (5323, 2062);
INSERT INTO Event_Involves_Entity (Event_ID, Entity_ID) VALUES (5323, 2074);
INSERT INTO Event_Involves_Entity (Event_ID, Entity_ID) VALUES (5323, 2087);
INSERT INTO Event_Involves_Entity (Event_ID, Entity_ID) VALUES (5323, 2098);
INSERT INTO Event_Involves_Entity (Event_ID, Entity_ID) VALUES (5324, 2014);
INSERT INTO Event_Involves_Entity (Event_ID, Entity_ID) VALUES (5324, 2106);
INSERT INTO Event_Involves_Entity (Event_ID, Entity_ID) VALUES (5325, 2003);
INSERT INTO Event_Involves_Entity (Event_ID, Entity_ID) VALUES (5325, 2076);
INSERT INTO Event_Involves_Entity (Event_ID, Entity_ID) VALUES (5325, 2104);
INSERT INTO Event_Involves_Entity (Event_ID, Entity_ID) VALUES (5326, 2047);
INSERT INTO Event_Involves_Entity (Event_ID, Entity_ID) VALUES (5326, 2095);
INSERT INTO Event_Involves_Entity (Event_ID, Entity_ID) VALUES (5326, 2116);
INSERT INTO Event_Involves_Entity (Event_ID, Entity_ID) VALUES (5328, 2014);
INSERT INTO Event_Involves_Entity (Event_ID, Entity_ID) VALUES (5328, 2061);
INSERT INTO Event_Involves_Entity (Event_ID, Entity_ID) VALUES (5328, 2066);
INSERT INTO Event_Involves_Entity (Event_ID, Entity_ID) VALUES (5328, 2115);
INSERT INTO Event_Involves_Entity (Event_ID, Entity_ID) VALUES (5329, 2019);
INSERT INTO Event_Involves_Entity (Event_ID, Entity_ID) VALUES (5329, 2039);
INSERT INTO Event_Involves_Entity (Event_ID, Entity_ID) VALUES (5331, 2035);
INSERT INTO Event_Involves_Entity (Event_ID, Entity_ID) VALUES (5331, 2068);
INSERT INTO Event_Involves_Entity (Event_ID, Entity_ID) VALUES (5331, 2115);
INSERT INTO Event_Involves_Entity (Event_ID, Entity_ID) VALUES (5332, 2021);
INSERT INTO Event_Involves_Entity (Event_ID, Entity_ID) VALUES (5332, 2025);
INSERT INTO Event_Involves_Entity (Event_ID, Entity_ID) VALUES (5332, 2056);
INSERT INTO Event_Involves_Entity (Event_ID, Entity_ID) VALUES (5334, 2085);
INSERT INTO Event_Involves_Entity (Event_ID, Entity_ID) VALUES (5334, 2095);
INSERT INTO Event_Involves_Entity (Event_ID, Entity_ID) VALUES (5335, 2022);
INSERT INTO Event_Involves_Entity (Event_ID, Entity_ID) VALUES (5335, 2110);
INSERT INTO Event_Involves_Entity (Event_ID, Entity_ID) VALUES (5336, 2016);
INSERT INTO Event_Involves_Entity (Event_ID, Entity_ID) VALUES (5337, 2018);
INSERT INTO Event_Involves_Entity (Event_ID, Entity_ID) VALUES (5337, 2025);
INSERT INTO Event_Involves_Entity (Event_ID, Entity_ID) VALUES (5337, 2080);
INSERT INTO Event_Involves_Entity (Event_ID, Entity_ID) VALUES (5338, 2107);
INSERT INTO Event_Involves_Entity (Event_ID, Entity_ID) VALUES (5338, 2109);
INSERT INTO Event_Involves_Entity (Event_ID, Entity_ID) VALUES (5339, 2042);
INSERT INTO Event_Involves_Entity (Event_ID, Entity_ID) VALUES (5340, 2004);
INSERT INTO Event_Involves_Entity (Event_ID, Entity_ID) VALUES (5340, 2060);
INSERT INTO Event_Involves_Entity (Event_ID, Entity_ID) VALUES (5342, 2007);
INSERT INTO Event_Involves_Entity (Event_ID, Entity_ID) VALUES (5342, 2008);
INSERT INTO Event_Involves_Entity (Event_ID, Entity_ID) VALUES (5342, 2094);
INSERT INTO Event_Involves_Entity (Event_ID, Entity_ID) VALUES (5343, 2005);
INSERT INTO Event_Involves_Entity (Event_ID, Entity_ID) VALUES (5343, 2044);
INSERT INTO Event_Involves_Entity (Event_ID, Entity_ID) VALUES (5344, 2025);
INSERT INTO Event_Involves_Entity (Event_ID, Entity_ID) VALUES (5344, 2037);
INSERT INTO Event_Involves_Entity (Event_ID, Entity_ID) VALUES (5345, 2010);
INSERT INTO Event_Involves_Entity (Event_ID, Entity_ID) VALUES (5345, 2037);
INSERT INTO Event_Involves_Entity (Event_ID, Entity_ID) VALUES (5345, 2040);
INSERT INTO Event_Involves_Entity (Event_ID, Entity_ID) VALUES (5345, 2059);
INSERT INTO Event_Involves_Entity (Event_ID, Entity_ID) VALUES (5345, 2093);
INSERT INTO Event_Involves_Entity (Event_ID, Entity_ID) VALUES (5345, 2105);
INSERT INTO Event_Involves_Entity (Event_ID, Entity_ID) VALUES (5346, 2034);
INSERT INTO Event_Involves_Entity (Event_ID, Entity_ID) VALUES (5349, 2086);
INSERT INTO Event_Involves_Entity (Event_ID, Entity_ID) VALUES (5349, 2116);
INSERT INTO Event_Involves_Entity (Event_ID, Entity_ID) VALUES (5350, 2077);
INSERT INTO Event_Involves_Entity (Event_ID, Entity_ID) VALUES (5351, 2058);
INSERT INTO Event_Involves_Entity (Event_ID, Entity_ID) VALUES (5351, 2081);
INSERT INTO Event_Involves_Entity (Event_ID, Entity_ID) VALUES (5352, 2031);
INSERT INTO Event_Involves_Entity (Event_ID, Entity_ID) VALUES (5352, 2033);
INSERT INTO Event_Involves_Entity (Event_ID, Entity_ID) VALUES (5352, 2056);
INSERT INTO Event_Involves_Entity (Event_ID, Entity_ID) VALUES (5353, 2026);
INSERT INTO Event_Involves_Entity (Event_ID, Entity_ID) VALUES (5355, 2009);
INSERT INTO Event_Involves_Entity (Event_ID, Entity_ID) VALUES (5355, 2012);
INSERT INTO Event_Involves_Entity (Event_ID, Entity_ID) VALUES (5355, 2055);
INSERT INTO Event_Involves_Entity (Event_ID, Entity_ID) VALUES (5355, 2100);
INSERT INTO Event_Involves_Entity (Event_ID, Entity_ID) VALUES (5356, 2050);
INSERT INTO Event_Involves_Entity (Event_ID, Entity_ID) VALUES (5356, 2090);
INSERT INTO Event_Involves_Entity (Event_ID, Entity_ID) VALUES (5357, 2056);
INSERT INTO Event_Involves_Entity (Event_ID, Entity_ID) VALUES (5358, 2009);
INSERT INTO Event_Involves_Entity (Event_ID, Entity_ID) VALUES (5358, 2064);
INSERT INTO Event_Involves_Entity (Event_ID, Entity_ID) VALUES (5359, 2013);
INSERT INTO Event_Involves_Entity (Event_ID, Entity_ID) VALUES (5359, 2055);
INSERT INTO Event_Involves_Entity (Event_ID, Entity_ID) VALUES (5359, 2068);
INSERT INTO Event_Involves_Entity (Event_ID, Entity_ID) VALUES (5360, 2016);
INSERT INTO Event_Involves_Entity (Event_ID, Entity_ID) VALUES (5360, 2042);
INSERT INTO Event_Involves_Entity (Event_ID, Entity_ID) VALUES (5360, 2097);
INSERT INTO Event_Involves_Entity (Event_ID, Entity_ID) VALUES (5361, 2094);
INSERT INTO Event_Involves_Entity (Event_ID, Entity_ID) VALUES (5362, 2075);
INSERT INTO Event_Involves_Entity (Event_ID, Entity_ID) VALUES (5363, 2007);
INSERT INTO Event_Involves_Entity (Event_ID, Entity_ID) VALUES (5363, 2021);
INSERT INTO Event_Involves_Entity (Event_ID, Entity_ID) VALUES (5363, 2022);
INSERT INTO Event_Involves_Entity (Event_ID, Entity_ID) VALUES (5363, 2062);
INSERT INTO Event_Involves_Entity (Event_ID, Entity_ID) VALUES (5364, 2077);
INSERT INTO Event_Involves_Entity (Event_ID, Entity_ID) VALUES (5364, 2117);
INSERT INTO Event_Involves_Entity (Event_ID, Entity_ID) VALUES (5365, 2003);
INSERT INTO Event_Involves_Entity (Event_ID, Entity_ID) VALUES (5365, 2013);
INSERT INTO Event_Involves_Entity (Event_ID, Entity_ID) VALUES (5365, 2019);
INSERT INTO Event_Involves_Entity (Event_ID, Entity_ID) VALUES (5365, 2056);
INSERT INTO Event_Involves_Entity (Event_ID, Entity_ID) VALUES (5366, 2020);
INSERT INTO Event_Involves_Entity (Event_ID, Entity_ID) VALUES (5366, 2068);
INSERT INTO Event_Involves_Entity (Event_ID, Entity_ID) VALUES (5367, 2118);
INSERT INTO Event_Involves_Entity (Event_ID, Entity_ID) VALUES (5368, 2118);
INSERT INTO Event_Involves_Entity (Event_ID, Entity_ID) VALUES (5369, 2002);
INSERT INTO Event_Involves_Entity (Event_ID, Entity_ID) VALUES (5370, 2031);
INSERT INTO Event_Involves_Entity (Event_ID, Entity_ID) VALUES (5370, 2047);
INSERT INTO Event_Involves_Entity (Event_ID, Entity_ID) VALUES (5370, 2081);
INSERT INTO Event_Involves_Entity (Event_ID, Entity_ID) VALUES (5370, 2095);
INSERT INTO Event_Involves_Entity (Event_ID, Entity_ID) VALUES (5370, 2107);
INSERT INTO Event_Involves_Entity (Event_ID, Entity_ID) VALUES (5371, 2098);
INSERT INTO Event_Involves_Entity (Event_ID, Entity_ID) VALUES (5372, 2054);
INSERT INTO Event_Involves_Entity (Event_ID, Entity_ID) VALUES (5373, 2011);
INSERT INTO Event_Involves_Entity (Event_ID, Entity_ID) VALUES (5373, 2034);
INSERT INTO Event_Involves_Entity (Event_ID, Entity_ID) VALUES (5374, 2004);
INSERT INTO Event_Involves_Entity (Event_ID, Entity_ID) VALUES (5374, 2027);
INSERT INTO Event_Involves_Entity (Event_ID, Entity_ID) VALUES (5374, 2051);
INSERT INTO Event_Involves_Entity (Event_ID, Entity_ID) VALUES (5375, 2012);
INSERT INTO Event_Involves_Entity (Event_ID, Entity_ID) VALUES (5375, 2053);
INSERT INTO Event_Involves_Entity (Event_ID, Entity_ID) VALUES (5375, 2063);
INSERT INTO Event_Involves_Entity (Event_ID, Entity_ID) VALUES (5375, 2105);
INSERT INTO Event_Involves_Entity (Event_ID, Entity_ID) VALUES (5376, 2051);
INSERT INTO Event_Involves_Entity (Event_ID, Entity_ID) VALUES (5376, 2075);
INSERT INTO Event_Involves_Entity (Event_ID, Entity_ID) VALUES (5377, 2016);
INSERT INTO Event_Involves_Entity (Event_ID, Entity_ID) VALUES (5377, 2111);
INSERT INTO Event_Involves_Entity (Event_ID, Entity_ID) VALUES (5378, 2093);
INSERT INTO Event_Involves_Entity (Event_ID, Entity_ID) VALUES (5379, 2068);
INSERT INTO Event_Involves_Entity (Event_ID, Entity_ID) VALUES (5380, 2101);
INSERT INTO Event_Involves_Entity (Event_ID, Entity_ID) VALUES (5380, 2106);
INSERT INTO Event_Involves_Entity (Event_ID, Entity_ID) VALUES (5382, 2001);
INSERT INTO Event_Involves_Entity (Event_ID, Entity_ID) VALUES (5382, 2067);
INSERT INTO Event_Involves_Entity (Event_ID, Entity_ID) VALUES (5382, 2088);
INSERT INTO Event_Involves_Entity (Event_ID, Entity_ID) VALUES (5382, 2092);
INSERT INTO Event_Involves_Entity (Event_ID, Entity_ID) VALUES (5382, 2096);
INSERT INTO Event_Involves_Entity (Event_ID, Entity_ID) VALUES (5382, 2107);
INSERT INTO Event_Involves_Entity (Event_ID, Entity_ID) VALUES (5382, 2108);
INSERT INTO Event_Involves_Entity (Event_ID, Entity_ID) VALUES (5383, 2004);
INSERT INTO Event_Involves_Entity (Event_ID, Entity_ID) VALUES (5383, 2015);
INSERT INTO Event_Involves_Entity (Event_ID, Entity_ID) VALUES (5383, 2111);
INSERT INTO Event_Involves_Entity (Event_ID, Entity_ID) VALUES (5384, 2036);
INSERT INTO Event_Involves_Entity (Event_ID, Entity_ID) VALUES (5384, 2050);
INSERT INTO Event_Involves_Entity (Event_ID, Entity_ID) VALUES (5384, 2069);
INSERT INTO Event_Involves_Entity (Event_ID, Entity_ID) VALUES (5385, 2002);
INSERT INTO Event_Involves_Entity (Event_ID, Entity_ID) VALUES (5385, 2031);
INSERT INTO Event_Involves_Entity (Event_ID, Entity_ID) VALUES (5385, 2101);
INSERT INTO Event_Involves_Entity (Event_ID, Entity_ID) VALUES (5386, 2071);
INSERT INTO Event_Involves_Entity (Event_ID, Entity_ID) VALUES (5386, 2097);
INSERT INTO Event_Involves_Entity (Event_ID, Entity_ID) VALUES (5387, 2001);
INSERT INTO Event_Involves_Entity (Event_ID, Entity_ID) VALUES (5387, 2033);
INSERT INTO Event_Involves_Entity (Event_ID, Entity_ID) VALUES (5389, 2119);
INSERT INTO Event_Involves_Entity (Event_ID, Entity_ID) VALUES (5390, 2059);
INSERT INTO Event_Involves_Entity (Event_ID, Entity_ID) VALUES (5390, 2069);
INSERT INTO Event_Involves_Entity (Event_ID, Entity_ID) VALUES (5390, 2081);
INSERT INTO Event_Involves_Entity (Event_ID, Entity_ID) VALUES (5390, 2119);
INSERT INTO Event_Involves_Entity (Event_ID, Entity_ID) VALUES (5391, 2002);
INSERT INTO Event_Involves_Entity (Event_ID, Entity_ID) VALUES (5392, 2049);
INSERT INTO Event_Involves_Entity (Event_ID, Entity_ID) VALUES (5392, 2063);
INSERT INTO Event_Involves_Entity (Event_ID, Entity_ID) VALUES (5392, 2070);
INSERT INTO Event_Involves_Entity (Event_ID, Entity_ID) VALUES (5392, 2099);
INSERT INTO Event_Involves_Entity (Event_ID, Entity_ID) VALUES (5392, 2104);
INSERT INTO Event_Involves_Entity (Event_ID, Entity_ID) VALUES (5393, 2030);
INSERT INTO Event_Involves_Entity (Event_ID, Entity_ID) VALUES (5394, 2006);
INSERT INTO Event_Involves_Entity (Event_ID, Entity_ID) VALUES (5395, 2041);
INSERT INTO Event_Involves_Entity (Event_ID, Entity_ID) VALUES (5395, 2109);
INSERT INTO Event_Involves_Entity (Event_ID, Entity_ID) VALUES (5396, 2034);
INSERT INTO Event_Involves_Entity (Event_ID, Entity_ID) VALUES (5396, 2112);
INSERT INTO Event_Involves_Entity (Event_ID, Entity_ID) VALUES (5397, 2047);
INSERT INTO Event_Involves_Entity (Event_ID, Entity_ID) VALUES (5397, 2077);
INSERT INTO Event_Involves_Entity (Event_ID, Entity_ID) VALUES (5398, 2023);
INSERT INTO Event_Involves_Entity (Event_ID, Entity_ID) VALUES (5398, 2093);
INSERT INTO Event_Involves_Entity (Event_ID, Entity_ID) VALUES (5399, 2080);
INSERT INTO Event_Involves_Entity (Event_ID, Entity_ID) VALUES (5400, 2053);
INSERT INTO Event_Involves_Entity (Event_ID, Entity_ID) VALUES (5401, 2029);
INSERT INTO Event_Involves_Entity (Event_ID, Entity_ID) VALUES (5403, 2006);
INSERT INTO Event_Involves_Entity (Event_ID, Entity_ID) VALUES (5403, 2067);
INSERT INTO Event_Involves_Entity (Event_ID, Entity_ID) VALUES (5404, 2015);
INSERT INTO Event_Involves_Entity (Event_ID, Entity_ID) VALUES (5404, 2081);
INSERT INTO Event_Involves_Entity (Event_ID, Entity_ID) VALUES (5404, 2083);
INSERT INTO Event_Involves_Entity (Event_ID, Entity_ID) VALUES (5405, 2050);
INSERT INTO Event_Involves_Entity (Event_ID, Entity_ID) VALUES (5405, 2062);
INSERT INTO Event_Involves_Entity (Event_ID, Entity_ID) VALUES (5405, 2098);
INSERT INTO Event_Involves_Entity (Event_ID, Entity_ID) VALUES (5406, 2024);
INSERT INTO Event_Involves_Entity (Event_ID, Entity_ID) VALUES (5406, 2062);
INSERT INTO Event_Involves_Entity (Event_ID, Entity_ID) VALUES (5407, 2022);
INSERT INTO Event_Involves_Entity (Event_ID, Entity_ID) VALUES (5407, 2036);
INSERT INTO Event_Involves_Entity (Event_ID, Entity_ID) VALUES (5407, 2080);
INSERT INTO Event_Involves_Entity (Event_ID, Entity_ID) VALUES (5408, 2007);
INSERT INTO Event_Involves_Entity (Event_ID, Entity_ID) VALUES (5408, 2066);
INSERT INTO Event_Involves_Entity (Event_ID, Entity_ID) VALUES (5409, 2006);
INSERT INTO Event_Involves_Entity (Event_ID, Entity_ID) VALUES (5410, 2020);
INSERT INTO Event_Involves_Entity (Event_ID, Entity_ID) VALUES (5410, 2048);
INSERT INTO Event_Involves_Entity (Event_ID, Entity_ID) VALUES (5410, 2116);
INSERT INTO Event_Involves_Entity (Event_ID, Entity_ID) VALUES (5411, 2067);
INSERT INTO Event_Involves_Entity (Event_ID, Entity_ID) VALUES (5411, 2077);
INSERT INTO Event_Involves_Entity (Event_ID, Entity_ID) VALUES (5411, 2078);
INSERT INTO Event_Involves_Entity (Event_ID, Entity_ID) VALUES (5412, 2010);
INSERT INTO Event_Involves_Entity (Event_ID, Entity_ID) VALUES (5412, 2088);
INSERT INTO Event_Involves_Entity (Event_ID, Entity_ID) VALUES (5412, 2110);
INSERT INTO Event_Involves_Entity (Event_ID, Entity_ID) VALUES (5413, 2001);
INSERT INTO Event_Involves_Entity (Event_ID, Entity_ID) VALUES (5413, 2013);
INSERT INTO Event_Involves_Entity (Event_ID, Entity_ID) VALUES (5414, 2056);
INSERT INTO Event_Involves_Entity (Event_ID, Entity_ID) VALUES (5414, 2080);
INSERT INTO Event_Involves_Entity (Event_ID, Entity_ID) VALUES (5415, 2050);
INSERT INTO Event_Involves_Entity (Event_ID, Entity_ID) VALUES (5415, 2087);
INSERT INTO Event_Involves_Entity (Event_ID, Entity_ID) VALUES (5415, 2112);
INSERT INTO Event_Involves_Entity (Event_ID, Entity_ID) VALUES (5416, 2023);
INSERT INTO Event_Involves_Entity (Event_ID, Entity_ID) VALUES (5416, 2100);
INSERT INTO Event_Involves_Entity (Event_ID, Entity_ID) VALUES (5418, 2094);
INSERT INTO Event_Involves_Entity (Event_ID, Entity_ID) VALUES (5419, 2100);
INSERT INTO Event_Involves_Entity (Event_ID, Entity_ID) VALUES (5421, 2000);
INSERT INTO Event_Involves_Entity (Event_ID, Entity_ID) VALUES (5421, 2056);
INSERT INTO Event_Involves_Entity (Event_ID, Entity_ID) VALUES (5422, 2074);
INSERT INTO Event_Involves_Entity (Event_ID, Entity_ID) VALUES (5422, 2097);
INSERT INTO Event_Involves_Entity (Event_ID, Entity_ID) VALUES (5422, 2115);
INSERT INTO Event_Involves_Entity (Event_ID, Entity_ID) VALUES (5422, 2118);
INSERT INTO Event_Involves_Entity (Event_ID, Entity_ID) VALUES (5423, 2058);
INSERT INTO Event_Involves_Entity (Event_ID, Entity_ID) VALUES (5423, 2092);
INSERT INTO Event_Involves_Entity (Event_ID, Entity_ID) VALUES (5424, 2042);
INSERT INTO Event_Involves_Entity (Event_ID, Entity_ID) VALUES (5424, 2060);
INSERT INTO Event_Involves_Entity (Event_ID, Entity_ID) VALUES (5424, 2105);
INSERT INTO Event_Involves_Entity (Event_ID, Entity_ID) VALUES (5425, 2021);
INSERT INTO Event_Involves_Entity (Event_ID, Entity_ID) VALUES (5427, 2024);
INSERT INTO Event_Involves_Entity (Event_ID, Entity_ID) VALUES (5427, 2108);
INSERT INTO Event_Involves_Entity (Event_ID, Entity_ID) VALUES (5427, 2119);
INSERT INTO Event_Involves_Entity (Event_ID, Entity_ID) VALUES (5428, 2000);
INSERT INTO Event_Involves_Entity (Event_ID, Entity_ID) VALUES (5428, 2042);
INSERT INTO Event_Involves_Entity (Event_ID, Entity_ID) VALUES (5428, 2085);
INSERT INTO Event_Involves_Entity (Event_ID, Entity_ID) VALUES (5428, 2086);
INSERT INTO Event_Involves_Entity (Event_ID, Entity_ID) VALUES (5428, 2087);
INSERT INTO Event_Involves_Entity (Event_ID, Entity_ID) VALUES (5428, 2089);
INSERT INTO Event_Involves_Entity (Event_ID, Entity_ID) VALUES (5430, 2071);
INSERT INTO Event_Involves_Entity (Event_ID, Entity_ID) VALUES (5434, 2115);
INSERT INTO Event_Involves_Entity (Event_ID, Entity_ID) VALUES (5435, 2015);
INSERT INTO Event_Involves_Entity (Event_ID, Entity_ID) VALUES (5435, 2016);
INSERT INTO Event_Involves_Entity (Event_ID, Entity_ID) VALUES (5435, 2027);
INSERT INTO Event_Involves_Entity (Event_ID, Entity_ID) VALUES (5435, 2100);
INSERT INTO Event_Involves_Entity (Event_ID, Entity_ID) VALUES (5436, 2118);
INSERT INTO Event_Involves_Entity (Event_ID, Entity_ID) VALUES (5437, 2095);
INSERT INTO Event_Involves_Entity (Event_ID, Entity_ID) VALUES (5437, 2101);
INSERT INTO Event_Involves_Entity (Event_ID, Entity_ID) VALUES (5439, 2026);
INSERT INTO Event_Involves_Entity (Event_ID, Entity_ID) VALUES (5439, 2049);
INSERT INTO Event_Involves_Entity (Event_ID, Entity_ID) VALUES (5439, 2051);
INSERT INTO Event_Involves_Entity (Event_ID, Entity_ID) VALUES (5439, 2069);
INSERT INTO Event_Involves_Entity (Event_ID, Entity_ID) VALUES (5440, 2091);
INSERT INTO Event_Involves_Entity (Event_ID, Entity_ID) VALUES (5441, 2010);
INSERT INTO Event_Involves_Entity (Event_ID, Entity_ID) VALUES (5441, 2049);
INSERT INTO Event_Involves_Entity (Event_ID, Entity_ID) VALUES (5442, 2020);
INSERT INTO Event_Involves_Entity (Event_ID, Entity_ID) VALUES (5442, 2024);
INSERT INTO Event_Involves_Entity (Event_ID, Entity_ID) VALUES (5444, 2054);
INSERT INTO Event_Involves_Entity (Event_ID, Entity_ID) VALUES (5444, 2062);
INSERT INTO Event_Involves_Entity (Event_ID, Entity_ID) VALUES (5445, 2066);
INSERT INTO Event_Involves_Entity (Event_ID, Entity_ID) VALUES (5445, 2115);
INSERT INTO Event_Involves_Entity (Event_ID, Entity_ID) VALUES (5446, 2010);
INSERT INTO Event_Involves_Entity (Event_ID, Entity_ID) VALUES (5446, 2028);
INSERT INTO Event_Involves_Entity (Event_ID, Entity_ID) VALUES (5446, 2054);
INSERT INTO Event_Involves_Entity (Event_ID, Entity_ID) VALUES (5446, 2058);
INSERT INTO Event_Involves_Entity (Event_ID, Entity_ID) VALUES (5446, 2117);
INSERT INTO Event_Involves_Entity (Event_ID, Entity_ID) VALUES (5447, 2000);
INSERT INTO Event_Involves_Entity (Event_ID, Entity_ID) VALUES (5447, 2022);
INSERT INTO Event_Involves_Entity (Event_ID, Entity_ID) VALUES (5447, 2030);
INSERT INTO Event_Involves_Entity (Event_ID, Entity_ID) VALUES (5447, 2082);
INSERT INTO Event_Involves_Entity (Event_ID, Entity_ID) VALUES (5448, 2011);
INSERT INTO Event_Involves_Entity (Event_ID, Entity_ID) VALUES (5448, 2021);
INSERT INTO Event_Involves_Entity (Event_ID, Entity_ID) VALUES (5448, 2034);
INSERT INTO Event_Involves_Entity (Event_ID, Entity_ID) VALUES (5449, 2029);
INSERT INTO Event_Involves_Entity (Event_ID, Entity_ID) VALUES (5449, 2080);
INSERT INTO Event_Involves_Entity (Event_ID, Entity_ID) VALUES (5449, 2092);
INSERT INTO Event_Affects_Artifact (Event_ID, Artifact_ID) VALUES (5000, 3032);
INSERT INTO Event_Affects_Artifact (Event_ID, Artifact_ID) VALUES (5003, 3040);
INSERT INTO Event_Affects_Artifact (Event_ID, Artifact_ID) VALUES (5003, 3079);
INSERT INTO Event_Affects_Artifact (Event_ID, Artifact_ID) VALUES (5008, 3000);
INSERT INTO Event_Affects_Artifact (Event_ID, Artifact_ID) VALUES (5008, 3035);
INSERT INTO Event_Affects_Artifact (Event_ID, Artifact_ID) VALUES (5008, 3072);
INSERT INTO Event_Affects_Artifact (Event_ID, Artifact_ID) VALUES (5009, 3001);
INSERT INTO Event_Affects_Artifact (Event_ID, Artifact_ID) VALUES (5010, 3051);
INSERT INTO Event_Affects_Artifact (Event_ID, Artifact_ID) VALUES (5011, 3017);
INSERT INTO Event_Affects_Artifact (Event_ID, Artifact_ID) VALUES (5012, 3041);
INSERT INTO Event_Affects_Artifact (Event_ID, Artifact_ID) VALUES (5013, 3042);
INSERT INTO Event_Affects_Artifact (Event_ID, Artifact_ID) VALUES (5013, 3056);
INSERT INTO Event_Affects_Artifact (Event_ID, Artifact_ID) VALUES (5014, 3100);
INSERT INTO Event_Affects_Artifact (Event_ID, Artifact_ID) VALUES (5014, 3113);
INSERT INTO Event_Affects_Artifact (Event_ID, Artifact_ID) VALUES (5017, 3106);
INSERT INTO Event_Affects_Artifact (Event_ID, Artifact_ID) VALUES (5020, 3077);
INSERT INTO Event_Affects_Artifact (Event_ID, Artifact_ID) VALUES (5024, 3106);
INSERT INTO Event_Affects_Artifact (Event_ID, Artifact_ID) VALUES (5025, 3057);
INSERT INTO Event_Affects_Artifact (Event_ID, Artifact_ID) VALUES (5028, 3052);
INSERT INTO Event_Affects_Artifact (Event_ID, Artifact_ID) VALUES (5031, 3076);
INSERT INTO Event_Affects_Artifact (Event_ID, Artifact_ID) VALUES (5032, 3115);
INSERT INTO Event_Affects_Artifact (Event_ID, Artifact_ID) VALUES (5033, 3055);
INSERT INTO Event_Affects_Artifact (Event_ID, Artifact_ID) VALUES (5035, 3041);
INSERT INTO Event_Affects_Artifact (Event_ID, Artifact_ID) VALUES (5037, 3023);
INSERT INTO Event_Affects_Artifact (Event_ID, Artifact_ID) VALUES (5038, 3031);
INSERT INTO Event_Affects_Artifact (Event_ID, Artifact_ID) VALUES (5042, 3060);
INSERT INTO Event_Affects_Artifact (Event_ID, Artifact_ID) VALUES (5048, 3118);
INSERT INTO Event_Affects_Artifact (Event_ID, Artifact_ID) VALUES (5049, 3085);
INSERT INTO Event_Affects_Artifact (Event_ID, Artifact_ID) VALUES (5050, 3068);
INSERT INTO Event_Affects_Artifact (Event_ID, Artifact_ID) VALUES (5051, 3001);
INSERT INTO Event_Affects_Artifact (Event_ID, Artifact_ID) VALUES (5051, 3003);
INSERT INTO Event_Affects_Artifact (Event_ID, Artifact_ID) VALUES (5051, 3007);
INSERT INTO Event_Affects_Artifact (Event_ID, Artifact_ID) VALUES (5055, 3097);
INSERT INTO Event_Affects_Artifact (Event_ID, Artifact_ID) VALUES (5056, 3100);
INSERT INTO Event_Affects_Artifact (Event_ID, Artifact_ID) VALUES (5057, 3058);
INSERT INTO Event_Affects_Artifact (Event_ID, Artifact_ID) VALUES (5057, 3060);
INSERT INTO Event_Affects_Artifact (Event_ID, Artifact_ID) VALUES (5057, 3068);
INSERT INTO Event_Affects_Artifact (Event_ID, Artifact_ID) VALUES (5057, 3092);
INSERT INTO Event_Affects_Artifact (Event_ID, Artifact_ID) VALUES (5057, 3096);
INSERT INTO Event_Affects_Artifact (Event_ID, Artifact_ID) VALUES (5059, 3056);
INSERT INTO Event_Affects_Artifact (Event_ID, Artifact_ID) VALUES (5060, 3095);
INSERT INTO Event_Affects_Artifact (Event_ID, Artifact_ID) VALUES (5061, 3082);
INSERT INTO Event_Affects_Artifact (Event_ID, Artifact_ID) VALUES (5063, 3011);
INSERT INTO Event_Affects_Artifact (Event_ID, Artifact_ID) VALUES (5065, 3066);
INSERT INTO Event_Affects_Artifact (Event_ID, Artifact_ID) VALUES (5066, 3103);
INSERT INTO Event_Affects_Artifact (Event_ID, Artifact_ID) VALUES (5067, 3041);
INSERT INTO Event_Affects_Artifact (Event_ID, Artifact_ID) VALUES (5067, 3066);
INSERT INTO Event_Affects_Artifact (Event_ID, Artifact_ID) VALUES (5068, 3109);
INSERT INTO Event_Affects_Artifact (Event_ID, Artifact_ID) VALUES (5070, 3112);
INSERT INTO Event_Affects_Artifact (Event_ID, Artifact_ID) VALUES (5071, 3098);
INSERT INTO Event_Affects_Artifact (Event_ID, Artifact_ID) VALUES (5072, 3108);
INSERT INTO Event_Affects_Artifact (Event_ID, Artifact_ID) VALUES (5073, 3028);
INSERT INTO Event_Affects_Artifact (Event_ID, Artifact_ID) VALUES (5073, 3081);
INSERT INTO Event_Affects_Artifact (Event_ID, Artifact_ID) VALUES (5073, 3116);
INSERT INTO Event_Affects_Artifact (Event_ID, Artifact_ID) VALUES (5074, 3039);
INSERT INTO Event_Affects_Artifact (Event_ID, Artifact_ID) VALUES (5075, 3026);
INSERT INTO Event_Affects_Artifact (Event_ID, Artifact_ID) VALUES (5079, 3017);
INSERT INTO Event_Affects_Artifact (Event_ID, Artifact_ID) VALUES (5079, 3041);
INSERT INTO Event_Affects_Artifact (Event_ID, Artifact_ID) VALUES (5080, 3024);
INSERT INTO Event_Affects_Artifact (Event_ID, Artifact_ID) VALUES (5080, 3041);
INSERT INTO Event_Affects_Artifact (Event_ID, Artifact_ID) VALUES (5080, 3053);
INSERT INTO Event_Affects_Artifact (Event_ID, Artifact_ID) VALUES (5081, 3102);
INSERT INTO Event_Affects_Artifact (Event_ID, Artifact_ID) VALUES (5082, 3041);
INSERT INTO Event_Affects_Artifact (Event_ID, Artifact_ID) VALUES (5082, 3050);
INSERT INTO Event_Affects_Artifact (Event_ID, Artifact_ID) VALUES (5083, 3003);
INSERT INTO Event_Affects_Artifact (Event_ID, Artifact_ID) VALUES (5083, 3096);
INSERT INTO Event_Affects_Artifact (Event_ID, Artifact_ID) VALUES (5086, 3020);
INSERT INTO Event_Affects_Artifact (Event_ID, Artifact_ID) VALUES (5088, 3022);
INSERT INTO Event_Affects_Artifact (Event_ID, Artifact_ID) VALUES (5089, 3064);
INSERT INTO Event_Affects_Artifact (Event_ID, Artifact_ID) VALUES (5090, 3042);
INSERT INTO Event_Affects_Artifact (Event_ID, Artifact_ID) VALUES (5091, 3008);
INSERT INTO Event_Affects_Artifact (Event_ID, Artifact_ID) VALUES (5092, 3046);
INSERT INTO Event_Affects_Artifact (Event_ID, Artifact_ID) VALUES (5093, 3001);
INSERT INTO Event_Affects_Artifact (Event_ID, Artifact_ID) VALUES (5093, 3062);
INSERT INTO Event_Affects_Artifact (Event_ID, Artifact_ID) VALUES (5093, 3088);
INSERT INTO Event_Affects_Artifact (Event_ID, Artifact_ID) VALUES (5095, 3032);
INSERT INTO Event_Affects_Artifact (Event_ID, Artifact_ID) VALUES (5096, 3098);
INSERT INTO Event_Affects_Artifact (Event_ID, Artifact_ID) VALUES (5099, 3099);
INSERT INTO Event_Affects_Artifact (Event_ID, Artifact_ID) VALUES (5100, 3016);
INSERT INTO Event_Affects_Artifact (Event_ID, Artifact_ID) VALUES (5100, 3061);
INSERT INTO Event_Affects_Artifact (Event_ID, Artifact_ID) VALUES (5101, 3012);
INSERT INTO Event_Affects_Artifact (Event_ID, Artifact_ID) VALUES (5101, 3026);
INSERT INTO Event_Affects_Artifact (Event_ID, Artifact_ID) VALUES (5101, 3086);
INSERT INTO Event_Affects_Artifact (Event_ID, Artifact_ID) VALUES (5103, 3026);
INSERT INTO Event_Affects_Artifact (Event_ID, Artifact_ID) VALUES (5106, 3025);
INSERT INTO Event_Affects_Artifact (Event_ID, Artifact_ID) VALUES (5106, 3029);
INSERT INTO Event_Affects_Artifact (Event_ID, Artifact_ID) VALUES (5106, 3048);
INSERT INTO Event_Affects_Artifact (Event_ID, Artifact_ID) VALUES (5107, 3011);
INSERT INTO Event_Affects_Artifact (Event_ID, Artifact_ID) VALUES (5107, 3015);
INSERT INTO Event_Affects_Artifact (Event_ID, Artifact_ID) VALUES (5109, 3023);
INSERT INTO Event_Affects_Artifact (Event_ID, Artifact_ID) VALUES (5109, 3058);
INSERT INTO Event_Affects_Artifact (Event_ID, Artifact_ID) VALUES (5110, 3076);
INSERT INTO Event_Affects_Artifact (Event_ID, Artifact_ID) VALUES (5111, 3098);
INSERT INTO Event_Affects_Artifact (Event_ID, Artifact_ID) VALUES (5112, 3065);
INSERT INTO Event_Affects_Artifact (Event_ID, Artifact_ID) VALUES (5114, 3011);
INSERT INTO Event_Affects_Artifact (Event_ID, Artifact_ID) VALUES (5114, 3074);
INSERT INTO Event_Affects_Artifact (Event_ID, Artifact_ID) VALUES (5115, 3041);
INSERT INTO Event_Affects_Artifact (Event_ID, Artifact_ID) VALUES (5116, 3058);
INSERT INTO Event_Affects_Artifact (Event_ID, Artifact_ID) VALUES (5117, 3084);
INSERT INTO Event_Affects_Artifact (Event_ID, Artifact_ID) VALUES (5118, 3027);
INSERT INTO Event_Affects_Artifact (Event_ID, Artifact_ID) VALUES (5119, 3119);
INSERT INTO Event_Affects_Artifact (Event_ID, Artifact_ID) VALUES (5124, 3074);
INSERT INTO Event_Affects_Artifact (Event_ID, Artifact_ID) VALUES (5125, 3029);
INSERT INTO Event_Affects_Artifact (Event_ID, Artifact_ID) VALUES (5125, 3032);
INSERT INTO Event_Affects_Artifact (Event_ID, Artifact_ID) VALUES (5127, 3022);
INSERT INTO Event_Affects_Artifact (Event_ID, Artifact_ID) VALUES (5127, 3028);
INSERT INTO Event_Affects_Artifact (Event_ID, Artifact_ID) VALUES (5127, 3035);
INSERT INTO Event_Affects_Artifact (Event_ID, Artifact_ID) VALUES (5128, 3023);
INSERT INTO Event_Affects_Artifact (Event_ID, Artifact_ID) VALUES (5130, 3065);
INSERT INTO Event_Affects_Artifact (Event_ID, Artifact_ID) VALUES (5130, 3077);
INSERT INTO Event_Affects_Artifact (Event_ID, Artifact_ID) VALUES (5131, 3016);
INSERT INTO Event_Affects_Artifact (Event_ID, Artifact_ID) VALUES (5131, 3037);
INSERT INTO Event_Affects_Artifact (Event_ID, Artifact_ID) VALUES (5132, 3109);
INSERT INTO Event_Affects_Artifact (Event_ID, Artifact_ID) VALUES (5134, 3008);
INSERT INTO Event_Affects_Artifact (Event_ID, Artifact_ID) VALUES (5134, 3060);
INSERT INTO Event_Affects_Artifact (Event_ID, Artifact_ID) VALUES (5135, 3111);
INSERT INTO Event_Affects_Artifact (Event_ID, Artifact_ID) VALUES (5136, 3070);
INSERT INTO Event_Affects_Artifact (Event_ID, Artifact_ID) VALUES (5136, 3097);
INSERT INTO Event_Affects_Artifact (Event_ID, Artifact_ID) VALUES (5137, 3029);
INSERT INTO Event_Affects_Artifact (Event_ID, Artifact_ID) VALUES (5140, 3002);
INSERT INTO Event_Affects_Artifact (Event_ID, Artifact_ID) VALUES (5140, 3013);
INSERT INTO Event_Affects_Artifact (Event_ID, Artifact_ID) VALUES (5141, 3059);
INSERT INTO Event_Affects_Artifact (Event_ID, Artifact_ID) VALUES (5141, 3068);
INSERT INTO Event_Affects_Artifact (Event_ID, Artifact_ID) VALUES (5142, 3011);
INSERT INTO Event_Affects_Artifact (Event_ID, Artifact_ID) VALUES (5143, 3083);
INSERT INTO Event_Affects_Artifact (Event_ID, Artifact_ID) VALUES (5144, 3113);
INSERT INTO Event_Affects_Artifact (Event_ID, Artifact_ID) VALUES (5145, 3014);
INSERT INTO Event_Affects_Artifact (Event_ID, Artifact_ID) VALUES (5153, 3029);
INSERT INTO Event_Affects_Artifact (Event_ID, Artifact_ID) VALUES (5154, 3042);
INSERT INTO Event_Affects_Artifact (Event_ID, Artifact_ID) VALUES (5155, 3007);
INSERT INTO Event_Affects_Artifact (Event_ID, Artifact_ID) VALUES (5155, 3020);
INSERT INTO Event_Affects_Artifact (Event_ID, Artifact_ID) VALUES (5155, 3047);
INSERT INTO Event_Affects_Artifact (Event_ID, Artifact_ID) VALUES (5156, 3040);
INSERT INTO Event_Affects_Artifact (Event_ID, Artifact_ID) VALUES (5156, 3051);
INSERT INTO Event_Affects_Artifact (Event_ID, Artifact_ID) VALUES (5157, 3023);
INSERT INTO Event_Affects_Artifact (Event_ID, Artifact_ID) VALUES (5157, 3064);
INSERT INTO Event_Affects_Artifact (Event_ID, Artifact_ID) VALUES (5158, 3107);
INSERT INTO Event_Affects_Artifact (Event_ID, Artifact_ID) VALUES (5159, 3060);
INSERT INTO Event_Affects_Artifact (Event_ID, Artifact_ID) VALUES (5163, 3101);
INSERT INTO Event_Affects_Artifact (Event_ID, Artifact_ID) VALUES (5164, 3059);
INSERT INTO Event_Affects_Artifact (Event_ID, Artifact_ID) VALUES (5165, 3001);
INSERT INTO Event_Affects_Artifact (Event_ID, Artifact_ID) VALUES (5165, 3005);
INSERT INTO Event_Affects_Artifact (Event_ID, Artifact_ID) VALUES (5165, 3084);
INSERT INTO Event_Affects_Artifact (Event_ID, Artifact_ID) VALUES (5166, 3099);
INSERT INTO Event_Affects_Artifact (Event_ID, Artifact_ID) VALUES (5167, 3068);
INSERT INTO Event_Affects_Artifact (Event_ID, Artifact_ID) VALUES (5167, 3073);
INSERT INTO Event_Affects_Artifact (Event_ID, Artifact_ID) VALUES (5170, 3093);
INSERT INTO Event_Affects_Artifact (Event_ID, Artifact_ID) VALUES (5172, 3043);
INSERT INTO Event_Affects_Artifact (Event_ID, Artifact_ID) VALUES (5173, 3058);
INSERT INTO Event_Affects_Artifact (Event_ID, Artifact_ID) VALUES (5174, 3035);
INSERT INTO Event_Affects_Artifact (Event_ID, Artifact_ID) VALUES (5174, 3103);
INSERT INTO Event_Affects_Artifact (Event_ID, Artifact_ID) VALUES (5175, 3081);
INSERT INTO Event_Affects_Artifact (Event_ID, Artifact_ID) VALUES (5176, 3024);
INSERT INTO Event_Affects_Artifact (Event_ID, Artifact_ID) VALUES (5178, 3114);
INSERT INTO Event_Affects_Artifact (Event_ID, Artifact_ID) VALUES (5181, 3003);
INSERT INTO Event_Affects_Artifact (Event_ID, Artifact_ID) VALUES (5181, 3046);
INSERT INTO Event_Affects_Artifact (Event_ID, Artifact_ID) VALUES (5181, 3082);
INSERT INTO Event_Affects_Artifact (Event_ID, Artifact_ID) VALUES (5181, 3106);
INSERT INTO Event_Affects_Artifact (Event_ID, Artifact_ID) VALUES (5181, 3114);
INSERT INTO Event_Affects_Artifact (Event_ID, Artifact_ID) VALUES (5184, 3061);
INSERT INTO Event_Affects_Artifact (Event_ID, Artifact_ID) VALUES (5185, 3042);
INSERT INTO Event_Affects_Artifact (Event_ID, Artifact_ID) VALUES (5189, 3056);
INSERT INTO Event_Affects_Artifact (Event_ID, Artifact_ID) VALUES (5190, 3079);
INSERT INTO Event_Affects_Artifact (Event_ID, Artifact_ID) VALUES (5192, 3007);
INSERT INTO Event_Affects_Artifact (Event_ID, Artifact_ID) VALUES (5194, 3102);
INSERT INTO Event_Affects_Artifact (Event_ID, Artifact_ID) VALUES (5195, 3041);
INSERT INTO Event_Affects_Artifact (Event_ID, Artifact_ID) VALUES (5199, 3088);
INSERT INTO Event_Affects_Artifact (Event_ID, Artifact_ID) VALUES (5201, 3097);
INSERT INTO Event_Affects_Artifact (Event_ID, Artifact_ID) VALUES (5202, 3103);
INSERT INTO Event_Affects_Artifact (Event_ID, Artifact_ID) VALUES (5207, 3057);
INSERT INTO Event_Affects_Artifact (Event_ID, Artifact_ID) VALUES (5208, 3005);
INSERT INTO Event_Affects_Artifact (Event_ID, Artifact_ID) VALUES (5210, 3054);
INSERT INTO Event_Affects_Artifact (Event_ID, Artifact_ID) VALUES (5212, 3024);
INSERT INTO Event_Affects_Artifact (Event_ID, Artifact_ID) VALUES (5212, 3105);
INSERT INTO Event_Affects_Artifact (Event_ID, Artifact_ID) VALUES (5213, 3000);
INSERT INTO Event_Affects_Artifact (Event_ID, Artifact_ID) VALUES (5214, 3008);
INSERT INTO Event_Affects_Artifact (Event_ID, Artifact_ID) VALUES (5215, 3051);
INSERT INTO Event_Affects_Artifact (Event_ID, Artifact_ID) VALUES (5216, 3047);
INSERT INTO Event_Affects_Artifact (Event_ID, Artifact_ID) VALUES (5217, 3034);
INSERT INTO Event_Affects_Artifact (Event_ID, Artifact_ID) VALUES (5217, 3072);
INSERT INTO Event_Affects_Artifact (Event_ID, Artifact_ID) VALUES (5218, 3019);
INSERT INTO Event_Affects_Artifact (Event_ID, Artifact_ID) VALUES (5218, 3082);
INSERT INTO Event_Affects_Artifact (Event_ID, Artifact_ID) VALUES (5218, 3101);
INSERT INTO Event_Affects_Artifact (Event_ID, Artifact_ID) VALUES (5220, 3104);
INSERT INTO Event_Affects_Artifact (Event_ID, Artifact_ID) VALUES (5223, 3004);
INSERT INTO Event_Affects_Artifact (Event_ID, Artifact_ID) VALUES (5224, 3031);
INSERT INTO Event_Affects_Artifact (Event_ID, Artifact_ID) VALUES (5224, 3051);
INSERT INTO Event_Affects_Artifact (Event_ID, Artifact_ID) VALUES (5225, 3015);
INSERT INTO Event_Affects_Artifact (Event_ID, Artifact_ID) VALUES (5225, 3109);
INSERT INTO Event_Affects_Artifact (Event_ID, Artifact_ID) VALUES (5226, 3099);
INSERT INTO Event_Affects_Artifact (Event_ID, Artifact_ID) VALUES (5230, 3039);
INSERT INTO Event_Affects_Artifact (Event_ID, Artifact_ID) VALUES (5231, 3113);
INSERT INTO Event_Affects_Artifact (Event_ID, Artifact_ID) VALUES (5233, 3022);
INSERT INTO Event_Affects_Artifact (Event_ID, Artifact_ID) VALUES (5233, 3084);
INSERT INTO Event_Affects_Artifact (Event_ID, Artifact_ID) VALUES (5233, 3098);
INSERT INTO Event_Affects_Artifact (Event_ID, Artifact_ID) VALUES (5234, 3083);
INSERT INTO Event_Affects_Artifact (Event_ID, Artifact_ID) VALUES (5237, 3053);
INSERT INTO Event_Affects_Artifact (Event_ID, Artifact_ID) VALUES (5239, 3078);
INSERT INTO Event_Affects_Artifact (Event_ID, Artifact_ID) VALUES (5240, 3004);
INSERT INTO Event_Affects_Artifact (Event_ID, Artifact_ID) VALUES (5240, 3005);
INSERT INTO Event_Affects_Artifact (Event_ID, Artifact_ID) VALUES (5240, 3115);
INSERT INTO Event_Affects_Artifact (Event_ID, Artifact_ID) VALUES (5241, 3013);
INSERT INTO Event_Affects_Artifact (Event_ID, Artifact_ID) VALUES (5241, 3017);
INSERT INTO Event_Affects_Artifact (Event_ID, Artifact_ID) VALUES (5244, 3059);
INSERT INTO Event_Affects_Artifact (Event_ID, Artifact_ID) VALUES (5244, 3063);
INSERT INTO Event_Affects_Artifact (Event_ID, Artifact_ID) VALUES (5247, 3109);
INSERT INTO Event_Affects_Artifact (Event_ID, Artifact_ID) VALUES (5249, 3038);
INSERT INTO Event_Affects_Artifact (Event_ID, Artifact_ID) VALUES (5249, 3102);
INSERT INTO Event_Affects_Artifact (Event_ID, Artifact_ID) VALUES (5250, 3094);
INSERT INTO Event_Affects_Artifact (Event_ID, Artifact_ID) VALUES (5251, 3036);
INSERT INTO Event_Affects_Artifact (Event_ID, Artifact_ID) VALUES (5252, 3080);
INSERT INTO Event_Affects_Artifact (Event_ID, Artifact_ID) VALUES (5253, 3020);
INSERT INTO Event_Affects_Artifact (Event_ID, Artifact_ID) VALUES (5254, 3026);
INSERT INTO Event_Affects_Artifact (Event_ID, Artifact_ID) VALUES (5257, 3039);
INSERT INTO Event_Affects_Artifact (Event_ID, Artifact_ID) VALUES (5258, 3111);
INSERT INTO Event_Affects_Artifact (Event_ID, Artifact_ID) VALUES (5259, 3061);
INSERT INTO Event_Affects_Artifact (Event_ID, Artifact_ID) VALUES (5260, 3060);
INSERT INTO Event_Affects_Artifact (Event_ID, Artifact_ID) VALUES (5262, 3047);
INSERT INTO Event_Affects_Artifact (Event_ID, Artifact_ID) VALUES (5262, 3108);
INSERT INTO Event_Affects_Artifact (Event_ID, Artifact_ID) VALUES (5263, 3036);
INSERT INTO Event_Affects_Artifact (Event_ID, Artifact_ID) VALUES (5264, 3015);
INSERT INTO Event_Affects_Artifact (Event_ID, Artifact_ID) VALUES (5264, 3060);
INSERT INTO Event_Affects_Artifact (Event_ID, Artifact_ID) VALUES (5265, 3019);
INSERT INTO Event_Affects_Artifact (Event_ID, Artifact_ID) VALUES (5266, 3066);
INSERT INTO Event_Affects_Artifact (Event_ID, Artifact_ID) VALUES (5267, 3031);
INSERT INTO Event_Affects_Artifact (Event_ID, Artifact_ID) VALUES (5270, 3007);
INSERT INTO Event_Affects_Artifact (Event_ID, Artifact_ID) VALUES (5270, 3099);
INSERT INTO Event_Affects_Artifact (Event_ID, Artifact_ID) VALUES (5272, 3031);
INSERT INTO Event_Affects_Artifact (Event_ID, Artifact_ID) VALUES (5273, 3077);
INSERT INTO Event_Affects_Artifact (Event_ID, Artifact_ID) VALUES (5274, 3056);
INSERT INTO Event_Affects_Artifact (Event_ID, Artifact_ID) VALUES (5276, 3044);
INSERT INTO Event_Affects_Artifact (Event_ID, Artifact_ID) VALUES (5276, 3046);
INSERT INTO Event_Affects_Artifact (Event_ID, Artifact_ID) VALUES (5276, 3048);
INSERT INTO Event_Affects_Artifact (Event_ID, Artifact_ID) VALUES (5277, 3075);
INSERT INTO Event_Affects_Artifact (Event_ID, Artifact_ID) VALUES (5279, 3056);
INSERT INTO Event_Affects_Artifact (Event_ID, Artifact_ID) VALUES (5279, 3097);
INSERT INTO Event_Affects_Artifact (Event_ID, Artifact_ID) VALUES (5285, 3067);
INSERT INTO Event_Affects_Artifact (Event_ID, Artifact_ID) VALUES (5285, 3071);
INSERT INTO Event_Affects_Artifact (Event_ID, Artifact_ID) VALUES (5285, 3099);
INSERT INTO Event_Affects_Artifact (Event_ID, Artifact_ID) VALUES (5287, 3011);
INSERT INTO Event_Affects_Artifact (Event_ID, Artifact_ID) VALUES (5289, 3001);
INSERT INTO Event_Affects_Artifact (Event_ID, Artifact_ID) VALUES (5289, 3011);
INSERT INTO Event_Affects_Artifact (Event_ID, Artifact_ID) VALUES (5291, 3001);
INSERT INTO Event_Affects_Artifact (Event_ID, Artifact_ID) VALUES (5292, 3061);
INSERT INTO Event_Affects_Artifact (Event_ID, Artifact_ID) VALUES (5292, 3086);
INSERT INTO Event_Affects_Artifact (Event_ID, Artifact_ID) VALUES (5293, 3025);
INSERT INTO Event_Affects_Artifact (Event_ID, Artifact_ID) VALUES (5293, 3118);
INSERT INTO Event_Affects_Artifact (Event_ID, Artifact_ID) VALUES (5294, 3037);
INSERT INTO Event_Affects_Artifact (Event_ID, Artifact_ID) VALUES (5294, 3042);
INSERT INTO Event_Affects_Artifact (Event_ID, Artifact_ID) VALUES (5294, 3118);
INSERT INTO Event_Affects_Artifact (Event_ID, Artifact_ID) VALUES (5295, 3019);
INSERT INTO Event_Affects_Artifact (Event_ID, Artifact_ID) VALUES (5295, 3113);
INSERT INTO Event_Affects_Artifact (Event_ID, Artifact_ID) VALUES (5296, 3092);
INSERT INTO Event_Affects_Artifact (Event_ID, Artifact_ID) VALUES (5296, 3094);
INSERT INTO Event_Affects_Artifact (Event_ID, Artifact_ID) VALUES (5297, 3055);
INSERT INTO Event_Affects_Artifact (Event_ID, Artifact_ID) VALUES (5301, 3038);
INSERT INTO Event_Affects_Artifact (Event_ID, Artifact_ID) VALUES (5301, 3103);
INSERT INTO Event_Affects_Artifact (Event_ID, Artifact_ID) VALUES (5302, 3104);
INSERT INTO Event_Affects_Artifact (Event_ID, Artifact_ID) VALUES (5307, 3034);
INSERT INTO Event_Affects_Artifact (Event_ID, Artifact_ID) VALUES (5308, 3103);
INSERT INTO Event_Affects_Artifact (Event_ID, Artifact_ID) VALUES (5309, 3045);
INSERT INTO Event_Affects_Artifact (Event_ID, Artifact_ID) VALUES (5310, 3075);
INSERT INTO Event_Affects_Artifact (Event_ID, Artifact_ID) VALUES (5312, 3026);
INSERT INTO Event_Affects_Artifact (Event_ID, Artifact_ID) VALUES (5312, 3084);
INSERT INTO Event_Affects_Artifact (Event_ID, Artifact_ID) VALUES (5314, 3013);
INSERT INTO Event_Affects_Artifact (Event_ID, Artifact_ID) VALUES (5314, 3085);
INSERT INTO Event_Affects_Artifact (Event_ID, Artifact_ID) VALUES (5316, 3064);
INSERT INTO Event_Affects_Artifact (Event_ID, Artifact_ID) VALUES (5318, 3033);
INSERT INTO Event_Affects_Artifact (Event_ID, Artifact_ID) VALUES (5318, 3041);
INSERT INTO Event_Affects_Artifact (Event_ID, Artifact_ID) VALUES (5320, 3047);
INSERT INTO Event_Affects_Artifact (Event_ID, Artifact_ID) VALUES (5320, 3056);
INSERT INTO Event_Affects_Artifact (Event_ID, Artifact_ID) VALUES (5321, 3111);
INSERT INTO Event_Affects_Artifact (Event_ID, Artifact_ID) VALUES (5323, 3006);
INSERT INTO Event_Affects_Artifact (Event_ID, Artifact_ID) VALUES (5324, 3008);
INSERT INTO Event_Affects_Artifact (Event_ID, Artifact_ID) VALUES (5324, 3009);
INSERT INTO Event_Affects_Artifact (Event_ID, Artifact_ID) VALUES (5325, 3078);
INSERT INTO Event_Affects_Artifact (Event_ID, Artifact_ID) VALUES (5326, 3000);
INSERT INTO Event_Affects_Artifact (Event_ID, Artifact_ID) VALUES (5327, 3043);
INSERT INTO Event_Affects_Artifact (Event_ID, Artifact_ID) VALUES (5329, 3024);
INSERT INTO Event_Affects_Artifact (Event_ID, Artifact_ID) VALUES (5330, 3038);
INSERT INTO Event_Affects_Artifact (Event_ID, Artifact_ID) VALUES (5331, 3073);
INSERT INTO Event_Affects_Artifact (Event_ID, Artifact_ID) VALUES (5332, 3024);
INSERT INTO Event_Affects_Artifact (Event_ID, Artifact_ID) VALUES (5333, 3042);
INSERT INTO Event_Affects_Artifact (Event_ID, Artifact_ID) VALUES (5333, 3082);
INSERT INTO Event_Affects_Artifact (Event_ID, Artifact_ID) VALUES (5333, 3109);
INSERT INTO Event_Affects_Artifact (Event_ID, Artifact_ID) VALUES (5334, 3076);
INSERT INTO Event_Affects_Artifact (Event_ID, Artifact_ID) VALUES (5337, 3010);
INSERT INTO Event_Affects_Artifact (Event_ID, Artifact_ID) VALUES (5338, 3018);
INSERT INTO Event_Affects_Artifact (Event_ID, Artifact_ID) VALUES (5338, 3033);
INSERT INTO Event_Affects_Artifact (Event_ID, Artifact_ID) VALUES (5338, 3037);
INSERT INTO Event_Affects_Artifact (Event_ID, Artifact_ID) VALUES (5338, 3091);
INSERT INTO Event_Affects_Artifact (Event_ID, Artifact_ID) VALUES (5340, 3025);
INSERT INTO Event_Affects_Artifact (Event_ID, Artifact_ID) VALUES (5342, 3075);
INSERT INTO Event_Affects_Artifact (Event_ID, Artifact_ID) VALUES (5344, 3038);
INSERT INTO Event_Affects_Artifact (Event_ID, Artifact_ID) VALUES (5345, 3098);
INSERT INTO Event_Affects_Artifact (Event_ID, Artifact_ID) VALUES (5347, 3071);
INSERT INTO Event_Affects_Artifact (Event_ID, Artifact_ID) VALUES (5350, 3038);
INSERT INTO Event_Affects_Artifact (Event_ID, Artifact_ID) VALUES (5351, 3068);
INSERT INTO Event_Affects_Artifact (Event_ID, Artifact_ID) VALUES (5353, 3002);
INSERT INTO Event_Affects_Artifact (Event_ID, Artifact_ID) VALUES (5353, 3091);
INSERT INTO Event_Affects_Artifact (Event_ID, Artifact_ID) VALUES (5354, 3094);
INSERT INTO Event_Affects_Artifact (Event_ID, Artifact_ID) VALUES (5355, 3060);
INSERT INTO Event_Affects_Artifact (Event_ID, Artifact_ID) VALUES (5358, 3091);
INSERT INTO Event_Affects_Artifact (Event_ID, Artifact_ID) VALUES (5359, 3010);
INSERT INTO Event_Affects_Artifact (Event_ID, Artifact_ID) VALUES (5360, 3033);
INSERT INTO Event_Affects_Artifact (Event_ID, Artifact_ID) VALUES (5361, 3062);
INSERT INTO Event_Affects_Artifact (Event_ID, Artifact_ID) VALUES (5363, 3059);
INSERT INTO Event_Affects_Artifact (Event_ID, Artifact_ID) VALUES (5366, 3012);
INSERT INTO Event_Affects_Artifact (Event_ID, Artifact_ID) VALUES (5366, 3111);
INSERT INTO Event_Affects_Artifact (Event_ID, Artifact_ID) VALUES (5367, 3051);
INSERT INTO Event_Affects_Artifact (Event_ID, Artifact_ID) VALUES (5369, 3067);
INSERT INTO Event_Affects_Artifact (Event_ID, Artifact_ID) VALUES (5369, 3075);
INSERT INTO Event_Affects_Artifact (Event_ID, Artifact_ID) VALUES (5370, 3061);
INSERT INTO Event_Affects_Artifact (Event_ID, Artifact_ID) VALUES (5373, 3082);
INSERT INTO Event_Affects_Artifact (Event_ID, Artifact_ID) VALUES (5373, 3084);
INSERT INTO Event_Affects_Artifact (Event_ID, Artifact_ID) VALUES (5375, 3052);
INSERT INTO Event_Affects_Artifact (Event_ID, Artifact_ID) VALUES (5375, 3106);
INSERT INTO Event_Affects_Artifact (Event_ID, Artifact_ID) VALUES (5376, 3009);
INSERT INTO Event_Affects_Artifact (Event_ID, Artifact_ID) VALUES (5376, 3111);
INSERT INTO Event_Affects_Artifact (Event_ID, Artifact_ID) VALUES (5378, 3019);
INSERT INTO Event_Affects_Artifact (Event_ID, Artifact_ID) VALUES (5378, 3025);
INSERT INTO Event_Affects_Artifact (Event_ID, Artifact_ID) VALUES (5378, 3040);
INSERT INTO Event_Affects_Artifact (Event_ID, Artifact_ID) VALUES (5379, 3103);
INSERT INTO Event_Affects_Artifact (Event_ID, Artifact_ID) VALUES (5380, 3012);
INSERT INTO Event_Affects_Artifact (Event_ID, Artifact_ID) VALUES (5380, 3024);
INSERT INTO Event_Affects_Artifact (Event_ID, Artifact_ID) VALUES (5381, 3040);
INSERT INTO Event_Affects_Artifact (Event_ID, Artifact_ID) VALUES (5382, 3113);
INSERT INTO Event_Affects_Artifact (Event_ID, Artifact_ID) VALUES (5382, 3115);
INSERT INTO Event_Affects_Artifact (Event_ID, Artifact_ID) VALUES (5382, 3119);
INSERT INTO Event_Affects_Artifact (Event_ID, Artifact_ID) VALUES (5383, 3009);
INSERT INTO Event_Affects_Artifact (Event_ID, Artifact_ID) VALUES (5383, 3040);
INSERT INTO Event_Affects_Artifact (Event_ID, Artifact_ID) VALUES (5383, 3106);
INSERT INTO Event_Affects_Artifact (Event_ID, Artifact_ID) VALUES (5384, 3009);
INSERT INTO Event_Affects_Artifact (Event_ID, Artifact_ID) VALUES (5386, 3052);
INSERT INTO Event_Affects_Artifact (Event_ID, Artifact_ID) VALUES (5386, 3058);
INSERT INTO Event_Affects_Artifact (Event_ID, Artifact_ID) VALUES (5389, 3055);
INSERT INTO Event_Affects_Artifact (Event_ID, Artifact_ID) VALUES (5389, 3074);
INSERT INTO Event_Affects_Artifact (Event_ID, Artifact_ID) VALUES (5390, 3004);
INSERT INTO Event_Affects_Artifact (Event_ID, Artifact_ID) VALUES (5390, 3051);
INSERT INTO Event_Affects_Artifact (Event_ID, Artifact_ID) VALUES (5390, 3066);
INSERT INTO Event_Affects_Artifact (Event_ID, Artifact_ID) VALUES (5390, 3076);
INSERT INTO Event_Affects_Artifact (Event_ID, Artifact_ID) VALUES (5392, 3050);
INSERT INTO Event_Affects_Artifact (Event_ID, Artifact_ID) VALUES (5392, 3067);
INSERT INTO Event_Affects_Artifact (Event_ID, Artifact_ID) VALUES (5392, 3087);
INSERT INTO Event_Affects_Artifact (Event_ID, Artifact_ID) VALUES (5393, 3065);
INSERT INTO Event_Affects_Artifact (Event_ID, Artifact_ID) VALUES (5394, 3008);
INSERT INTO Event_Affects_Artifact (Event_ID, Artifact_ID) VALUES (5394, 3048);
INSERT INTO Event_Affects_Artifact (Event_ID, Artifact_ID) VALUES (5394, 3105);
INSERT INTO Event_Affects_Artifact (Event_ID, Artifact_ID) VALUES (5395, 3057);
INSERT INTO Event_Affects_Artifact (Event_ID, Artifact_ID) VALUES (5395, 3070);
INSERT INTO Event_Affects_Artifact (Event_ID, Artifact_ID) VALUES (5399, 3016);
INSERT INTO Event_Affects_Artifact (Event_ID, Artifact_ID) VALUES (5399, 3084);
INSERT INTO Event_Affects_Artifact (Event_ID, Artifact_ID) VALUES (5399, 3092);
INSERT INTO Event_Affects_Artifact (Event_ID, Artifact_ID) VALUES (5400, 3006);
INSERT INTO Event_Affects_Artifact (Event_ID, Artifact_ID) VALUES (5400, 3046);
INSERT INTO Event_Affects_Artifact (Event_ID, Artifact_ID) VALUES (5402, 3021);
INSERT INTO Event_Affects_Artifact (Event_ID, Artifact_ID) VALUES (5403, 3053);
INSERT INTO Event_Affects_Artifact (Event_ID, Artifact_ID) VALUES (5404, 3068);
INSERT INTO Event_Affects_Artifact (Event_ID, Artifact_ID) VALUES (5406, 3025);
INSERT INTO Event_Affects_Artifact (Event_ID, Artifact_ID) VALUES (5406, 3030);
INSERT INTO Event_Affects_Artifact (Event_ID, Artifact_ID) VALUES (5408, 3027);
INSERT INTO Event_Affects_Artifact (Event_ID, Artifact_ID) VALUES (5408, 3041);
INSERT INTO Event_Affects_Artifact (Event_ID, Artifact_ID) VALUES (5408, 3094);
INSERT INTO Event_Affects_Artifact (Event_ID, Artifact_ID) VALUES (5409, 3049);
INSERT INTO Event_Affects_Artifact (Event_ID, Artifact_ID) VALUES (5409, 3064);
INSERT INTO Event_Affects_Artifact (Event_ID, Artifact_ID) VALUES (5410, 3026);
INSERT INTO Event_Affects_Artifact (Event_ID, Artifact_ID) VALUES (5412, 3017);
INSERT INTO Event_Affects_Artifact (Event_ID, Artifact_ID) VALUES (5414, 3049);
INSERT INTO Event_Affects_Artifact (Event_ID, Artifact_ID) VALUES (5414, 3085);
INSERT INTO Event_Affects_Artifact (Event_ID, Artifact_ID) VALUES (5418, 3037);
INSERT INTO Event_Affects_Artifact (Event_ID, Artifact_ID) VALUES (5418, 3073);
INSERT INTO Event_Affects_Artifact (Event_ID, Artifact_ID) VALUES (5419, 3055);
INSERT INTO Event_Affects_Artifact (Event_ID, Artifact_ID) VALUES (5419, 3090);
INSERT INTO Event_Affects_Artifact (Event_ID, Artifact_ID) VALUES (5421, 3023);
INSERT INTO Event_Affects_Artifact (Event_ID, Artifact_ID) VALUES (5422, 3019);
INSERT INTO Event_Affects_Artifact (Event_ID, Artifact_ID) VALUES (5424, 3049);
INSERT INTO Event_Affects_Artifact (Event_ID, Artifact_ID) VALUES (5426, 3047);
INSERT INTO Event_Affects_Artifact (Event_ID, Artifact_ID) VALUES (5427, 3048);
INSERT INTO Event_Affects_Artifact (Event_ID, Artifact_ID) VALUES (5430, 3033);
INSERT INTO Event_Affects_Artifact (Event_ID, Artifact_ID) VALUES (5432, 3005);
INSERT INTO Event_Affects_Artifact (Event_ID, Artifact_ID) VALUES (5434, 3083);
INSERT INTO Event_Affects_Artifact (Event_ID, Artifact_ID) VALUES (5435, 3004);
INSERT INTO Event_Affects_Artifact (Event_ID, Artifact_ID) VALUES (5435, 3011);
INSERT INTO Event_Affects_Artifact (Event_ID, Artifact_ID) VALUES (5436, 3020);
INSERT INTO Event_Affects_Artifact (Event_ID, Artifact_ID) VALUES (5436, 3046);
INSERT INTO Event_Affects_Artifact (Event_ID, Artifact_ID) VALUES (5436, 3073);
INSERT INTO Event_Affects_Artifact (Event_ID, Artifact_ID) VALUES (5437, 3094);
INSERT INTO Event_Affects_Artifact (Event_ID, Artifact_ID) VALUES (5438, 3043);
INSERT INTO Event_Affects_Artifact (Event_ID, Artifact_ID) VALUES (5438, 3106);
INSERT INTO Event_Affects_Artifact (Event_ID, Artifact_ID) VALUES (5438, 3114);
INSERT INTO Event_Affects_Artifact (Event_ID, Artifact_ID) VALUES (5439, 3012);
INSERT INTO Event_Affects_Artifact (Event_ID, Artifact_ID) VALUES (5440, 3115);
INSERT INTO Event_Affects_Artifact (Event_ID, Artifact_ID) VALUES (5441, 3056);
INSERT INTO Event_Affects_Artifact (Event_ID, Artifact_ID) VALUES (5443, 3094);
INSERT INTO Event_Affects_Artifact (Event_ID, Artifact_ID) VALUES (5444, 3095);
INSERT INTO Event_Affects_Artifact (Event_ID, Artifact_ID) VALUES (5445, 3040);
INSERT INTO Event_Affects_Artifact (Event_ID, Artifact_ID) VALUES (5445, 3100);
INSERT INTO Event_Affects_Artifact (Event_ID, Artifact_ID) VALUES (5446, 3062);
INSERT INTO Event_Affects_Artifact (Event_ID, Artifact_ID) VALUES (5447, 3019);
INSERT INTO Event_Affects_Artifact (Event_ID, Artifact_ID) VALUES (5448, 3060);
INSERT INTO Event_Documented_By_Report (Event_ID, Report_ID) VALUES (5000, 11019);
INSERT INTO Event_Documented_By_Report (Event_ID, Report_ID) VALUES (5005, 11163);
INSERT INTO Event_Documented_By_Report (Event_ID, Report_ID) VALUES (5008, 11028);
INSERT INTO Event_Documented_By_Report (Event_ID, Report_ID) VALUES (5008, 11050);
INSERT INTO Event_Documented_By_Report (Event_ID, Report_ID) VALUES (5010, 11219);
INSERT INTO Event_Documented_By_Report (Event_ID, Report_ID) VALUES (5013, 11126);
INSERT INTO Event_Documented_By_Report (Event_ID, Report_ID) VALUES (5013, 11139);
INSERT INTO Event_Documented_By_Report (Event_ID, Report_ID) VALUES (5014, 11182);
INSERT INTO Event_Documented_By_Report (Event_ID, Report_ID) VALUES (5014, 11186);
INSERT INTO Event_Documented_By_Report (Event_ID, Report_ID) VALUES (5015, 11166);
INSERT INTO Event_Documented_By_Report (Event_ID, Report_ID) VALUES (5019, 11102);
INSERT INTO Event_Documented_By_Report (Event_ID, Report_ID) VALUES (5020, 11062);
INSERT INTO Event_Documented_By_Report (Event_ID, Report_ID) VALUES (5020, 11088);
INSERT INTO Event_Documented_By_Report (Event_ID, Report_ID) VALUES (5020, 11097);
INSERT INTO Event_Documented_By_Report (Event_ID, Report_ID) VALUES (5024, 11083);
INSERT INTO Event_Documented_By_Report (Event_ID, Report_ID) VALUES (5025, 11102);
INSERT INTO Event_Documented_By_Report (Event_ID, Report_ID) VALUES (5027, 11117);
INSERT INTO Event_Documented_By_Report (Event_ID, Report_ID) VALUES (5029, 11088);
INSERT INTO Event_Documented_By_Report (Event_ID, Report_ID) VALUES (5029, 11163);
INSERT INTO Event_Documented_By_Report (Event_ID, Report_ID) VALUES (5030, 11193);
INSERT INTO Event_Documented_By_Report (Event_ID, Report_ID) VALUES (5032, 11135);
INSERT INTO Event_Documented_By_Report (Event_ID, Report_ID) VALUES (5033, 11184);
INSERT INTO Event_Documented_By_Report (Event_ID, Report_ID) VALUES (5036, 11057);
INSERT INTO Event_Documented_By_Report (Event_ID, Report_ID) VALUES (5036, 11157);
INSERT INTO Event_Documented_By_Report (Event_ID, Report_ID) VALUES (5036, 11193);
INSERT INTO Event_Documented_By_Report (Event_ID, Report_ID) VALUES (5042, 11003);
INSERT INTO Event_Documented_By_Report (Event_ID, Report_ID) VALUES (5042, 11129);
INSERT INTO Event_Documented_By_Report (Event_ID, Report_ID) VALUES (5045, 11085);
INSERT INTO Event_Documented_By_Report (Event_ID, Report_ID) VALUES (5045, 11187);
INSERT INTO Event_Documented_By_Report (Event_ID, Report_ID) VALUES (5046, 11163);
INSERT INTO Event_Documented_By_Report (Event_ID, Report_ID) VALUES (5046, 11182);
INSERT INTO Event_Documented_By_Report (Event_ID, Report_ID) VALUES (5048, 11030);
INSERT INTO Event_Documented_By_Report (Event_ID, Report_ID) VALUES (5049, 11200);
INSERT INTO Event_Documented_By_Report (Event_ID, Report_ID) VALUES (5050, 11074);
INSERT INTO Event_Documented_By_Report (Event_ID, Report_ID) VALUES (5050, 11147);
INSERT INTO Event_Documented_By_Report (Event_ID, Report_ID) VALUES (5051, 11174);
INSERT INTO Event_Documented_By_Report (Event_ID, Report_ID) VALUES (5051, 11182);
INSERT INTO Event_Documented_By_Report (Event_ID, Report_ID) VALUES (5051, 11184);
INSERT INTO Event_Documented_By_Report (Event_ID, Report_ID) VALUES (5052, 11197);
INSERT INTO Event_Documented_By_Report (Event_ID, Report_ID) VALUES (5053, 11197);
INSERT INTO Event_Documented_By_Report (Event_ID, Report_ID) VALUES (5053, 11199);
INSERT INTO Event_Documented_By_Report (Event_ID, Report_ID) VALUES (5057, 11160);
INSERT INTO Event_Documented_By_Report (Event_ID, Report_ID) VALUES (5060, 11133);
INSERT INTO Event_Documented_By_Report (Event_ID, Report_ID) VALUES (5061, 11140);
INSERT INTO Event_Documented_By_Report (Event_ID, Report_ID) VALUES (5061, 11198);
INSERT INTO Event_Documented_By_Report (Event_ID, Report_ID) VALUES (5063, 11138);
INSERT INTO Event_Documented_By_Report (Event_ID, Report_ID) VALUES (5064, 11024);
INSERT INTO Event_Documented_By_Report (Event_ID, Report_ID) VALUES (5064, 11088);
INSERT INTO Event_Documented_By_Report (Event_ID, Report_ID) VALUES (5073, 11123);
INSERT INTO Event_Documented_By_Report (Event_ID, Report_ID) VALUES (5074, 11003);
INSERT INTO Event_Documented_By_Report (Event_ID, Report_ID) VALUES (5075, 11016);
INSERT INTO Event_Documented_By_Report (Event_ID, Report_ID) VALUES (5077, 11052);
INSERT INTO Event_Documented_By_Report (Event_ID, Report_ID) VALUES (5077, 11144);
INSERT INTO Event_Documented_By_Report (Event_ID, Report_ID) VALUES (5082, 11053);
INSERT INTO Event_Documented_By_Report (Event_ID, Report_ID) VALUES (5082, 11187);
INSERT INTO Event_Documented_By_Report (Event_ID, Report_ID) VALUES (5084, 11162);
INSERT INTO Event_Documented_By_Report (Event_ID, Report_ID) VALUES (5086, 11082);
INSERT INTO Event_Documented_By_Report (Event_ID, Report_ID) VALUES (5087, 11005);
INSERT INTO Event_Documented_By_Report (Event_ID, Report_ID) VALUES (5088, 11216);
INSERT INTO Event_Documented_By_Report (Event_ID, Report_ID) VALUES (5092, 11006);
INSERT INTO Event_Documented_By_Report (Event_ID, Report_ID) VALUES (5093, 11101);
INSERT INTO Event_Documented_By_Report (Event_ID, Report_ID) VALUES (5095, 11217);
INSERT INTO Event_Documented_By_Report (Event_ID, Report_ID) VALUES (5097, 11148);
INSERT INTO Event_Documented_By_Report (Event_ID, Report_ID) VALUES (5098, 11105);
INSERT INTO Event_Documented_By_Report (Event_ID, Report_ID) VALUES (5099, 11036);
INSERT INTO Event_Documented_By_Report (Event_ID, Report_ID) VALUES (5099, 11063);
INSERT INTO Event_Documented_By_Report (Event_ID, Report_ID) VALUES (5101, 11023);
INSERT INTO Event_Documented_By_Report (Event_ID, Report_ID) VALUES (5103, 11067);
INSERT INTO Event_Documented_By_Report (Event_ID, Report_ID) VALUES (5103, 11071);
INSERT INTO Event_Documented_By_Report (Event_ID, Report_ID) VALUES (5110, 11145);
INSERT INTO Event_Documented_By_Report (Event_ID, Report_ID) VALUES (5113, 11198);
INSERT INTO Event_Documented_By_Report (Event_ID, Report_ID) VALUES (5114, 11213);
INSERT INTO Event_Documented_By_Report (Event_ID, Report_ID) VALUES (5116, 11081);
INSERT INTO Event_Documented_By_Report (Event_ID, Report_ID) VALUES (5116, 11117);
INSERT INTO Event_Documented_By_Report (Event_ID, Report_ID) VALUES (5117, 11177);
INSERT INTO Event_Documented_By_Report (Event_ID, Report_ID) VALUES (5119, 11145);
INSERT INTO Event_Documented_By_Report (Event_ID, Report_ID) VALUES (5123, 11217);
INSERT INTO Event_Documented_By_Report (Event_ID, Report_ID) VALUES (5124, 11100);
INSERT INTO Event_Documented_By_Report (Event_ID, Report_ID) VALUES (5124, 11149);
INSERT INTO Event_Documented_By_Report (Event_ID, Report_ID) VALUES (5125, 11057);
INSERT INTO Event_Documented_By_Report (Event_ID, Report_ID) VALUES (5127, 11070);
INSERT INTO Event_Documented_By_Report (Event_ID, Report_ID) VALUES (5128, 11091);
INSERT INTO Event_Documented_By_Report (Event_ID, Report_ID) VALUES (5128, 11181);
INSERT INTO Event_Documented_By_Report (Event_ID, Report_ID) VALUES (5129, 11091);
INSERT INTO Event_Documented_By_Report (Event_ID, Report_ID) VALUES (5129, 11186);
INSERT INTO Event_Documented_By_Report (Event_ID, Report_ID) VALUES (5134, 11037);
INSERT INTO Event_Documented_By_Report (Event_ID, Report_ID) VALUES (5141, 11035);
INSERT INTO Event_Documented_By_Report (Event_ID, Report_ID) VALUES (5141, 11064);
INSERT INTO Event_Documented_By_Report (Event_ID, Report_ID) VALUES (5141, 11145);
INSERT INTO Event_Documented_By_Report (Event_ID, Report_ID) VALUES (5143, 11215);
INSERT INTO Event_Documented_By_Report (Event_ID, Report_ID) VALUES (5149, 11057);
INSERT INTO Event_Documented_By_Report (Event_ID, Report_ID) VALUES (5150, 11157);
INSERT INTO Event_Documented_By_Report (Event_ID, Report_ID) VALUES (5151, 11062);
INSERT INTO Event_Documented_By_Report (Event_ID, Report_ID) VALUES (5151, 11099);
INSERT INTO Event_Documented_By_Report (Event_ID, Report_ID) VALUES (5152, 11210);
INSERT INTO Event_Documented_By_Report (Event_ID, Report_ID) VALUES (5155, 11084);
INSERT INTO Event_Documented_By_Report (Event_ID, Report_ID) VALUES (5157, 11115);
INSERT INTO Event_Documented_By_Report (Event_ID, Report_ID) VALUES (5158, 11129);
INSERT INTO Event_Documented_By_Report (Event_ID, Report_ID) VALUES (5158, 11137);
INSERT INTO Event_Documented_By_Report (Event_ID, Report_ID) VALUES (5159, 11053);
INSERT INTO Event_Documented_By_Report (Event_ID, Report_ID) VALUES (5159, 11134);
INSERT INTO Event_Documented_By_Report (Event_ID, Report_ID) VALUES (5160, 11026);
INSERT INTO Event_Documented_By_Report (Event_ID, Report_ID) VALUES (5161, 11001);
INSERT INTO Event_Documented_By_Report (Event_ID, Report_ID) VALUES (5163, 11138);
INSERT INTO Event_Documented_By_Report (Event_ID, Report_ID) VALUES (5164, 11034);
INSERT INTO Event_Documented_By_Report (Event_ID, Report_ID) VALUES (5164, 11211);
INSERT INTO Event_Documented_By_Report (Event_ID, Report_ID) VALUES (5165, 11057);
INSERT INTO Event_Documented_By_Report (Event_ID, Report_ID) VALUES (5168, 11107);
INSERT INTO Event_Documented_By_Report (Event_ID, Report_ID) VALUES (5172, 11206);
INSERT INTO Event_Documented_By_Report (Event_ID, Report_ID) VALUES (5176, 11090);
INSERT INTO Event_Documented_By_Report (Event_ID, Report_ID) VALUES (5180, 11157);
INSERT INTO Event_Documented_By_Report (Event_ID, Report_ID) VALUES (5181, 11134);
INSERT INTO Event_Documented_By_Report (Event_ID, Report_ID) VALUES (5182, 11019);
INSERT INTO Event_Documented_By_Report (Event_ID, Report_ID) VALUES (5183, 11150);
INSERT INTO Event_Documented_By_Report (Event_ID, Report_ID) VALUES (5184, 11148);
INSERT INTO Event_Documented_By_Report (Event_ID, Report_ID) VALUES (5185, 11138);
INSERT INTO Event_Documented_By_Report (Event_ID, Report_ID) VALUES (5186, 11060);
INSERT INTO Event_Documented_By_Report (Event_ID, Report_ID) VALUES (5186, 11205);
INSERT INTO Event_Documented_By_Report (Event_ID, Report_ID) VALUES (5191, 11040);
INSERT INTO Event_Documented_By_Report (Event_ID, Report_ID) VALUES (5195, 11010);
INSERT INTO Event_Documented_By_Report (Event_ID, Report_ID) VALUES (5197, 11026);
INSERT INTO Event_Documented_By_Report (Event_ID, Report_ID) VALUES (5200, 11151);
INSERT INTO Event_Documented_By_Report (Event_ID, Report_ID) VALUES (5202, 11055);
INSERT INTO Event_Documented_By_Report (Event_ID, Report_ID) VALUES (5203, 11034);
INSERT INTO Event_Documented_By_Report (Event_ID, Report_ID) VALUES (5203, 11158);
INSERT INTO Event_Documented_By_Report (Event_ID, Report_ID) VALUES (5204, 11160);
INSERT INTO Event_Documented_By_Report (Event_ID, Report_ID) VALUES (5205, 11031);
INSERT INTO Event_Documented_By_Report (Event_ID, Report_ID) VALUES (5207, 11080);
INSERT INTO Event_Documented_By_Report (Event_ID, Report_ID) VALUES (5207, 11218);
INSERT INTO Event_Documented_By_Report (Event_ID, Report_ID) VALUES (5208, 11036);
INSERT INTO Event_Documented_By_Report (Event_ID, Report_ID) VALUES (5210, 11035);
INSERT INTO Event_Documented_By_Report (Event_ID, Report_ID) VALUES (5211, 11186);
INSERT INTO Event_Documented_By_Report (Event_ID, Report_ID) VALUES (5211, 11205);
INSERT INTO Event_Documented_By_Report (Event_ID, Report_ID) VALUES (5212, 11142);
INSERT INTO Event_Documented_By_Report (Event_ID, Report_ID) VALUES (5217, 11219);
INSERT INTO Event_Documented_By_Report (Event_ID, Report_ID) VALUES (5220, 11094);
INSERT INTO Event_Documented_By_Report (Event_ID, Report_ID) VALUES (5220, 11180);
INSERT INTO Event_Documented_By_Report (Event_ID, Report_ID) VALUES (5221, 11107);
INSERT INTO Event_Documented_By_Report (Event_ID, Report_ID) VALUES (5223, 11016);
INSERT INTO Event_Documented_By_Report (Event_ID, Report_ID) VALUES (5223, 11141);
INSERT INTO Event_Documented_By_Report (Event_ID, Report_ID) VALUES (5224, 11092);
INSERT INTO Event_Documented_By_Report (Event_ID, Report_ID) VALUES (5225, 11165);
INSERT INTO Event_Documented_By_Report (Event_ID, Report_ID) VALUES (5225, 11218);
INSERT INTO Event_Documented_By_Report (Event_ID, Report_ID) VALUES (5226, 11211);
INSERT INTO Event_Documented_By_Report (Event_ID, Report_ID) VALUES (5227, 11036);
INSERT INTO Event_Documented_By_Report (Event_ID, Report_ID) VALUES (5228, 11200);
INSERT INTO Event_Documented_By_Report (Event_ID, Report_ID) VALUES (5232, 11039);
INSERT INTO Event_Documented_By_Report (Event_ID, Report_ID) VALUES (5233, 11217);
INSERT INTO Event_Documented_By_Report (Event_ID, Report_ID) VALUES (5234, 11178);
INSERT INTO Event_Documented_By_Report (Event_ID, Report_ID) VALUES (5235, 11146);
INSERT INTO Event_Documented_By_Report (Event_ID, Report_ID) VALUES (5238, 11068);
INSERT INTO Event_Documented_By_Report (Event_ID, Report_ID) VALUES (5238, 11109);
INSERT INTO Event_Documented_By_Report (Event_ID, Report_ID) VALUES (5241, 11059);
INSERT INTO Event_Documented_By_Report (Event_ID, Report_ID) VALUES (5243, 11119);
INSERT INTO Event_Documented_By_Report (Event_ID, Report_ID) VALUES (5243, 11137);
INSERT INTO Event_Documented_By_Report (Event_ID, Report_ID) VALUES (5244, 11180);
INSERT INTO Event_Documented_By_Report (Event_ID, Report_ID) VALUES (5248, 11089);
INSERT INTO Event_Documented_By_Report (Event_ID, Report_ID) VALUES (5249, 11143);
INSERT INTO Event_Documented_By_Report (Event_ID, Report_ID) VALUES (5249, 11194);
INSERT INTO Event_Documented_By_Report (Event_ID, Report_ID) VALUES (5253, 11056);
INSERT INTO Event_Documented_By_Report (Event_ID, Report_ID) VALUES (5254, 11151);
INSERT INTO Event_Documented_By_Report (Event_ID, Report_ID) VALUES (5255, 11219);
INSERT INTO Event_Documented_By_Report (Event_ID, Report_ID) VALUES (5259, 11181);
INSERT INTO Event_Documented_By_Report (Event_ID, Report_ID) VALUES (5265, 11148);
INSERT INTO Event_Documented_By_Report (Event_ID, Report_ID) VALUES (5267, 11026);
INSERT INTO Event_Documented_By_Report (Event_ID, Report_ID) VALUES (5267, 11107);
INSERT INTO Event_Documented_By_Report (Event_ID, Report_ID) VALUES (5268, 11012);
INSERT INTO Event_Documented_By_Report (Event_ID, Report_ID) VALUES (5271, 11042);
INSERT INTO Event_Documented_By_Report (Event_ID, Report_ID) VALUES (5272, 11090);
INSERT INTO Event_Documented_By_Report (Event_ID, Report_ID) VALUES (5275, 11045);
INSERT INTO Event_Documented_By_Report (Event_ID, Report_ID) VALUES (5275, 11189);
INSERT INTO Event_Documented_By_Report (Event_ID, Report_ID) VALUES (5276, 11156);
INSERT INTO Event_Documented_By_Report (Event_ID, Report_ID) VALUES (5280, 11039);
INSERT INTO Event_Documented_By_Report (Event_ID, Report_ID) VALUES (5282, 11145);
INSERT INTO Event_Documented_By_Report (Event_ID, Report_ID) VALUES (5284, 11171);
INSERT INTO Event_Documented_By_Report (Event_ID, Report_ID) VALUES (5285, 11197);
INSERT INTO Event_Documented_By_Report (Event_ID, Report_ID) VALUES (5286, 11075);
INSERT INTO Event_Documented_By_Report (Event_ID, Report_ID) VALUES (5286, 11114);
INSERT INTO Event_Documented_By_Report (Event_ID, Report_ID) VALUES (5286, 11166);
INSERT INTO Event_Documented_By_Report (Event_ID, Report_ID) VALUES (5289, 11096);
INSERT INTO Event_Documented_By_Report (Event_ID, Report_ID) VALUES (5291, 11021);
INSERT INTO Event_Documented_By_Report (Event_ID, Report_ID) VALUES (5294, 11099);
INSERT INTO Event_Documented_By_Report (Event_ID, Report_ID) VALUES (5294, 11214);
INSERT INTO Event_Documented_By_Report (Event_ID, Report_ID) VALUES (5296, 11032);
INSERT INTO Event_Documented_By_Report (Event_ID, Report_ID) VALUES (5299, 11043);
INSERT INTO Event_Documented_By_Report (Event_ID, Report_ID) VALUES (5299, 11172);
INSERT INTO Event_Documented_By_Report (Event_ID, Report_ID) VALUES (5302, 11111);
INSERT INTO Event_Documented_By_Report (Event_ID, Report_ID) VALUES (5302, 11214);
INSERT INTO Event_Documented_By_Report (Event_ID, Report_ID) VALUES (5304, 11017);
INSERT INTO Event_Documented_By_Report (Event_ID, Report_ID) VALUES (5306, 11125);
INSERT INTO Event_Documented_By_Report (Event_ID, Report_ID) VALUES (5306, 11169);
INSERT INTO Event_Documented_By_Report (Event_ID, Report_ID) VALUES (5307, 11198);
INSERT INTO Event_Documented_By_Report (Event_ID, Report_ID) VALUES (5307, 11199);
INSERT INTO Event_Documented_By_Report (Event_ID, Report_ID) VALUES (5308, 11027);
INSERT INTO Event_Documented_By_Report (Event_ID, Report_ID) VALUES (5308, 11153);
INSERT INTO Event_Documented_By_Report (Event_ID, Report_ID) VALUES (5309, 11058);
INSERT INTO Event_Documented_By_Report (Event_ID, Report_ID) VALUES (5309, 11107);
INSERT INTO Event_Documented_By_Report (Event_ID, Report_ID) VALUES (5310, 11132);
INSERT INTO Event_Documented_By_Report (Event_ID, Report_ID) VALUES (5310, 11214);
INSERT INTO Event_Documented_By_Report (Event_ID, Report_ID) VALUES (5312, 11013);
INSERT INTO Event_Documented_By_Report (Event_ID, Report_ID) VALUES (5313, 11123);
INSERT INTO Event_Documented_By_Report (Event_ID, Report_ID) VALUES (5316, 11057);
INSERT INTO Event_Documented_By_Report (Event_ID, Report_ID) VALUES (5316, 11112);
INSERT INTO Event_Documented_By_Report (Event_ID, Report_ID) VALUES (5318, 11127);
INSERT INTO Event_Documented_By_Report (Event_ID, Report_ID) VALUES (5321, 11153);
INSERT INTO Event_Documented_By_Report (Event_ID, Report_ID) VALUES (5321, 11190);
INSERT INTO Event_Documented_By_Report (Event_ID, Report_ID) VALUES (5322, 11084);
INSERT INTO Event_Documented_By_Report (Event_ID, Report_ID) VALUES (5324, 11219);
INSERT INTO Event_Documented_By_Report (Event_ID, Report_ID) VALUES (5325, 11067);
INSERT INTO Event_Documented_By_Report (Event_ID, Report_ID) VALUES (5327, 11047);
INSERT INTO Event_Documented_By_Report (Event_ID, Report_ID) VALUES (5327, 11130);
INSERT INTO Event_Documented_By_Report (Event_ID, Report_ID) VALUES (5330, 11107);
INSERT INTO Event_Documented_By_Report (Event_ID, Report_ID) VALUES (5330, 11141);
INSERT INTO Event_Documented_By_Report (Event_ID, Report_ID) VALUES (5331, 11082);
INSERT INTO Event_Documented_By_Report (Event_ID, Report_ID) VALUES (5331, 11201);
INSERT INTO Event_Documented_By_Report (Event_ID, Report_ID) VALUES (5338, 11112);
INSERT INTO Event_Documented_By_Report (Event_ID, Report_ID) VALUES (5338, 11115);
INSERT INTO Event_Documented_By_Report (Event_ID, Report_ID) VALUES (5340, 11068);
INSERT INTO Event_Documented_By_Report (Event_ID, Report_ID) VALUES (5340, 11126);
INSERT INTO Event_Documented_By_Report (Event_ID, Report_ID) VALUES (5341, 11070);
INSERT INTO Event_Documented_By_Report (Event_ID, Report_ID) VALUES (5341, 11214);
INSERT INTO Event_Documented_By_Report (Event_ID, Report_ID) VALUES (5342, 11006);
INSERT INTO Event_Documented_By_Report (Event_ID, Report_ID) VALUES (5344, 11070);
INSERT INTO Event_Documented_By_Report (Event_ID, Report_ID) VALUES (5344, 11181);
INSERT INTO Event_Documented_By_Report (Event_ID, Report_ID) VALUES (5348, 11150);
INSERT INTO Event_Documented_By_Report (Event_ID, Report_ID) VALUES (5349, 11090);
INSERT INTO Event_Documented_By_Report (Event_ID, Report_ID) VALUES (5354, 11034);
INSERT INTO Event_Documented_By_Report (Event_ID, Report_ID) VALUES (5354, 11203);
INSERT INTO Event_Documented_By_Report (Event_ID, Report_ID) VALUES (5355, 11056);
INSERT INTO Event_Documented_By_Report (Event_ID, Report_ID) VALUES (5356, 11019);
INSERT INTO Event_Documented_By_Report (Event_ID, Report_ID) VALUES (5356, 11172);
INSERT INTO Event_Documented_By_Report (Event_ID, Report_ID) VALUES (5358, 11164);
INSERT INTO Event_Documented_By_Report (Event_ID, Report_ID) VALUES (5359, 11063);
INSERT INTO Event_Documented_By_Report (Event_ID, Report_ID) VALUES (5361, 11203);
INSERT INTO Event_Documented_By_Report (Event_ID, Report_ID) VALUES (5364, 11075);
INSERT INTO Event_Documented_By_Report (Event_ID, Report_ID) VALUES (5364, 11193);
INSERT INTO Event_Documented_By_Report (Event_ID, Report_ID) VALUES (5366, 11038);
INSERT INTO Event_Documented_By_Report (Event_ID, Report_ID) VALUES (5366, 11087);
INSERT INTO Event_Documented_By_Report (Event_ID, Report_ID) VALUES (5367, 11179);
INSERT INTO Event_Documented_By_Report (Event_ID, Report_ID) VALUES (5367, 11190);
INSERT INTO Event_Documented_By_Report (Event_ID, Report_ID) VALUES (5368, 11087);
INSERT INTO Event_Documented_By_Report (Event_ID, Report_ID) VALUES (5368, 11089);
INSERT INTO Event_Documented_By_Report (Event_ID, Report_ID) VALUES (5369, 11076);
INSERT INTO Event_Documented_By_Report (Event_ID, Report_ID) VALUES (5370, 11187);
INSERT INTO Event_Documented_By_Report (Event_ID, Report_ID) VALUES (5371, 11189);
INSERT INTO Event_Documented_By_Report (Event_ID, Report_ID) VALUES (5375, 11156);
INSERT INTO Event_Documented_By_Report (Event_ID, Report_ID) VALUES (5375, 11190);
INSERT INTO Event_Documented_By_Report (Event_ID, Report_ID) VALUES (5379, 11102);
INSERT INTO Event_Documented_By_Report (Event_ID, Report_ID) VALUES (5380, 11156);
INSERT INTO Event_Documented_By_Report (Event_ID, Report_ID) VALUES (5382, 11066);
INSERT INTO Event_Documented_By_Report (Event_ID, Report_ID) VALUES (5385, 11089);
INSERT INTO Event_Documented_By_Report (Event_ID, Report_ID) VALUES (5386, 11040);
INSERT INTO Event_Documented_By_Report (Event_ID, Report_ID) VALUES (5387, 11097);
INSERT INTO Event_Documented_By_Report (Event_ID, Report_ID) VALUES (5387, 11143);
INSERT INTO Event_Documented_By_Report (Event_ID, Report_ID) VALUES (5388, 11045);
INSERT INTO Event_Documented_By_Report (Event_ID, Report_ID) VALUES (5389, 11083);
INSERT INTO Event_Documented_By_Report (Event_ID, Report_ID) VALUES (5391, 11034);
INSERT INTO Event_Documented_By_Report (Event_ID, Report_ID) VALUES (5391, 11061);
INSERT INTO Event_Documented_By_Report (Event_ID, Report_ID) VALUES (5391, 11206);
INSERT INTO Event_Documented_By_Report (Event_ID, Report_ID) VALUES (5392, 11138);
INSERT INTO Event_Documented_By_Report (Event_ID, Report_ID) VALUES (5393, 11203);
INSERT INTO Event_Documented_By_Report (Event_ID, Report_ID) VALUES (5398, 11110);
INSERT INTO Event_Documented_By_Report (Event_ID, Report_ID) VALUES (5399, 11208);
INSERT INTO Event_Documented_By_Report (Event_ID, Report_ID) VALUES (5402, 11040);
INSERT INTO Event_Documented_By_Report (Event_ID, Report_ID) VALUES (5406, 11164);
INSERT INTO Event_Documented_By_Report (Event_ID, Report_ID) VALUES (5407, 11137);
INSERT INTO Event_Documented_By_Report (Event_ID, Report_ID) VALUES (5408, 11130);
INSERT INTO Event_Documented_By_Report (Event_ID, Report_ID) VALUES (5409, 11136);
INSERT INTO Event_Documented_By_Report (Event_ID, Report_ID) VALUES (5410, 11067);
INSERT INTO Event_Documented_By_Report (Event_ID, Report_ID) VALUES (5412, 11124);
INSERT INTO Event_Documented_By_Report (Event_ID, Report_ID) VALUES (5412, 11214);
INSERT INTO Event_Documented_By_Report (Event_ID, Report_ID) VALUES (5413, 11211);
INSERT INTO Event_Documented_By_Report (Event_ID, Report_ID) VALUES (5415, 11055);
INSERT INTO Event_Documented_By_Report (Event_ID, Report_ID) VALUES (5416, 11206);
INSERT INTO Event_Documented_By_Report (Event_ID, Report_ID) VALUES (5417, 11100);
INSERT INTO Event_Documented_By_Report (Event_ID, Report_ID) VALUES (5417, 11204);
INSERT INTO Event_Documented_By_Report (Event_ID, Report_ID) VALUES (5419, 11130);
INSERT INTO Event_Documented_By_Report (Event_ID, Report_ID) VALUES (5419, 11174);
INSERT INTO Event_Documented_By_Report (Event_ID, Report_ID) VALUES (5420, 11057);
INSERT INTO Event_Documented_By_Report (Event_ID, Report_ID) VALUES (5421, 11041);
INSERT INTO Event_Documented_By_Report (Event_ID, Report_ID) VALUES (5423, 11181);
INSERT INTO Event_Documented_By_Report (Event_ID, Report_ID) VALUES (5424, 11028);
INSERT INTO Event_Documented_By_Report (Event_ID, Report_ID) VALUES (5424, 11078);
INSERT INTO Event_Documented_By_Report (Event_ID, Report_ID) VALUES (5427, 11046);
INSERT INTO Event_Documented_By_Report (Event_ID, Report_ID) VALUES (5427, 11089);
INSERT INTO Event_Documented_By_Report (Event_ID, Report_ID) VALUES (5428, 11179);
INSERT INTO Event_Documented_By_Report (Event_ID, Report_ID) VALUES (5429, 11065);
INSERT INTO Event_Documented_By_Report (Event_ID, Report_ID) VALUES (5429, 11112);
INSERT INTO Event_Documented_By_Report (Event_ID, Report_ID) VALUES (5430, 11174);
INSERT INTO Event_Documented_By_Report (Event_ID, Report_ID) VALUES (5431, 11192);
INSERT INTO Event_Documented_By_Report (Event_ID, Report_ID) VALUES (5432, 11188);
INSERT INTO Event_Documented_By_Report (Event_ID, Report_ID) VALUES (5438, 11181);
INSERT INTO Event_Documented_By_Report (Event_ID, Report_ID) VALUES (5440, 11135);
INSERT INTO Event_Documented_By_Report (Event_ID, Report_ID) VALUES (5442, 11092);
INSERT INTO Event_Documented_By_Report (Event_ID, Report_ID) VALUES (5442, 11133);
INSERT INTO Event_Documented_By_Report (Event_ID, Report_ID) VALUES (5442, 11140);
INSERT INTO Event_Documented_By_Report (Event_ID, Report_ID) VALUES (5445, 11170);
INSERT INTO Event_Documented_By_Report (Event_ID, Report_ID) VALUES (5448, 11069);
INSERT INTO Event_Documented_By_Report (Event_ID, Report_ID) VALUES (5448, 11181);
